ISO-10303-21;
HEADER;
FILE_DESCRIPTION (( 'STEP AP214' ),
    '1' );
FILE_NAME ('CUI_DEVICES_CMM-3424DT-26165-TR.step',
    '2024-05-13T16:27:00',
    ( '' ),
    ( '' ),
    'SwSTEP 2.0',
    'SolidWorks 2024',
    '' );
FILE_SCHEMA (( 'AUTOMOTIVE_DESIGN' ));
ENDSEC;

DATA;
#1 = CARTESIAN_POINT ( 'NONE',  ( 0.04822834645669291098, -0.01456692913385826751, 0.06791338582677165780 ) ) ;
#2 = VERTEX_POINT ( 'NONE', #3094 ) ;
#3 = CARTESIAN_POINT ( 'NONE',  ( 0.02559055118110236879, -0.01437007874015748012, -0.06988188976377952832 ) ) ;
#4 = AXIS2_PLACEMENT_3D ( 'NONE', #457, #1630, #1903 ) ;
#5 = CARTESIAN_POINT ( 'NONE',  ( 0.04822834645669291098, -0.01437007874015748012, 0.06791338582677165780 ) ) ;
#6 = CARTESIAN_POINT ( 'NONE',  ( 0.02559055118110236879, -0.01456692913385826751, 0.007874015748031495954 ) ) ;
#7 = ORIENTED_EDGE ( 'NONE', *, *, #984, .T. ) ;
#8 = ORIENTED_EDGE ( 'NONE', *, *, #328, .F. ) ;
#9 = CARTESIAN_POINT ( 'NONE',  ( -0.02559055118110236879, -0.01437007874015748012, 0.06988188976377952832 ) ) ;
#10 = ORIENTED_EDGE ( 'NONE', *, *, #1975, .T. ) ;
#11 = CARTESIAN_POINT ( 'NONE',  ( 0.007874015748031495954, -0.01456692913385826751, 0.000000000000000000 ) ) ;
#12 = EDGE_CURVE ( 'NONE', #639, #3598, #1963, .T. ) ;
#13 = CARTESIAN_POINT ( 'NONE',  ( 0.02559055118110191082, -0.01417322834645669272, 0.06496062992126029612 ) ) ;
#14 = CARTESIAN_POINT ( 'NONE',  ( -0.007874015748031495954, -0.01456692913385826751, 0.04527559055118110520 ) ) ;
#15 = LINE ( 'NONE', #1848, #173 ) ;
#16 = ORIENTED_EDGE ( 'NONE', *, *, #2677, .F. ) ;
#17 = LINE ( 'NONE', #3236, #3738 ) ;
#18 = ADVANCED_FACE ( 'NONE', ( #1080 ), #2214, .F. ) ;
#19 = ADVANCED_FACE ( 'NONE', ( #1922 ), #458, .F. ) ;
#20 = PLANE ( 'NONE',  #1392 ) ;
#21 = ORIENTED_EDGE ( 'NONE', *, *, #1227, .F. ) ;
#22 = FACE_OUTER_BOUND ( 'NONE', #1809, .T. ) ;
#23 = ORIENTED_EDGE ( 'NONE', *, *, #3309, .F. ) ;
#24 = LINE ( 'NONE', #2373, #1173 ) ;
#25 = CARTESIAN_POINT ( 'NONE',  ( 0.000000000000000000, 0.03070866141732283769, -0.06692913385826770867 ) ) ;
#26 = ORIENTED_EDGE ( 'NONE', *, *, #3174, .F. ) ;
#27 = ORIENTED_EDGE ( 'NONE', *, *, #2729, .F. ) ;
#28 = DIRECTION ( 'NONE',  ( 0.000000000000000000, 0.000000000000000000, -1.000000000000000000 ) ) ;
#29 = ORIENTED_EDGE ( 'NONE', *, *, #2485, .F. ) ;
#30 = CARTESIAN_POINT ( 'NONE',  ( -0.04133858267716536417, -0.01456692913385826751, 0.04133858267716536417 ) ) ;
#31 = COLOUR_RGB ( '',0.7921568627450980005, 0.8196078431372548767, 0.9333333333333333481 ) ;
#32 = DIRECTION ( 'NONE',  ( 0.000000000000000000, 0.000000000000000000, 1.000000000000000000 ) ) ;
#33 = LINE ( 'NONE', #3506, #300 ) ;
#34 = DIRECTION ( 'NONE',  ( -0.000000000000000000, -1.000000000000000000, -0.000000000000000000 ) ) ;
#35 = ORIENTED_EDGE ( 'NONE', *, *, #2583, .T. ) ;
#36 = DIRECTION ( 'NONE',  ( 0.000000000000000000, 0.000000000000000000, 1.000000000000000000 ) ) ;
#37 = EDGE_CURVE ( 'NONE', #686, #1613, #1022, .T. ) ;
#38 = CARTESIAN_POINT ( 'NONE',  ( 0.02559055118110236879, -0.01456692913385826751, 0.007874015748031495954 ) ) ;
#39 = ORIENTED_EDGE ( 'NONE', *, *, #3530, .F. ) ;
#40 = LINE ( 'NONE', #1189, #3504 ) ;
#41 = EDGE_CURVE ( 'NONE', #1867, #663, #1889, .T. ) ;
#42 = DIRECTION ( 'NONE',  ( 0.000000000000000000, 0.000000000000000000, 1.000000000000000000 ) ) ;
#43 = ADVANCED_FACE ( 'NONE', ( #3771 ), #1707, .F. ) ;
#44 = CARTESIAN_POINT ( 'NONE',  ( 0.000000000000000000, -0.01456692913385826751, 0.07480314960629921850 ) ) ;
#45 = VERTEX_POINT ( 'NONE', #2037 ) ;
#46 = VECTOR ( 'NONE', #1023, 39.37007874015748143 ) ;
#47 = VERTEX_POINT ( 'NONE', #3467 ) ;
#48 = CARTESIAN_POINT ( 'NONE',  ( 0.05511811023622047168, -0.01456692913385826751, 0.04527559055118110520 ) ) ;
#49 = ORIENTED_EDGE ( 'NONE', *, *, #2421, .F. ) ;
#50 = CARTESIAN_POINT ( 'NONE',  ( 0.04133858267716536417, -0.01417322834645669272, -0.04133858267716536417 ) ) ;
#51 = COLOUR_RGB ( '',0.7921568627450980005, 0.8196078431372548767, 0.9333333333333333481 ) ;
#52 = VECTOR ( 'NONE', #1514, 39.37007874015748854 ) ;
#53 = UNCERTAINTY_MEASURE_WITH_UNIT (LENGTH_MEASURE( 1.000000000000000082E-05 ), #1635, 'distance_accuracy_value', 'NONE');
#54 = AXIS2_PLACEMENT_3D ( 'NONE', #801, #1976, #3147 ) ;
#55 = VECTOR ( 'NONE', #3343, 39.37007874015748143 ) ;
#56 = DIMENSIONAL_EXPONENTS ( 1.000000000000000000, 0.000000000000000000, 0.000000000000000000, 0.000000000000000000, 0.000000000000000000, 0.000000000000000000, 0.000000000000000000 ) ;
#57 = DIRECTION ( 'NONE',  ( 0.000000000000000000, 1.000000000000000000, 0.000000000000000000 ) ) ;
#58 = CARTESIAN_POINT ( 'NONE',  ( -0.01673228346456692717, -0.01456692913385826751, 0.04527559055118110520 ) ) ;
#59 = ORIENTED_EDGE ( 'NONE', *, *, #620, .F. ) ;
#60 = LINE ( 'NONE', #1884, #852 ) ;
#61 = VECTOR ( 'NONE', #758, 39.37007874015748143 ) ;
#62 = VECTOR ( 'NONE', #2046, 39.37007874015748143 ) ;
#63 = DIRECTION ( 'NONE',  ( 0.000000000000000000, -1.000000000000000000, 0.000000000000000000 ) ) ;
#64 = ORIENTED_EDGE ( 'NONE', *, *, #2583, .F. ) ;
#65 = LINE ( 'NONE', #2696, #1965 ) ;
#66 = EDGE_CURVE ( 'NONE', #552, #577, #1955, .T. ) ;
#67 = CARTESIAN_POINT ( 'NONE',  ( -0.04724409448818897572, 0.02480314960629921572, 0.05314960629921260116 ) ) ;
#68 = DIRECTION ( 'NONE',  ( 0.000000000000000000, -1.000000000000000000, 0.000000000000000000 ) ) ;
#69 = EDGE_LOOP ( 'NONE', ( #2922, #3473, #385, #1140 ) ) ;
#70 = AXIS2_PLACEMENT_3D ( 'NONE', #2229, #3668, #3707 ) ;
#71 = ORIENTED_EDGE ( 'NONE', *, *, #2067, .F. ) ;
#72 = CARTESIAN_POINT ( 'NONE',  ( 0.04527559055118110520, -0.01437007874015748012, -0.04527559055118110520 ) ) ;
#73 = ORIENTED_EDGE ( 'NONE', *, *, #2374, .F. ) ;
#74 = CARTESIAN_POINT ( 'NONE',  ( 0.007874015748031495954, -0.01456692913385826751, -0.04527559055118110520 ) ) ;
#75 = CARTESIAN_POINT ( 'NONE',  ( -0.03346456692913385433, 0.02480314960629921572, 0.06692913385826770867 ) ) ;
#76 = DIRECTION ( 'NONE',  ( 0.000000000000000000, -1.000000000000000000, 0.000000000000000000 ) ) ;
#77 = VERTEX_POINT ( 'NONE', #1157 ) ;
#78 = LINE ( 'NONE', #728, #2870 ) ;
#79 = CARTESIAN_POINT ( 'NONE',  ( 0.04822834645669291098, -0.01437007874015748012, 0.06791338582677165780 ) ) ;
#80 = FILL_AREA_STYLE_COLOUR ( '', #407 ) ;
#81 = ORIENTED_EDGE ( 'NONE', *, *, #2673, .F. ) ;
#82 = FACE_OUTER_BOUND ( 'NONE', #3215, .T. ) ;
#83 = DIRECTION ( 'NONE',  ( 0.000000000000000000, 0.000000000000000000, 1.000000000000000000 ) ) ;
#84 = LINE ( 'NONE', #3682, #1778 ) ;
#85 = ORIENTED_EDGE ( 'NONE', *, *, #511, .F. ) ;
#86 = ORIENTED_EDGE ( 'NONE', *, *, #2301, .F. ) ;
#87 = FACE_OUTER_BOUND ( 'NONE', #1905, .T. ) ;
#88 = EDGE_CURVE ( 'NONE', #2231, #643, #267, .T. ) ;
#89 = EDGE_CURVE ( 'NONE', #2827, #2008, #3155, .T. ) ;
#90 = ORIENTED_EDGE ( 'NONE', *, *, #3640, .F. ) ;
#91 = CARTESIAN_POINT ( 'NONE',  ( 0.05511811023622047168, -0.01417322834645669272, -0.04527559055118110520 ) ) ;
#92 = EDGE_CURVE ( 'NONE', #2808, #159, #2608, .T. ) ;
#93 = UNCERTAINTY_MEASURE_WITH_UNIT (LENGTH_MEASURE( 1.000000000000000082E-05 ), #3186, 'distance_accuracy_value', 'NONE');
#94 = LINE ( 'NONE', #3346, #2712 ) ;
#95 =( NAMED_UNIT ( * ) PLANE_ANGLE_UNIT ( ) SI_UNIT ( $, .RADIAN. ) );
#96 = ORIENTED_EDGE ( 'NONE', *, *, #1789, .F. ) ;
#97 = CARTESIAN_POINT ( 'NONE',  ( 0.02559055118110236879, -0.01437007874015748012, 0.06496062992125985203 ) ) ;
#98 = ADVANCED_FACE ( 'NONE', ( #3230 ), #1477, .T. ) ;
#99 = VECTOR ( 'NONE', #3023, 39.37007874015748143 ) ;
#100 = VERTEX_POINT ( 'NONE', #2306 ) ;
#101 = FACE_OUTER_BOUND ( 'NONE', #1831, .T. ) ;
#102 = DIRECTION ( 'NONE',  ( 0.000000000000000000, 1.000000000000000000, 0.000000000000000000 ) ) ;
#103 = LINE ( 'NONE', #1891, #2451 ) ;
#104 = ORIENTED_EDGE ( 'NONE', *, *, #1202, .F. ) ;
#105 = ORIENTED_EDGE ( 'NONE', *, *, #3589, .F. ) ;
#106 = CARTESIAN_POINT ( 'NONE',  ( 0.04133858267716536417, -0.01437007874015748012, 0.000000000000000000 ) ) ;
#107 = VERTEX_POINT ( 'NONE', #1402 ) ;
#108 = LINE ( 'NONE', #3577, #1039 ) ;
#109 = EDGE_CURVE ( 'NONE', #2876, #2, #845, .T. ) ;
#110 = EDGE_LOOP ( 'NONE', ( #3768, #2058, #1210, #1307, #3200, #3024 ) ) ;
#111 = VECTOR ( 'NONE', #172, 39.37007874015748854 ) ;
#112 = CARTESIAN_POINT ( 'NONE',  ( -0.01673228346456692717, -0.01437007874015748012, 0.04527559055118110520 ) ) ;
#113 = AXIS2_PLACEMENT_3D ( 'NONE', #3756, #828, #2858 ) ;
#114 = CARTESIAN_POINT ( 'NONE',  ( -0.02165354330708661734, -0.01437007874015748012, -0.06102362204724411099 ) ) ;
#115 = VERTEX_POINT ( 'NONE', #2569 ) ;
#116 = CARTESIAN_POINT ( 'NONE',  ( -0.03346456692913385433, 0.02480314960629921572, -0.05314960629921260116 ) ) ;
#117 = CARTESIAN_POINT ( 'NONE',  ( 0.05511811023622047168, -0.01456692913385826751, -0.04527559055118110520 ) ) ;
#118 = CIRCLE ( 'NONE', #671, 0.01377952755905511965 ) ;
#119 = ADVANCED_FACE ( 'NONE', ( #248 ), #2590, .T. ) ;
#120 = AXIS2_PLACEMENT_3D ( 'NONE', #2185, #1319, #1627 ) ;
#121 = ORIENTED_EDGE ( 'NONE', *, *, #3530, .T. ) ;
#122 = DIRECTION ( 'NONE',  ( 1.000000000000000000, 0.000000000000000000, 0.000000000000000000 ) ) ;
#123 = VECTOR ( 'NONE', #2425, 39.37007874015748854 ) ;
#124 = DIRECTION ( 'NONE',  ( 0.000000000000000000, 1.000000000000000000, 0.000000000000000000 ) ) ;
#125 = DIRECTION ( 'NONE',  ( 0.000000000000000000, -1.000000000000000000, 0.000000000000000000 ) ) ;
#126 = EDGE_LOOP ( 'NONE', ( #2854, #2320, #121, #2449 ) ) ;
#127 = CARTESIAN_POINT ( 'NONE',  ( 0.01673228346456692717, -0.01437007874015748012, -0.04527559055118110520 ) ) ;
#128 = DIRECTION ( 'NONE',  ( 0.000000000000000000, -1.000000000000000000, 0.000000000000000000 ) ) ;
#129 = ORIENTED_EDGE ( 'NONE', *, *, #136, .T. ) ;
#130 = DIRECTION ( 'NONE',  ( 0.000000000000000000, 0.000000000000000000, -1.000000000000000000 ) ) ;
#131 = EDGE_CURVE ( 'NONE', #2588, #3227, #3173, .T. ) ;
#132 = FILL_AREA_STYLE ('',( #2116 ) ) ;
#133 = EDGE_LOOP ( 'NONE', ( #2195, #2496, #1398, #2798 ) ) ;
#134 = CARTESIAN_POINT ( 'NONE',  ( 0.01673228346456692717, -0.01417322834645669272, -0.04527559055118110520 ) ) ;
#135 = PRESENTATION_STYLE_ASSIGNMENT (( #2161 ) ) ;
#136 = EDGE_CURVE ( 'NONE', #2795, #3457, #1457, .T. ) ;
#137 = EDGE_CURVE ( 'NONE', #1901, #2486, #1711, .T. ) ;
#138 = EDGE_LOOP ( 'NONE', ( #3726, #452, #1095, #487, #2379, #3429 ) ) ;
#139 = PLANE ( 'NONE',  #1338 ) ;
#140 = EDGE_CURVE ( 'NONE', #1813, #2967, #1729, .T. ) ;
#141 = CARTESIAN_POINT ( 'NONE',  ( -0.02559055118110236879, -0.01417322834645669272, 0.02657480314960630058 ) ) ;
#142 = FACE_OUTER_BOUND ( 'NONE', #381, .T. ) ;
#143 = ORIENTED_EDGE ( 'NONE', *, *, #3309, .T. ) ;
#144 = CARTESIAN_POINT ( 'NONE',  ( 0.02165354330708661040, -0.01417322834645669272, -0.06102362204724411099 ) ) ;
#145 = SURFACE_STYLE_USAGE ( .BOTH. , #2472 ) ;
#146 = CARTESIAN_POINT ( 'NONE',  ( -0.04133858267716536417, -0.01456692913385826751, -0.04133858267716536417 ) ) ;
#147 = EDGE_LOOP ( 'NONE', ( #1410, #723, #3256, #1641, #3454, #595 ) ) ;
#148 = FACE_OUTER_BOUND ( 'NONE', #2986, .T. ) ;
#149 = CYLINDRICAL_SURFACE ( 'NONE', #3001, 0.01377952755905511965 ) ;
#150 = ORIENTED_EDGE ( 'NONE', *, *, #868, .T. ) ;
#151 = CARTESIAN_POINT ( 'NONE',  ( 0.02165354330708661734, -0.01437007874015748012, -0.06102362204724411099 ) ) ;
#152 = CYLINDRICAL_SURFACE ( 'NONE', #240, 0.01377952755905511792 ) ;
#153 = VERTEX_POINT ( 'NONE', #2624 ) ;
#154 = CARTESIAN_POINT ( 'NONE',  ( -0.02559055118110236879, -0.01456692913385826751, 0.007874015748031495954 ) ) ;
#155 = DIMENSIONAL_EXPONENTS ( 1.000000000000000000, 0.000000000000000000, 0.000000000000000000, 0.000000000000000000, 0.000000000000000000, 0.000000000000000000, 0.000000000000000000 ) ;
#156 = VECTOR ( 'NONE', #1747, 39.37007874015748143 ) ;
#157 = DIRECTION ( 'NONE',  ( 0.000000000000000000, 0.000000000000000000, 1.000000000000000000 ) ) ;
#158 = CARTESIAN_POINT ( 'NONE',  ( 0.05511811023622047168, -0.01456692913385826751, 0.04527559055118110520 ) ) ;
#159 = VERTEX_POINT ( 'NONE', #2361 ) ;
#160 = FACE_OUTER_BOUND ( 'NONE', #3654, .T. ) ;
#161 = LINE ( 'NONE', #2187, #1717 ) ;
#162 = DIRECTION ( 'NONE',  ( 1.000000000000000000, 0.000000000000000000, 0.000000000000000000 ) ) ;
#163 = VERTEX_POINT ( 'NONE', #3806 ) ;
#164 = DIRECTION ( 'NONE',  ( 1.000000000000000000, 0.000000000000000000, 0.000000000000000000 ) ) ;
#165 = DIRECTION ( 'NONE',  ( 1.000000000000000000, 0.000000000000000000, 0.000000000000000000 ) ) ;
#166 = VECTOR ( 'NONE', #734, 39.37007874015748143 ) ;
#167 = VECTOR ( 'NONE', #573, 39.37007874015748143 ) ;
#168 = FACE_OUTER_BOUND ( 'NONE', #2893, .T. ) ;
#169 = CARTESIAN_POINT ( 'NONE',  ( 0.04724409448818897572, 0.02480314960629921572, -0.05314960629921260116 ) ) ;
#170 = CARTESIAN_POINT ( 'NONE',  ( 0.05905511811023622659, 0.02480314960629921572, -0.07874015748031495954 ) ) ;
#171 = ORIENTED_EDGE ( 'NONE', *, *, #2300, .F. ) ;
#172 = DIRECTION ( 'NONE',  ( -0.7071067811865474617, 0.000000000000000000, 0.7071067811865474617 ) ) ;
#173 = VECTOR ( 'NONE', #2713, 39.37007874015748143 ) ;
#174 = VECTOR ( 'NONE', #559, 39.37007874015748143 ) ;
#175 = AXIS2_PLACEMENT_3D ( 'NONE', #2682, #1124, #2070 ) ;
#176 = CARTESIAN_POINT ( 'NONE',  ( -0.04527559055118110520, -0.01437007874015748012, -0.04527559055118110520 ) ) ;
#177 =( GEOMETRIC_REPRESENTATION_CONTEXT ( 3 ) GLOBAL_UNCERTAINTY_ASSIGNED_CONTEXT ( ( #93 ) ) GLOBAL_UNIT_ASSIGNED_CONTEXT ( ( #3186, #551, #3746 ) ) REPRESENTATION_CONTEXT ( 'NONE', 'WORKASPACE' ) );
#178 = ORIENTED_EDGE ( 'NONE', *, *, #92, .T. ) ;
#179 = DIRECTION ( 'NONE',  ( 0.000000000000000000, 1.000000000000000000, 0.000000000000000000 ) ) ;
#180 = EDGE_CURVE ( 'NONE', #3068, #196, #2901, .T. ) ;
#181 = VECTOR ( 'NONE', #434, 39.37007874015748143 ) ;
#182 = VECTOR ( 'NONE', #3778, 39.37007874015748143 ) ;
#183 = CARTESIAN_POINT ( 'NONE',  ( 0.02165354330708661040, -0.01456692913385826751, -0.06102362204724411099 ) ) ;
#184 = DIRECTION ( 'NONE',  ( 0.000000000000000000, -1.000000000000000000, 0.000000000000000000 ) ) ;
#185 = DIRECTION ( 'NONE',  ( 0.000000000000000000, 0.000000000000000000, 1.000000000000000000 ) ) ;
#186 = LINE ( 'NONE', #3137, #1248 ) ;
#187 = DIRECTION ( 'NONE',  ( 1.000000000000000000, 0.000000000000000000, 0.000000000000000000 ) ) ;
#188 = DIRECTION ( 'NONE',  ( 0.000000000000000000, 0.000000000000000000, 1.000000000000000000 ) ) ;
#189 = FACE_OUTER_BOUND ( 'NONE', #893, .T. ) ;
#190 = CARTESIAN_POINT ( 'NONE',  ( -0.01673228346456692717, -0.01417322834645669272, -0.007874015748031495954 ) ) ;
#191 = CARTESIAN_POINT ( 'NONE',  ( 0.04822834645669291098, -0.01456692913385826751, 0.07283464566929133410 ) ) ;
#192 = ORIENTED_EDGE ( 'NONE', *, *, #2898, .T. ) ;
#193 = DIRECTION ( 'NONE',  ( 0.7071067811865474617, 0.000000000000000000, 0.7071067811865474617 ) ) ;
#194 = DIRECTION ( 'NONE',  ( 0.000000000000000000, 0.000000000000000000, -1.000000000000000000 ) ) ;
#195 = DIRECTION ( 'NONE',  ( -0.7071067811865474617, 0.000000000000000000, -0.7071067811865474617 ) ) ;
#196 = VERTEX_POINT ( 'NONE', #3520 ) ;
#197 = LINE ( 'NONE', #1395, #1239 ) ;
#198 = ORIENTED_EDGE ( 'NONE', *, *, #2815, .F. ) ;
#199 = CARTESIAN_POINT ( 'NONE',  ( -0.02362204724409448786, -0.01437007874015748012, 0.06299212598425196763 ) ) ;
#200 = DIRECTION ( 'NONE',  ( 1.000000000000000000, 0.000000000000000000, 0.000000000000000000 ) ) ;
#201 = EDGE_CURVE ( 'NONE', #1990, #3470, #2054, .T. ) ;
#202 = ADVANCED_FACE ( 'NONE', ( #589 ), #1983, .F. ) ;
#203 = ORIENTED_EDGE ( 'NONE', *, *, #560, .T. ) ;
#204 = DIRECTION ( 'NONE',  ( 0.000000000000000000, 0.000000000000000000, 1.000000000000000000 ) ) ;
#205 = ORIENTED_EDGE ( 'NONE', *, *, #1336, .F. ) ;
#206 = PLANE ( 'NONE',  #2938 ) ;
#207 = VERTEX_POINT ( 'NONE', #1536 ) ;
#208 = DIRECTION ( 'NONE',  ( 0.000000000000000000, 0.000000000000000000, 1.000000000000000000 ) ) ;
#209 = EDGE_CURVE ( 'NONE', #405, #1303, #2728, .T. ) ;
#210 = LINE ( 'NONE', #1348, #732 ) ;
#211 = ADVANCED_FACE ( 'NONE', ( #2959 ), #3537, .F. ) ;
#212 = CARTESIAN_POINT ( 'NONE',  ( -0.02559055118110145979, -0.01456692913385826751, -0.06496062992126075408 ) ) ;
#213 = DIRECTION ( 'NONE',  ( -0.7071067811865474617, 0.000000000000000000, -0.7071067811865474617 ) ) ;
#214 = VERTEX_POINT ( 'NONE', #50 ) ;
#215 = DIRECTION ( 'NONE',  ( -0.7071067811865474617, 0.000000000000000000, 0.7071067811865474617 ) ) ;
#216 = EDGE_CURVE ( 'NONE', #3271, #1688, #3288, .T. ) ;
#217 = DIRECTION ( 'NONE',  ( 0.000000000000000000, 0.000000000000000000, 1.000000000000000000 ) ) ;
#218 = EDGE_LOOP ( 'NONE', ( #1444, #2745, #675, #350 ) ) ;
#219 = CARTESIAN_POINT ( 'NONE',  ( -0.007874015748031495954, -0.01417322834645669272, -0.02657480314960630058 ) ) ;
#220 =( GEOMETRIC_REPRESENTATION_CONTEXT ( 3 ) GLOBAL_UNCERTAINTY_ASSIGNED_CONTEXT ( ( #707 ) ) GLOBAL_UNIT_ASSIGNED_CONTEXT ( ( #1659, #1349, #1326 ) ) REPRESENTATION_CONTEXT ( 'NONE', 'WORKASPACE' ) );
#221 = DIRECTION ( 'NONE',  ( 0.000000000000000000, 0.000000000000000000, -1.000000000000000000 ) ) ;
#222 = ORIENTED_EDGE ( 'NONE', *, *, #345, .T. ) ;
#223 = EDGE_LOOP ( 'NONE', ( #2101, #2470, #3124, #2830 ) ) ;
#224 = APPLICATION_PROTOCOL_DEFINITION ( 'draft international standard', 'automotive_design', 1998, #904 ) ;
#225 = ORIENTED_EDGE ( 'NONE', *, *, #88, .F. ) ;
#226 = DIRECTION ( 'NONE',  ( 0.000000000000000000, 0.000000000000000000, 1.000000000000000000 ) ) ;
#227 = DIRECTION ( 'NONE',  ( 1.000000000000000000, 0.000000000000000000, 0.000000000000000000 ) ) ;
#228 = EDGE_CURVE ( 'NONE', #3517, #264, #647, .T. ) ;
#229 = LINE ( 'NONE', #1405, #2333 ) ;
#230 = DIRECTION ( 'NONE',  ( 0.7071067811865474617, 0.000000000000000000, 0.7071067811865474617 ) ) ;
#231 = ORIENTED_EDGE ( 'NONE', *, *, #2110, .T. ) ;
#232 = LINE ( 'NONE', #1411, #3490 ) ;
#233 = ADVANCED_FACE ( 'NONE', ( #361 ), #2744, .F. ) ;
#234 = PLANE ( 'NONE',  #1351 ) ;
#235 = VECTOR ( 'NONE', #1853, 39.37007874015748143 ) ;
#236 = ORIENTED_EDGE ( 'NONE', *, *, #3357, .F. ) ;
#237 = DIRECTION ( 'NONE',  ( 0.000000000000000000, 1.000000000000000000, 0.000000000000000000 ) ) ;
#238 = VECTOR ( 'NONE', #2345, 39.37007874015748854 ) ;
#239 =( GEOMETRIC_REPRESENTATION_CONTEXT ( 3 ) GLOBAL_UNCERTAINTY_ASSIGNED_CONTEXT ( ( #3358 ) ) GLOBAL_UNIT_ASSIGNED_CONTEXT ( ( #368, #3035, #1653 ) ) REPRESENTATION_CONTEXT ( 'NONE', 'WORKASPACE' ) );
#240 = AXIS2_PLACEMENT_3D ( 'NONE', #479, #3730, #3759 ) ;
#241 = DIRECTION ( 'NONE',  ( 0.000000000000000000, 0.000000000000000000, 1.000000000000000000 ) ) ;
#242 = DIRECTION ( 'NONE',  ( 0.000000000000000000, 0.000000000000000000, 1.000000000000000000 ) ) ;
#243 = VERTEX_POINT ( 'NONE', #631 ) ;
#244 = VECTOR ( 'NONE', #3568, 39.37007874015748854 ) ;
#245 = VECTOR ( 'NONE', #179, 39.37007874015748143 ) ;
#246 = ORIENTED_EDGE ( 'NONE', *, *, #3150, .F. ) ;
#247 = VERTEX_POINT ( 'NONE', #91 ) ;
#248 = FACE_OUTER_BOUND ( 'NONE', #1682, .T. ) ;
#249 = CARTESIAN_POINT ( 'NONE',  ( 0.02165354330708661734, -0.01437007874015748012, 0.06102362204724411099 ) ) ;
#250 = CARTESIAN_POINT ( 'NONE',  ( 0.01673228346456692717, -0.01456692913385826751, 0.02657480314960630058 ) ) ;
#251 = EDGE_LOOP ( 'NONE', ( #2104, #3347, #2747, #2725 ) ) ;
#252 = CARTESIAN_POINT ( 'NONE',  ( -0.02165354330708661734, -0.01456692913385826751, -0.06102362204724411099 ) ) ;
#253 = VECTOR ( 'NONE', #3648, 39.37007874015748854 ) ;
#254 = EDGE_CURVE ( 'NONE', #1852, #804, #2270, .T. ) ;
#255 = EDGE_CURVE ( 'NONE', #1551, #3760, #108, .T. ) ;
#256 = FACE_BOUND ( 'NONE', #3416, .T. ) ;
#257 = ORIENTED_EDGE ( 'NONE', *, *, #3127, .F. ) ;
#258 = DIRECTION ( 'NONE',  ( 0.000000000000000000, 0.000000000000000000, 1.000000000000000000 ) ) ;
#259 = EDGE_CURVE ( 'NONE', #2707, #2588, #943, .T. ) ;
#260 = EDGE_LOOP ( 'NONE', ( #2613, #3485, #1277, #2565 ) ) ;
#261 = PLANE ( 'NONE',  #3497 ) ;
#262 = ADVANCED_FACE ( 'NONE', ( #2710 ), #2431, .T. ) ;
#263 = LENGTH_MEASURE_WITH_UNIT ( LENGTH_MEASURE( 0.02539999999999999897 ), #1956 );
#264 = VERTEX_POINT ( 'NONE', #74 ) ;
#265 = ORIENTED_EDGE ( 'NONE', *, *, #3098, .F. ) ;
#266 = ORIENTED_EDGE ( 'NONE', *, *, #3612, .F. ) ;
#267 = LINE ( 'NONE', #1746, #783 ) ;
#268 = LINE ( 'NONE', #574, #3080 ) ;
#269 = DIRECTION ( 'NONE',  ( 0.7071067811865483499, 0.000000000000000000, -0.7071067811865467956 ) ) ;
#270 = VERTEX_POINT ( 'NONE', #1255 ) ;
#271 = PLANE ( 'NONE',  #2807 ) ;
#272 = CARTESIAN_POINT ( 'NONE',  ( 1.687505431895959110E-18, 0.02440944881889763746, -0.04448818897637796255 ) ) ;
#273 = EDGE_LOOP ( 'NONE', ( #2589, #422, #1453, #3739 ) ) ;
#274 = FACE_OUTER_BOUND ( 'NONE', #986, .T. ) ;
#275 = EDGE_CURVE ( 'NONE', #321, #3088, #1865, .T. ) ;
#276 = EDGE_CURVE ( 'NONE', #686, #3021, #2416, .T. ) ;
#277 = FACE_OUTER_BOUND ( 'NONE', #3480, .T. ) ;
#278 = EDGE_CURVE ( 'NONE', #1483, #2600, #3593, .T. ) ;
#279 = SURFACE_SIDE_STYLE ('',( #2896 ) ) ;
#280 = ORIENTED_EDGE ( 'NONE', *, *, #3179, .T. ) ;
#281 = EDGE_CURVE ( 'NONE', #1394, #2588, #3248, .T. ) ;
#282 = ORIENTED_EDGE ( 'NONE', *, *, #1116, .F. ) ;
#283 = ORIENTED_EDGE ( 'NONE', *, *, #2301, .T. ) ;
#284 = CARTESIAN_POINT ( 'NONE',  ( -0.02559055118110236879, -0.01437007874015748012, 0.07480314960629921850 ) ) ;
#285 = ADVANCED_FACE ( 'NONE', ( #612 ), #1788, .T. ) ;
#286 = DIRECTION ( 'NONE',  ( -1.000000000000000000, 0.000000000000000000, 0.000000000000000000 ) ) ;
#287 = DIRECTION ( 'NONE',  ( 0.000000000000000000, 1.000000000000000000, 0.000000000000000000 ) ) ;
#288 = VERTEX_POINT ( 'NONE', #30 ) ;
#289 = DIRECTION ( 'NONE',  ( 0.000000000000000000, 0.000000000000000000, 1.000000000000000000 ) ) ;
#290 = DIRECTION ( 'NONE',  ( 0.000000000000000000, -1.000000000000000000, 0.000000000000000000 ) ) ;
#291 = ORIENTED_EDGE ( 'NONE', *, *, #2609, .F. ) ;
#292 = DIRECTION ( 'NONE',  ( 0.000000000000000000, 0.000000000000000000, -1.000000000000000000 ) ) ;
#293 = VECTOR ( 'NONE', #348, 39.37007874015748143 ) ;
#294 = DIRECTION ( 'NONE',  ( 0.000000000000000000, -1.000000000000000000, 0.000000000000000000 ) ) ;
#295 = VECTOR ( 'NONE', #1764, 39.37007874015748143 ) ;
#296 = EDGE_CURVE ( 'NONE', #1352, #1341, #1804, .T. ) ;
#297 = LINE ( 'NONE', #44, #3445 ) ;
#298 = VERTEX_POINT ( 'NONE', #925 ) ;
#299 = VECTOR ( 'NONE', #2216, 39.37007874015748143 ) ;
#300 = VECTOR ( 'NONE', #3484, 39.37007874015748143 ) ;
#301 = ORIENTED_EDGE ( 'NONE', *, *, #2535, .F. ) ;
#302 = DIRECTION ( 'NONE',  ( 0.000000000000000000, -1.000000000000000000, 0.000000000000000000 ) ) ;
#303 = VECTOR ( 'NONE', #2861, 39.37007874015748854 ) ;
#304 = AXIS2_PLACEMENT_3D ( 'NONE', #3659, #2167, #3374 ) ;
#305 = ORIENTED_EDGE ( 'NONE', *, *, #1936, .T. ) ;
#306 = CARTESIAN_POINT ( 'NONE',  ( 0.000000000000000000, 0.02480314960629921572, -0.03070866141732284463 ) ) ;
#307 = AXIS2_PLACEMENT_3D ( 'NONE', #5, #1507, #1798 ) ;
#308 = FACE_OUTER_BOUND ( 'NONE', #1499, .T. ) ;
#309 = CARTESIAN_POINT ( 'NONE',  ( -0.05511811023622047168, -0.01456692913385826751, -0.04527559055118110520 ) ) ;
#310 = ORIENTED_EDGE ( 'NONE', *, *, #984, .F. ) ;
#311 = CARTESIAN_POINT ( 'NONE',  ( -0.05905511811023622659, 0.005118110236220473237, -0.07874015748031495954 ) ) ;
#312 = CARTESIAN_POINT ( 'NONE',  ( -0.02165354330709055170, -0.01437007874015748012, -0.06102362204724411099 ) ) ;
#313 = ORIENTED_EDGE ( 'NONE', *, *, #913, .F. ) ;
#314 = CARTESIAN_POINT ( 'NONE',  ( -0.02165354330708661734, -0.01417322834645669272, -0.06102362204724411099 ) ) ;
#315 = VECTOR ( 'NONE', #3560, 39.37007874015748143 ) ;
#316 = CARTESIAN_POINT ( 'NONE',  ( -0.04527559055118110520, -0.01417322834645669272, 0.04527559055118110520 ) ) ;
#317 = LINE ( 'NONE', #1192, #864 ) ;
#318 = ORIENTED_EDGE ( 'NONE', *, *, #940, .F. ) ;
#319 = VERTEX_POINT ( 'NONE', #2098 ) ;
#320 = CARTESIAN_POINT ( 'NONE',  ( 0.03346456692913385433, 0.03070866141732283769, -0.06692913385826770867 ) ) ;
#321 = VERTEX_POINT ( 'NONE', #3112 ) ;
#322 = CARTESIAN_POINT ( 'NONE',  ( 0.02362204724409448786, -0.01437007874015748012, -0.06299212598425196763 ) ) ;
#323 = EDGE_CURVE ( 'NONE', #2835, #374, #3072, .T. ) ;
#324 = ADVANCED_FACE ( 'NONE', ( #1076 ), #3091, .T. ) ;
#325 = CARTESIAN_POINT ( 'NONE',  ( -0.02559055118110236879, -0.01456692913385826751, -0.04527559055118110520 ) ) ;
#326 = DIRECTION ( 'NONE',  ( 0.000000000000000000, 0.000000000000000000, 1.000000000000000000 ) ) ;
#327 = CYLINDRICAL_SURFACE ( 'NONE', #3371, 0.004921259842519684971 ) ;
#328 = EDGE_CURVE ( 'NONE', #1813, #247, #3688, .T. ) ;
#329 = ORIENTED_EDGE ( 'NONE', *, *, #276, .T. ) ;
#330 = CARTESIAN_POINT ( 'NONE',  ( 0.007874015748031495954, -0.01456692913385826751, 0.000000000000000000 ) ) ;
#331 = CARTESIAN_POINT ( 'NONE',  ( 0.000000000000000000, 0.02086614173228347122, -0.03070866141732284463 ) ) ;
#332 = EDGE_LOOP ( 'NONE', ( #150, #3434, #265, #3153 ) ) ;
#333 = DIRECTION ( 'NONE',  ( 0.000000000000000000, 0.000000000000000000, -1.000000000000000000 ) ) ;
#334 = CARTESIAN_POINT ( 'NONE',  ( 0.04133858267716536417, -0.01456692913385826751, -0.04133858267716536417 ) ) ;
#335 = CARTESIAN_POINT ( 'NONE',  ( 0.05905511811023622659, -0.01456692913385826751, 0.000000000000000000 ) ) ;
#336 = ORIENTED_EDGE ( 'NONE', *, *, #1451, .T. ) ;
#337 = VERTEX_POINT ( 'NONE', #146 ) ;
#338 = DIRECTION ( 'NONE',  ( 0.000000000000000000, -1.000000000000000000, 0.000000000000000000 ) ) ;
#339 = ORIENTED_EDGE ( 'NONE', *, *, #517, .F. ) ;
#340 = DIRECTION ( 'NONE',  ( 0.000000000000000000, 1.000000000000000000, 0.000000000000000000 ) ) ;
#341 = MECHANICAL_DESIGN_GEOMETRIC_PRESENTATION_REPRESENTATION (  '', ( #1271 ), #2610 ) ;
#342 = PLANE ( 'NONE',  #1428 ) ;
#343 = FILL_AREA_STYLE_COLOUR ( '', #3063 ) ;
#344 = EDGE_CURVE ( 'NONE', #627, #2654, #3400, .T. ) ;
#345 = EDGE_CURVE ( 'NONE', #77, #581, #455, .T. ) ;
#346 = SURFACE_SIDE_STYLE ('',( #2979 ) ) ;
#347 = ORIENTED_EDGE ( 'NONE', *, *, #1861, .T. ) ;
#348 = DIRECTION ( 'NONE',  ( 1.000000000000000000, 0.000000000000000000, 0.000000000000000000 ) ) ;
#349 = CARTESIAN_POINT ( 'NONE',  ( 0.01673228346456692717, -0.01437007874015748012, 0.007874015748031495954 ) ) ;
#350 = ORIENTED_EDGE ( 'NONE', *, *, #2367, .F. ) ;
#351 = DIRECTION ( 'NONE',  ( 0.000000000000000000, 0.000000000000000000, 1.000000000000000000 ) ) ;
#352 = DIMENSIONAL_EXPONENTS ( 1.000000000000000000, 0.000000000000000000, 0.000000000000000000, 0.000000000000000000, 0.000000000000000000, 0.000000000000000000, 0.000000000000000000 ) ;
#353 = EDGE_CURVE ( 'NONE', #3598, #107, #1320, .T. ) ;
#354 = PLANE ( 'NONE',  #863 ) ;
#355 = DIRECTION ( 'NONE',  ( 0.000000000000000000, 0.000000000000000000, -1.000000000000000000 ) ) ;
#356 = ORIENTED_EDGE ( 'NONE', *, *, #563, .T. ) ;
#357 = VECTOR ( 'NONE', #1573, 39.37007874015748854 ) ;
#358 = ORIENTED_EDGE ( 'NONE', *, *, #2984, .T. ) ;
#359 = CARTESIAN_POINT ( 'NONE',  ( 0.000000000000000000, 0.02440944881889763746, -0.03070866141732284463 ) ) ;
#360 = VERTEX_POINT ( 'NONE', #2797 ) ;
#361 = FACE_OUTER_BOUND ( 'NONE', #1518, .T. ) ;
#362 = CIRCLE ( 'NONE', #1587, 0.01377952755905511965 ) ;
#363 = VECTOR ( 'NONE', #778, 39.37007874015748143 ) ;
#364 = UNCERTAINTY_MEASURE_WITH_UNIT (LENGTH_MEASURE( 1.000000000000000082E-05 ), #1014, 'distance_accuracy_value', 'NONE');
#365 = VECTOR ( 'NONE', #338, 39.37007874015748143 ) ;
#366 = AXIS2_PLACEMENT_3D ( 'NONE', #250, #591, #326 ) ;
#367 = CARTESIAN_POINT ( 'NONE',  ( 0.02559055118110236879, -0.01456692913385826751, 0.04133858267716536417 ) ) ;
#368 =( CONVERSION_BASED_UNIT ( 'INCH', #2998 ) LENGTH_UNIT ( ) NAMED_UNIT ( #746 ) );
#369 = ORIENTED_EDGE ( 'NONE', *, *, #2770, .F. ) ;
#370 = CARTESIAN_POINT ( 'NONE',  ( 0.01673228346456692717, -0.01437007874015748012, -0.007874015748031495954 ) ) ;
#371 = VECTOR ( 'NONE', #2197, 39.37007874015748143 ) ;
#372 = AXIS2_PLACEMENT_3D ( 'NONE', #3740, #2560, #3125 ) ;
#373 = CARTESIAN_POINT ( 'NONE',  ( 0.04724409448818897572, 0.02480314960629921572, 0.03740157480314960925 ) ) ;
#374 = VERTEX_POINT ( 'NONE', #3665 ) ;
#375 = LINE ( 'NONE', #2466, #3123 ) ;
#376 = ADVANCED_FACE ( 'NONE', ( #439 ), #998, .T. ) ;
#377 = EDGE_CURVE ( 'NONE', #2331, #153, #1034, .T. ) ;
#378 = CARTESIAN_POINT ( 'NONE',  ( 0.000000000000000000, -0.01456692913385826751, 0.06791338582677165780 ) ) ;
#379 = DIRECTION ( 'NONE',  ( 0.000000000000000000, 1.000000000000000000, 0.000000000000000000 ) ) ;
#380 = EDGE_CURVE ( 'NONE', #836, #1990, #1648, .T. ) ;
#381 = EDGE_LOOP ( 'NONE', ( #2441, #430, #2490, #2222 ) ) ;
#382 = VECTOR ( 'NONE', #3051, 39.37007874015748143 ) ;
#383 = EDGE_LOOP ( 'NONE', ( #2670, #628, #49, #3626, #3524, #2514, #1172, #369 ) ) ;
#384 = PLANE ( 'NONE',  #2694 ) ;
#385 = ORIENTED_EDGE ( 'NONE', *, *, #966, .T. ) ;
#386 = CARTESIAN_POINT ( 'NONE',  ( 0.01673228346456692717, -0.01456692913385826751, -0.04527559055118110520 ) ) ;
#387 = LINE ( 'NONE', #1825, #1915 ) ;
#388 = LINE ( 'NONE', #114, #854 ) ;
#389 = ORIENTED_EDGE ( 'NONE', *, *, #1667, .T. ) ;
#390 = DIRECTION ( 'NONE',  ( 0.000000000000000000, 0.000000000000000000, -1.000000000000000000 ) ) ;
#391 = SURFACE_SIDE_STYLE ('',( #1541 ) ) ;
#392 = VERTEX_POINT ( 'NONE', #721 ) ;
#393 = PLANE ( 'NONE',  #2996 ) ;
#394 = DIRECTION ( 'NONE',  ( 0.000000000000000000, 1.000000000000000000, 0.000000000000000000 ) ) ;
#395 = CARTESIAN_POINT ( 'NONE',  ( 0.01673228346456692717, -0.01417322834645669272, 0.02657480314960630058 ) ) ;
#396 = ADVANCED_FACE ( 'NONE', ( #2241 ), #3419, .T. ) ;
#397 = EDGE_LOOP ( 'NONE', ( #1862, #3220, #1728, #2035 ) ) ;
#398 = ADVANCED_FACE ( 'NONE', ( #1608 ), #1897, .T. ) ;
#399 = ORIENTED_EDGE ( 'NONE', *, *, #2016, .F. ) ;
#400 = FACE_OUTER_BOUND ( 'NONE', #1456, .T. ) ;
#401 = VERTEX_POINT ( 'NONE', #741 ) ;
#402 = CARTESIAN_POINT ( 'NONE',  ( 0.000000000000000000, -0.01437007874015748012, 0.06102362204724411099 ) ) ;
#403 = EDGE_CURVE ( 'NONE', #1323, #214, #2780, .T. ) ;
#404 = LINE ( 'NONE', #633, #874 ) ;
#405 = VERTEX_POINT ( 'NONE', #2171 ) ;
#406 = DIRECTION ( 'NONE',  ( 0.000000000000000000, 0.000000000000000000, -1.000000000000000000 ) ) ;
#407 = COLOUR_RGB ( '',0.7921568627450980005, 0.8196078431372548767, 0.9333333333333333481 ) ;
#408 = ORIENTED_EDGE ( 'NONE', *, *, #2022, .F. ) ;
#409 = DIRECTION ( 'NONE',  ( 0.7071067811865475727, 0.000000000000000000, 0.7071067811865475727 ) ) ;
#410 = LINE ( 'NONE', #970, #3196 ) ;
#411 = DIRECTION ( 'NONE',  ( 1.000000000000000000, 0.000000000000000000, 0.000000000000000000 ) ) ;
#412 = ADVANCED_FACE ( 'NONE', ( #2206 ), #3344, .F. ) ;
#413 = EDGE_LOOP ( 'NONE', ( #2581, #3479, #2549, #3229 ) ) ;
#414 = LINE ( 'NONE', #1863, #61 ) ;
#415 = VECTOR ( 'NONE', #3481, 39.37007874015748143 ) ;
#416 = CARTESIAN_POINT ( 'NONE',  ( 0.000000000000000000, 0.03070866141732283769, 0.06692913385826770867 ) ) ;
#417 = CYLINDRICAL_SURFACE ( 'NONE', #599, 0.01377952755905511792 ) ;
#418 = ADVANCED_FACE ( 'NONE', ( #2456 ), #417, .F. ) ;
#419 = VECTOR ( 'NONE', #2944, 39.37007874015748143 ) ;
#420 = DIRECTION ( 'NONE',  ( 1.000000000000000000, 0.000000000000000000, 0.000000000000000000 ) ) ;
#421 = VECTOR ( 'NONE', #213, 39.37007874015748854 ) ;
#422 = ORIENTED_EDGE ( 'NONE', *, *, #3046, .T. ) ;
#423 = DIRECTION ( 'NONE',  ( 0.000000000000000000, 0.000000000000000000, 1.000000000000000000 ) ) ;
#424 = ADVANCED_FACE ( 'NONE', ( #1361 ), #2527, .T. ) ;
#425 = VECTOR ( 'NONE', #1491, 39.37007874015748143 ) ;
#426 = MECHANICAL_DESIGN_GEOMETRIC_PRESENTATION_REPRESENTATION (  '', ( #1837 ), #3314 ) ;
#427 = LINE ( 'NONE', #3653, #1631 ) ;
#428 = CARTESIAN_POINT ( 'NONE',  ( -0.007874015748031495954, -0.01417322834645669272, 0.04527559055118110520 ) ) ;
#429 = VECTOR ( 'NONE', #3452, 39.37007874015748143 ) ;
#430 = ORIENTED_EDGE ( 'NONE', *, *, #37, .T. ) ;
#431 = PLANE ( 'NONE',  #1770 ) ;
#432 = AXIS2_PLACEMENT_3D ( 'NONE', #1419, #2007, #2281 ) ;
#433 = VECTOR ( 'NONE', #3472, 39.37007874015748143 ) ;
#434 = DIRECTION ( 'NONE',  ( 0.000000000000000000, 0.000000000000000000, 1.000000000000000000 ) ) ;
#435 = FACE_OUTER_BOUND ( 'NONE', #1378, .T. ) ;
#436 = ORIENTED_EDGE ( 'NONE', *, *, #2557, .F. ) ;
#437 = CARTESIAN_POINT ( 'NONE',  ( -0.02559055118110236879, -0.01417322834645669272, -0.07480314960629921850 ) ) ;
#438 = LINE ( 'NONE', #1607, #2813 ) ;
#439 = FACE_OUTER_BOUND ( 'NONE', #2620, .T. ) ;
#440 = CARTESIAN_POINT ( 'NONE',  ( -0.01673228346456692717, -0.01417322834645669272, 0.02657480314960630058 ) ) ;
#441 = VERTEX_POINT ( 'NONE', #3757 ) ;
#442 = ADVANCED_FACE ( 'NONE', ( #189 ), #1367, .F. ) ;
#443 = LINE ( 'NONE', #151, #2445 ) ;
#444 = DIRECTION ( 'NONE',  ( -1.000000000000000000, -0.000000000000000000, -0.000000000000000000 ) ) ;
#445 = DIRECTION ( 'NONE',  ( -1.000000000000000000, 0.000000000000000000, 0.000000000000000000 ) ) ;
#446 = ORIENTED_EDGE ( 'NONE', *, *, #847, .T. ) ;
#447 = FACE_OUTER_BOUND ( 'NONE', #2576, .T. ) ;
#448 = EDGE_CURVE ( 'NONE', #2293, #1031, #1324, .T. ) ;
#449 = CARTESIAN_POINT ( 'NONE',  ( -0.04330708661417323468, -0.01417322834645669272, -0.04330708661417323468 ) ) ;
#450 = CARTESIAN_POINT ( 'NONE',  ( 0.000000000000000000, 0.02440944881889763746, -0.03070866141732284463 ) ) ;
#451 = EDGE_CURVE ( 'NONE', #2587, #641, #2667, .T. ) ;
#452 = ORIENTED_EDGE ( 'NONE', *, *, #3387, .F. ) ;
#453 = DIRECTION ( 'NONE',  ( 0.000000000000000000, 0.000000000000000000, 1.000000000000000000 ) ) ;
#454 =( LENGTH_UNIT ( ) NAMED_UNIT ( * ) SI_UNIT ( $, .METRE. ) );
#455 = LINE ( 'NONE', #1629, #2626 ) ;
#456 = ORIENTED_EDGE ( 'NONE', *, *, #1502, .F. ) ;
#457 = CARTESIAN_POINT ( 'NONE',  ( -0.03346456692913385433, 0.02480314960629921572, 0.06692913385826770867 ) ) ;
#458 = PLANE ( 'NONE',  #2073 ) ;
#459 = FACE_OUTER_BOUND ( 'NONE', #561, .T. ) ;
#460 = EDGE_CURVE ( 'NONE', #1098, #1685, #3711, .T. ) ;
#461 = PLANE ( 'NONE',  #2672 ) ;
#462 = DIRECTION ( 'NONE',  ( 0.000000000000000000, 0.000000000000000000, 1.000000000000000000 ) ) ;
#463 = ORIENTED_EDGE ( 'NONE', *, *, #2984, .F. ) ;
#464 = CARTESIAN_POINT ( 'NONE',  ( 0.04133858267716536417, -0.01456692913385826751, 0.04133858267716536417 ) ) ;
#465 = CARTESIAN_POINT ( 'NONE',  ( -0.04133858267716536417, -0.01417322834645669272, 0.04133858267716536417 ) ) ;
#466 = ORIENTED_EDGE ( 'NONE', *, *, #563, .F. ) ;
#467 = PLANE ( 'NONE',  #1656 ) ;
#468 = ORIENTED_EDGE ( 'NONE', *, *, #3217, .T. ) ;
#469 = DIRECTION ( 'NONE',  ( 1.000000000000000000, 0.000000000000000000, 0.000000000000000000 ) ) ;
#470 = FACE_OUTER_BOUND ( 'NONE', #3712, .T. ) ;
#471 = CARTESIAN_POINT ( 'NONE',  ( 0.02362204724409448786, -0.01437007874015748012, 0.06299212598425196763 ) ) ;
#472 = FACE_OUTER_BOUND ( 'NONE', #273, .T. ) ;
#473 = DIRECTION ( 'NONE',  ( -0.000000000000000000, -1.000000000000000000, -0.000000000000000000 ) ) ;
#474 = DIRECTION ( 'NONE',  ( 0.000000000000000000, 0.000000000000000000, 1.000000000000000000 ) ) ;
#475 = VECTOR ( 'NONE', #1432, 39.37007874015748143 ) ;
#476 = VECTOR ( 'NONE', #2128, 39.37007874015748143 ) ;
#477 = DIRECTION ( 'NONE',  ( -0.7071067811865475727, 0.000000000000000000, -0.7071067811865475727 ) ) ;
#478 = FACE_OUTER_BOUND ( 'NONE', #572, .T. ) ;
#479 = CARTESIAN_POINT ( 'NONE',  ( 0.000000000000000000, 0.02440944881889763746, -0.03070866141732284463 ) ) ;
#480 = ORIENTED_EDGE ( 'NONE', *, *, #3551, .F. ) ;
#481 = LINE ( 'NONE', #2519, #475 ) ;
#482 = VECTOR ( 'NONE', #34, 39.37007874015748143 ) ;
#483 = STYLED_ITEM ( 'NONE', ( #1585 ), #829 ) ;
#484 = VECTOR ( 'NONE', #1876, 39.37007874015748143 ) ;
#485 = DIRECTION ( 'NONE',  ( 0.7071067811865475727, 0.000000000000000000, -0.7071067811865475727 ) ) ;
#486 = VECTOR ( 'NONE', #68, 39.37007874015748143 ) ;
#487 = ORIENTED_EDGE ( 'NONE', *, *, #3106, .F. ) ;
#488 = FACE_OUTER_BOUND ( 'NONE', #2683, .T. ) ;
#489 = ADVANCED_FACE ( 'NONE', ( #2574 ), #3674, .T. ) ;
#490 = EDGE_CURVE ( 'NONE', #2751, #607, #3140, .T. ) ;
#491 = VECTOR ( 'NONE', #3432, 39.37007874015748143 ) ;
#492 = DIRECTION ( 'NONE',  ( 0.7071067811865474617, 0.000000000000000000, -0.7071067811865474617 ) ) ;
#493 = EDGE_CURVE ( 'NONE', #745, #2554, #3117, .T. ) ;
#494 = DIRECTION ( 'NONE',  ( 0.000000000000000000, 1.000000000000000000, 0.000000000000000000 ) ) ;
#495 = EDGE_CURVE ( 'NONE', #1895, #270, #2275, .T. ) ;
#496 = ORIENTED_EDGE ( 'NONE', *, *, #1611, .F. ) ;
#497 = DIRECTION ( 'NONE',  ( 0.000000000000000000, 0.000000000000000000, -1.000000000000000000 ) ) ;
#498 = DIRECTION ( 'NONE',  ( 0.7071067811855974439, 0.000000000000000000, -0.7071067811874974796 ) ) ;
#499 = ORIENTED_EDGE ( 'NONE', *, *, #1266, .F. ) ;
#500 = VECTOR ( 'NONE', #3505, 39.37007874015748143 ) ;
#501 = LINE ( 'NONE', #2534, #792 ) ;
#502 = LINE ( 'NONE', #1675, #1283 ) ;
#503 = EDGE_LOOP ( 'NONE', ( #3170, #2068, #1787, #3280 ) ) ;
#504 = LINE ( 'NONE', #3761, #111 ) ;
#505 = LINE ( 'NONE', #523, #3313 ) ;
#506 = CARTESIAN_POINT ( 'NONE',  ( -0.02362204724409448786, -0.01417322834645669272, -0.06299212598425196763 ) ) ;
#507 = ORIENTED_EDGE ( 'NONE', *, *, #3381, .T. ) ;
#508 = PLANE ( 'NONE',  #432 ) ;
#509 = DIRECTION ( 'NONE',  ( -1.000000000000000000, 0.000000000000000000, 0.000000000000000000 ) ) ;
#510 = ORIENTED_EDGE ( 'NONE', *, *, #3548, .F. ) ;
#511 = EDGE_CURVE ( 'NONE', #2224, #1819, #2517, .T. ) ;
#512 = ORIENTED_EDGE ( 'NONE', *, *, #2467, .T. ) ;
#513 = PRODUCT_CONTEXT ( 'NONE', #1425, 'mechanical' ) ;
#514 = ORIENTED_EDGE ( 'NONE', *, *, #1756, .F. ) ;
#515 = CARTESIAN_POINT ( 'NONE',  ( -0.05019685039370078150, -0.01417322834645669272, 0.04527559055118110520 ) ) ;
#516 = DIRECTION ( 'NONE',  ( 0.000000000000000000, 0.000000000000000000, 1.000000000000000000 ) ) ;
#517 = EDGE_CURVE ( 'NONE', #3052, #2547, #1959, .T. ) ;
#518 = DIRECTION ( 'NONE',  ( 0.7071067811865474617, 0.000000000000000000, -0.7071067811865474617 ) ) ;
#519 = SURFACE_STYLE_USAGE ( .BOTH. , #2274 ) ;
#520 = CARTESIAN_POINT ( 'NONE',  ( 0.04330708661417323468, -0.01417322834645669272, 0.04330708661417323468 ) ) ;
#521 = EDGE_LOOP ( 'NONE', ( #2411, #2474, #789, #2524 ) ) ;
#522 = CARTESIAN_POINT ( 'NONE',  ( 0.04527559055118110520, -0.01437007874015748012, 0.04527559055118110520 ) ) ;
#523 = CARTESIAN_POINT ( 'NONE',  ( -0.02165354330708661734, -0.01437007874015748012, 0.06102362204724411099 ) ) ;
#524 = LINE ( 'NONE', #1416, #3751 ) ;
#525 = ORIENTED_EDGE ( 'NONE', *, *, #2982, .F. ) ;
#526 = DIRECTION ( 'NONE',  ( -1.000000000000000000, 0.000000000000000000, 0.000000000000000000 ) ) ;
#527 = VECTOR ( 'NONE', #2406, 39.37007874015748143 ) ;
#528 = CIRCLE ( 'NONE', #1020, 0.004921259842519680634 ) ;
#529 = LINE ( 'NONE', #2871, #1777 ) ;
#530 = EDGE_LOOP ( 'NONE', ( #3555, #1382, #2545, #2662 ) ) ;
#531 = EDGE_CURVE ( 'NONE', #1572, #607, #502, .T. ) ;
#532 = ORIENTED_EDGE ( 'NONE', *, *, #2929, .T. ) ;
#533 = VERTEX_POINT ( 'NONE', #170 ) ;
#534 = DIRECTION ( 'NONE',  ( 0.000000000000000000, 0.000000000000000000, 1.000000000000000000 ) ) ;
#535 = EDGE_CURVE ( 'NONE', #1252, #1510, #2844, .T. ) ;
#536 = ADVANCED_FACE ( 'NONE', ( #1928 ), #1126, .T. ) ;
#537 = LINE ( 'NONE', #249, #2160 ) ;
#538 = CARTESIAN_POINT ( 'NONE',  ( -0.04133858267716536417, -0.01456692913385826751, 0.000000000000000000 ) ) ;
#539 = ADVANCED_FACE ( 'NONE', ( #1986 ), #2803, .T. ) ;
#540 = ORIENTED_EDGE ( 'NONE', *, *, #1811, .T. ) ;
#541 = CARTESIAN_POINT ( 'NONE',  ( -0.02559055118110236879, -0.01417322834645669272, -0.007874015748031495954 ) ) ;
#542 = AXIS2_PLACEMENT_3D ( 'NONE', #2220, #1391, #3119 ) ;
#543 = EDGE_CURVE ( 'NONE', #163, #214, #2553, .T. ) ;
#544 = LINE ( 'NONE', #3180, #433 ) ;
#545 = COLOUR_RGB ( '',0.7921568627450980005, 0.8196078431372548767, 0.9333333333333333481 ) ;
#546 = ORIENTED_EDGE ( 'NONE', *, *, #1409, .F. ) ;
#547 = DIRECTION ( 'NONE',  ( 0.000000000000000000, 0.000000000000000000, -1.000000000000000000 ) ) ;
#548 = VECTOR ( 'NONE', #3428, 39.37007874015748143 ) ;
#549 = AXIS2_PLACEMENT_3D ( 'NONE', #2814, #469, #1093 ) ;
#550 = LINE ( 'NONE', #861, #2087 ) ;
#551 =( NAMED_UNIT ( * ) PLANE_ANGLE_UNIT ( ) SI_UNIT ( $, .RADIAN. ) );
#552 = VERTEX_POINT ( 'NONE', #2788 ) ;
#553 = VECTOR ( 'NONE', #2910, 39.37007874015748143 ) ;
#554 = AXIS2_PLACEMENT_3D ( 'NONE', #3, #2659, #2370 ) ;
#555 = ORIENTED_EDGE ( 'NONE', *, *, #1316, .F. ) ;
#556 = ORIENTED_EDGE ( 'NONE', *, *, #2060, .T. ) ;
#557 = CARTESIAN_POINT ( 'NONE',  ( 0.000000000000000000, 0.02440944881889763746, -0.03070866141732284463 ) ) ;
#558 = DIRECTION ( 'NONE',  ( 0.000000000000000000, 0.000000000000000000, 1.000000000000000000 ) ) ;
#559 = DIRECTION ( 'NONE',  ( 0.000000000000000000, 0.000000000000000000, 1.000000000000000000 ) ) ;
#560 = EDGE_CURVE ( 'NONE', #1572, #1819, #3158, .T. ) ;
#561 = EDGE_LOOP ( 'NONE', ( #222, #1738, #757, #64 ) ) ;
#562 = LINE ( 'NONE', #3201, #293 ) ;
#563 = EDGE_CURVE ( 'NONE', #2827, #2250, #766, .T. ) ;
#564 = LINE ( 'NONE', #272, #677 ) ;
#565 = VERTEX_POINT ( 'NONE', #1407 ) ;
#566 = CARTESIAN_POINT ( 'NONE',  ( 0.000000000000000000, -0.01417322834645669272, 0.06791338582677165780 ) ) ;
#567 = ADVANCED_FACE ( 'NONE', ( #1948 ), #152, .F. ) ;
#568 = DIRECTION ( 'NONE',  ( 0.7071067811871976083, 0.000000000000000000, 0.7071067811858975372 ) ) ;
#569 =( NAMED_UNIT ( * ) PLANE_ANGLE_UNIT ( ) SI_UNIT ( $, .RADIAN. ) );
#570 = ORIENTED_EDGE ( 'NONE', *, *, #1206, .F. ) ;
#571 = EDGE_LOOP ( 'NONE', ( #2899, #1431, #2777, #570 ) ) ;
#572 = EDGE_LOOP ( 'NONE', ( #2735, #938, #3724, #3590 ) ) ;
#573 = DIRECTION ( 'NONE',  ( 0.000000000000000000, 1.000000000000000000, 0.000000000000000000 ) ) ;
#574 = CARTESIAN_POINT ( 'NONE',  ( 0.04133858267716536417, -0.01437007874015748012, -0.04133858267716536417 ) ) ;
#575 = CARTESIAN_POINT ( 'NONE',  ( -0.02559055118110236879, -0.01456692913385826751, -0.07480314960629921850 ) ) ;
#576 = CARTESIAN_POINT ( 'NONE',  ( 0.000000000000000000, 0.02086614173228347122, -0.03070866141732284463 ) ) ;
#577 = VERTEX_POINT ( 'NONE', #191 ) ;
#578 = CARTESIAN_POINT ( 'NONE',  ( 0.04527559055118110520, -0.01417322834645669272, 0.04527559055118110520 ) ) ;
#579 = ADVANCED_FACE ( 'NONE', ( #3469 ), #1327, .T. ) ;
#580 = LINE ( 'NONE', #2985, #1661 ) ;
#581 = VERTEX_POINT ( 'NONE', #1910 ) ;
#582 = DIRECTION ( 'NONE',  ( 0.000000000000000000, 0.000000000000000000, 1.000000000000000000 ) ) ;
#583 = FACE_OUTER_BOUND ( 'NONE', #332, .T. ) ;
#584 = DIRECTION ( 'NONE',  ( 0.000000000000000000, 1.000000000000000000, 0.000000000000000000 ) ) ;
#585 = ORIENTED_EDGE ( 'NONE', *, *, #3523, .T. ) ;
#586 = VERTEX_POINT ( 'NONE', #1046 ) ;
#587 = CARTESIAN_POINT ( 'NONE',  ( 0.05511811023622047168, -0.01437007874015748012, -0.04527559055118110520 ) ) ;
#588 = ORIENTED_EDGE ( 'NONE', *, *, #1222, .F. ) ;
#589 = FACE_OUTER_BOUND ( 'NONE', #223, .T. ) ;
#590 = DIRECTION ( 'NONE',  ( -0.000000000000000000, -1.000000000000000000, -0.000000000000000000 ) ) ;
#591 = DIRECTION ( 'NONE',  ( 0.000000000000000000, 1.000000000000000000, 0.000000000000000000 ) ) ;
#592 = ORIENTED_EDGE ( 'NONE', *, *, #1227, .T. ) ;
#593 = DIRECTION ( 'NONE',  ( -0.7071067811858974261, 0.000000000000000000, -0.7071067811871974973 ) ) ;
#594 = LINE ( 'NONE', #3219, #2189 ) ;
#595 = ORIENTED_EDGE ( 'NONE', *, *, #3476, .F. ) ;
#596 = CARTESIAN_POINT ( 'NONE',  ( -0.02559055118110236879, -0.01417322834645669272, 0.06496062992125983815 ) ) ;
#597 = VECTOR ( 'NONE', #1540, 39.37007874015748143 ) ;
#598 = LINE ( 'NONE', #3531, #244 ) ;
#599 = AXIS2_PLACEMENT_3D ( 'NONE', #1058, #706, #1940 ) ;
#600 = DIRECTION ( 'NONE',  ( -1.000000000000000000, 0.000000000000000000, 0.000000000000000000 ) ) ;
#601 = ADVANCED_FACE ( 'NONE', ( #2310 ), #849, .T. ) ;
#602 = EDGE_CURVE ( 'NONE', #2153, #2559, #1748, .T. ) ;
#603 = ORIENTED_EDGE ( 'NONE', *, *, #1503, .T. ) ;
#604 = STYLED_ITEM ( 'NONE', ( #2688 ), #2106 ) ;
#605 = VECTOR ( 'NONE', #2612, 39.37007874015748143 ) ;
#606 = EDGE_CURVE ( 'NONE', #2600, #716, #118, .T. ) ;
#607 = VERTEX_POINT ( 'NONE', #1767 ) ;
#608 = CARTESIAN_POINT ( 'NONE',  ( 0.03346456692913385433, 0.02480314960629921572, -0.05314960629921260116 ) ) ;
#609 = AXIS2_PLACEMENT_3D ( 'NONE', #717, #3663, #2796 ) ;
#610 = AXIS2_PLACEMENT_3D ( 'NONE', #2180, #1914, #3396 ) ;
#611 = ORIENTED_EDGE ( 'NONE', *, *, #1565, .F. ) ;
#612 = FACE_OUTER_BOUND ( 'NONE', #3304, .T. ) ;
#613 = EDGE_CURVE ( 'NONE', #2587, #2876, #616, .T. ) ;
#614 = VECTOR ( 'NONE', #1857, 39.37007874015748143 ) ;
#615 = LINE ( 'NONE', #927, #1149 ) ;
#616 = LINE ( 'NONE', #2593, #2267 ) ;
#617 = LINE ( 'NONE', #907, #3614 ) ;
#618 = ORIENTED_EDGE ( 'NONE', *, *, #1565, .T. ) ;
#619 = DIRECTION ( 'NONE',  ( 0.000000000000000000, 1.000000000000000000, 0.000000000000000000 ) ) ;
#620 = EDGE_CURVE ( 'NONE', #288, #3088, #1791, .T. ) ;
#621 = FACE_OUTER_BOUND ( 'NONE', #2357, .T. ) ;
#622 = VERTEX_POINT ( 'NONE', #2382 ) ;
#623 = CARTESIAN_POINT ( 'NONE',  ( 0.04822834645669292486, -0.01417322834645669272, 0.000000000000000000 ) ) ;
#624 = PRODUCT_DEFINITION_FORMATION_WITH_SPECIFIED_SOURCE ( 'ANY', '', #1604, .NOT_KNOWN. ) ;
#625 = CYLINDRICAL_SURFACE ( 'NONE', #307, 0.004921259842519680634 ) ;
#626 = LINE ( 'NONE', #2356, #2272 ) ;
#627 = VERTEX_POINT ( 'NONE', #575 ) ;
#628 = ORIENTED_EDGE ( 'NONE', *, *, #353, .F. ) ;
#629 = PLANE ( 'NONE',  #1111 ) ;
#630 = ORIENTED_EDGE ( 'NONE', *, *, #3102, .F. ) ;
#631 = CARTESIAN_POINT ( 'NONE',  ( -0.03346456692913385433, 0.03070866141732283769, -0.06692913385826772255 ) ) ;
#632 = EDGE_CURVE ( 'NONE', #607, #1323, #33, .T. ) ;
#633 = CARTESIAN_POINT ( 'NONE',  ( 0.000000000000000000, -0.01456692913385826751, 0.007874015748031495954 ) ) ;
#634 = DIRECTION ( 'NONE',  ( 0.7071067811865474617, 0.000000000000000000, 0.7071067811865474617 ) ) ;
#635 = DIRECTION ( 'NONE',  ( -1.000000000000000000, 0.000000000000000000, 0.000000000000000000 ) ) ;
#636 = ORIENTED_EDGE ( 'NONE', *, *, #2721, .T. ) ;
#637 = CARTESIAN_POINT ( 'NONE',  ( -0.02559055118110236879, -0.01417322834645669272, 0.02657480314960630058 ) ) ;
#638 = CARTESIAN_POINT ( 'NONE',  ( 0.007874015748031495954, -0.01437007874015748012, -0.04527559055118110520 ) ) ;
#639 = VERTEX_POINT ( 'NONE', #1732 ) ;
#640 = DIRECTION ( 'NONE',  ( 0.000000000000000000, 1.000000000000000000, 0.000000000000000000 ) ) ;
#641 = VERTEX_POINT ( 'NONE', #1443 ) ;
#642 = LINE ( 'NONE', #1817, #553 ) ;
#643 = VERTEX_POINT ( 'NONE', #14 ) ;
#644 = VERTEX_POINT ( 'NONE', #3199 ) ;
#645 = DIRECTION ( 'NONE',  ( 0.7071067811865474617, 0.000000000000000000, -0.7071067811865474617 ) ) ;
#646 = ORIENTED_EDGE ( 'NONE', *, *, #895, .F. ) ;
#647 = LINE ( 'NONE', #386, #2140 ) ;
#648 = VECTOR ( 'NONE', #2883, 39.37007874015748143 ) ;
#649 = PLANE ( 'NONE',  #2523 ) ;
#650 =( LENGTH_UNIT ( ) NAMED_UNIT ( * ) SI_UNIT ( $, .METRE. ) );
#651 = ORIENTED_EDGE ( 'NONE', *, *, #3387, .T. ) ;
#652 = LINE ( 'NONE', #1595, #2139 ) ;
#653 = EDGE_CURVE ( 'NONE', #1714, #441, #3176, .T. ) ;
#654 = EDGE_CURVE ( 'NONE', #2732, #2296, #1182, .T. ) ;
#655 = CYLINDRICAL_SURFACE ( 'NONE', #2082, 0.004921259842519680634 ) ;
#656 = ADVANCED_FACE ( 'NONE', ( #1199 ), #1218, .T. ) ;
#657 = CARTESIAN_POINT ( 'NONE',  ( -0.02559055118110236879, -0.01437007874015748012, 0.04527559055118110520 ) ) ;
#658 = ORIENTED_EDGE ( 'NONE', *, *, #3102, .T. ) ;
#659 = CARTESIAN_POINT ( 'NONE',  ( -0.01673228346456692717, -0.01417322834645669272, -0.02657480314960630058 ) ) ;
#660 = ADVANCED_FACE ( 'NONE', ( #2631 ), #3811, .F. ) ;
#661 = CARTESIAN_POINT ( 'NONE',  ( 0.05511811023622047168, -0.01456692913385826751, 0.000000000000000000 ) ) ;
#662 = DIRECTION ( 'NONE',  ( 0.000000000000000000, 1.000000000000000000, 0.000000000000000000 ) ) ;
#663 = VERTEX_POINT ( 'NONE', #2056 ) ;
#664 = CIRCLE ( 'NONE', #3059, 0.004921259842519680634 ) ;
#665 = AXIS2_PLACEMENT_3D ( 'NONE', #2401, #2684, #1552 ) ;
#666 = ORIENTED_EDGE ( 'NONE', *, *, #517, .T. ) ;
#667 = DIRECTION ( 'NONE',  ( 1.000000000000000000, 0.000000000000000000, 0.000000000000000000 ) ) ;
#668 = VERTEX_POINT ( 'NONE', #831 ) ;
#669 = DIRECTION ( 'NONE',  ( 0.000000000000000000, 0.000000000000000000, 1.000000000000000000 ) ) ;
#670 = VECTOR ( 'NONE', #3649, 39.37007874015748143 ) ;
#671 = AXIS2_PLACEMENT_3D ( 'NONE', #2918, #287, #2021 ) ;
#672 = VECTOR ( 'NONE', #1475, 39.37007874015748854 ) ;
#673 = VECTOR ( 'NONE', #3532, 39.37007874015748143 ) ;
#674 = LINE ( 'NONE', #691, #3572 ) ;
#675 = ORIENTED_EDGE ( 'NONE', *, *, #2298, .F. ) ;
#676 = PLANE ( 'NONE',  #2142 ) ;
#677 = VECTOR ( 'NONE', #3487, 39.37007874015748143 ) ;
#678 = VECTOR ( 'NONE', #2793, 39.37007874015748143 ) ;
#679 = CARTESIAN_POINT ( 'NONE',  ( -0.04527559055118110520, -0.01456692913385826751, 0.04527559055118110520 ) ) ;
#680 = ORIENTED_EDGE ( 'NONE', *, *, #1880, .T. ) ;
#681 = LINE ( 'NONE', #3637, #3557 ) ;
#682 = ADVANCED_FACE ( 'NONE', ( #1430 ), #3773, .F. ) ;
#683 = FACE_OUTER_BOUND ( 'NONE', #2852, .T. ) ;
#684 = EDGE_CURVE ( 'NONE', #3517, #2317, #3233, .T. ) ;
#685 = PLANE ( 'NONE',  #610 ) ;
#686 = VERTEX_POINT ( 'NONE', #309 ) ;
#687 = ORIENTED_EDGE ( 'NONE', *, *, #2656, .F. ) ;
#688 = PLANE ( 'NONE',  #1469 ) ;
#689 = ORIENTED_EDGE ( 'NONE', *, *, #2698, .F. ) ;
#690 = DIRECTION ( 'NONE',  ( -1.000000000000000000, -0.000000000000000000, -0.000000000000000000 ) ) ;
#691 = CARTESIAN_POINT ( 'NONE',  ( 0.02559055118110236879, -0.01456692913385826751, -0.06496062992125983815 ) ) ;
#692 = ORIENTED_EDGE ( 'NONE', *, *, #1011, .T. ) ;
#693 = LINE ( 'NONE', #1519, #2503 ) ;
#694 = LINE ( 'NONE', #1869, #2064 ) ;
#695 = ORIENTED_EDGE ( 'NONE', *, *, #3269, .T. ) ;
#696 = FACE_OUTER_BOUND ( 'NONE', #521, .T. ) ;
#697 = EDGE_CURVE ( 'NONE', #1993, #3317, #2363, .T. ) ;
#698 = DIRECTION ( 'NONE',  ( 0.000000000000000000, 0.000000000000000000, 1.000000000000000000 ) ) ;
#699 = DIRECTION ( 'NONE',  ( -0.7071067811865474617, 0.000000000000000000, -0.7071067811865474617 ) ) ;
#700 = EDGE_LOOP ( 'NONE', ( #3341, #881, #3238, #1943 ) ) ;
#701 = EDGE_CURVE ( 'NONE', #3610, #1064, #3540, .T. ) ;
#702 = ORIENTED_EDGE ( 'NONE', *, *, #2927, .F. ) ;
#703 = CARTESIAN_POINT ( 'NONE',  ( 0.01771653543307086937, 0.03070866141732283769, 0.06692913385826770867 ) ) ;
#704 = EDGE_CURVE ( 'NONE', #45, #2505, #2669, .T. ) ;
#705 = DIRECTION ( 'NONE',  ( 1.000000000000000000, 0.000000000000000000, 0.000000000000000000 ) ) ;
#706 = DIRECTION ( 'NONE',  ( 0.000000000000000000, 1.000000000000000000, 0.000000000000000000 ) ) ;
#707 = UNCERTAINTY_MEASURE_WITH_UNIT (LENGTH_MEASURE( 1.000000000000000082E-05 ), #1659, 'distance_accuracy_value', 'NONE');
#708 = DIRECTION ( 'NONE',  ( 0.7071067811865483499, 0.000000000000000000, 0.7071067811865467956 ) ) ;
#709 = ORIENTED_EDGE ( 'NONE', *, *, #3078, .T. ) ;
#710 = LINE ( 'NONE', #1555, #2934 ) ;
#711 = DIRECTION ( 'NONE',  ( 1.000000000000000000, 0.000000000000000000, 0.000000000000000000 ) ) ;
#712 = ORIENTED_EDGE ( 'NONE', *, *, #1811, .F. ) ;
#713 = DIRECTION ( 'NONE',  ( -0.7071067811855974439, 0.000000000000000000, 0.7071067811874974796 ) ) ;
#714 = LINE ( 'NONE', #1913, #181 ) ;
#715 = LINE ( 'NONE', #2223, #2760 ) ;
#716 = VERTEX_POINT ( 'NONE', #3213 ) ;
#717 = CARTESIAN_POINT ( 'NONE',  ( 0.05019685039370078150, -0.01437007874015748012, -0.04527559055118110520 ) ) ;
#718 = EDGE_CURVE ( 'NONE', #2219, #47, #3111, .T. ) ;
#719 = EDGE_CURVE ( 'NONE', #908, #1352, #3628, .T. ) ;
#720 = DIRECTION ( 'NONE',  ( 0.000000000000000000, 1.000000000000000000, 0.000000000000000000 ) ) ;
#721 = CARTESIAN_POINT ( 'NONE',  ( -0.02559055118110236879, -0.01456692913385826751, -0.07480314960629921850 ) ) ;
#722 = ADVANCED_FACE ( 'NONE', ( #470 ), #759, .F. ) ;
#723 = ORIENTED_EDGE ( 'NONE', *, *, #1133, .T. ) ;
#724 = VECTOR ( 'NONE', #3651, 39.37007874015748143 ) ;
#725 = CARTESIAN_POINT ( 'NONE',  ( -0.007874015748031495954, -0.01456692913385826751, -0.007874015748031495954 ) ) ;
#726 = PLANE ( 'NONE',  #3743 ) ;
#727 = VERTEX_POINT ( 'NONE', #740 ) ;
#728 = CARTESIAN_POINT ( 'NONE',  ( 0.01673228346456692717, -0.01417322834645669272, -0.007874015748031495954 ) ) ;
#729 = AXIS2_PLACEMENT_3D ( 'NONE', #440, #1612, #762 ) ;
#730 = VECTOR ( 'NONE', #1460, 39.37007874015748143 ) ;
#731 = CARTESIAN_POINT ( 'NONE',  ( -0.02559055118110236879, -0.01417322834645669272, -0.04527559055118110520 ) ) ;
#732 = VECTOR ( 'NONE', #2550, 39.37007874015748143 ) ;
#733 = EDGE_LOOP ( 'NONE', ( #1440, #3014, #2971, #588, #291, #1114 ) ) ;
#734 = DIRECTION ( 'NONE',  ( -1.000000000000000000, -0.000000000000000000, -0.000000000000000000 ) ) ;
#735 = AXIS2_PLACEMENT_3D ( 'NONE', #566, #3204, #351 ) ;
#736 = CARTESIAN_POINT ( 'NONE',  ( 0.01673228346456692717, -0.01437007874015748012, 0.007874015748031495954 ) ) ;
#737 = DIRECTION ( 'NONE',  ( -0.7071067811865474617, 0.000000000000000000, 0.7071067811865474617 ) ) ;
#738 = ORIENTED_EDGE ( 'NONE', *, *, #2605, .T. ) ;
#739 = CARTESIAN_POINT ( 'NONE',  ( 0.000000000000000000, 0.02086614173228347122, -0.03070866141732284463 ) ) ;
#740 = CARTESIAN_POINT ( 'NONE',  ( 0.007874015748031495954, -0.01456692913385826751, -0.007874015748031495954 ) ) ;
#741 = CARTESIAN_POINT ( 'NONE',  ( 0.02165354330708661734, -0.01417322834645669272, 0.04527559055118110520 ) ) ;
#742 = VECTOR ( 'NONE', #286, 39.37007874015748143 ) ;
#743 = EDGE_CURVE ( 'NONE', #3777, #2008, #2488, .T. ) ;
#744 = UNCERTAINTY_MEASURE_WITH_UNIT (LENGTH_MEASURE( 1.000000000000000082E-05 ), #3242, 'distance_accuracy_value', 'NONE');
#745 = VERTEX_POINT ( 'NONE', #1877 ) ;
#746 = DIMENSIONAL_EXPONENTS ( 1.000000000000000000, 0.000000000000000000, 0.000000000000000000, 0.000000000000000000, 0.000000000000000000, 0.000000000000000000, 0.000000000000000000 ) ;
#747 = DIRECTION ( 'NONE',  ( 1.000000000000000000, 0.000000000000000000, 0.000000000000000000 ) ) ;
#748 = CARTESIAN_POINT ( 'NONE',  ( 0.01673228346456692717, -0.01437007874015748012, -0.04527559055118110520 ) ) ;
#749 = EDGE_LOOP ( 'NONE', ( #3243, #2518, #3326, #2913 ) ) ;
#750 = CARTESIAN_POINT ( 'NONE',  ( 0.02559055118110236879, -0.01417322834645669272, -0.04527559055118110520 ) ) ;
#751 = CARTESIAN_POINT ( 'NONE',  ( -0.007874015748031495954, -0.01456692913385826751, 0.02657480314960630058 ) ) ;
#752 = ORIENTED_EDGE ( 'NONE', *, *, #3222, .T. ) ;
#753 = LINE ( 'NONE', #1715, #3433 ) ;
#754 = CARTESIAN_POINT ( 'NONE',  ( -0.04527559055118110520, -0.01456692913385826751, 0.04527559055118110520 ) ) ;
#755 = ORIENTED_EDGE ( 'NONE', *, *, #37, .F. ) ;
#756 = DIRECTION ( 'NONE',  ( 0.7071067811865483499, 0.000000000000000000, -0.7071067811865467956 ) ) ;
#757 = ORIENTED_EDGE ( 'NONE', *, *, #2502, .F. ) ;
#758 = DIRECTION ( 'NONE',  ( -1.000000000000000000, 0.000000000000000000, 0.000000000000000000 ) ) ;
#759 = PLANE ( 'NONE',  #3007 ) ;
#760 = CARTESIAN_POINT ( 'NONE',  ( 0.04822834645669291098, -0.01437007874015748012, 0.06791338582677165780 ) ) ;
#761 = FACE_OUTER_BOUND ( 'NONE', #2350, .T. ) ;
#762 = DIRECTION ( 'NONE',  ( 0.000000000000000000, 0.000000000000000000, 1.000000000000000000 ) ) ;
#763 = ORIENTED_EDGE ( 'NONE', *, *, #1618, .F. ) ;
#764 = DIRECTION ( 'NONE',  ( -1.000000000000000000, 0.000000000000000000, 0.000000000000000000 ) ) ;
#765 = FILL_AREA_STYLE_COLOUR ( '', #31 ) ;
#766 = LINE ( 'NONE', #1350, #1404 ) ;
#767 = EDGE_CURVE ( 'NONE', #843, #972, #1918, .T. ) ;
#768 = EDGE_CURVE ( 'NONE', #2384, #2505, #3399, .T. ) ;
#769 = VERTEX_POINT ( 'NONE', #2100 ) ;
#770 = CARTESIAN_POINT ( 'NONE',  ( 0.007874015748031495954, -0.01456692913385826751, -0.04527559055118110520 ) ) ;
#771 = VECTOR ( 'NONE', #2103, 39.37007874015748143 ) ;
#772 = EDGE_CURVE ( 'NONE', #716, #1714, #1305, .T. ) ;
#773 = CARTESIAN_POINT ( 'NONE',  ( -0.04330708661417323468, -0.01437007874015748012, -0.04330708661417323468 ) ) ;
#774 = ORIENTED_EDGE ( 'NONE', *, *, #2653, .T. ) ;
#775 = LINE ( 'NONE', #1131, #2088 ) ;
#776 = DIRECTION ( 'NONE',  ( 0.000000000000000000, 0.000000000000000000, 1.000000000000000000 ) ) ;
#777 = CARTESIAN_POINT ( 'NONE',  ( 0.02165354330708661734, -0.01456692913385826751, 0.04527559055118110520 ) ) ;
#778 = DIRECTION ( 'NONE',  ( 0.000000000000000000, 1.000000000000000000, 0.000000000000000000 ) ) ;
#779 = EDGE_LOOP ( 'NONE', ( #1461, #3570, #3785, #2062 ) ) ;
#780 = CARTESIAN_POINT ( 'NONE',  ( 0.000000000000000000, -0.01456692913385826751, -0.04527559055118110520 ) ) ;
#781 = DIRECTION ( 'NONE',  ( 0.7071067811874975906, 0.000000000000000000, 0.7071067811855975549 ) ) ;
#782 = DIRECTION ( 'NONE',  ( 0.000000000000000000, 0.000000000000000000, 1.000000000000000000 ) ) ;
#783 = VECTOR ( 'NONE', #516, 39.37007874015748143 ) ;
#784 = VECTOR ( 'NONE', #1049, 39.37007874015748143 ) ;
#785 = VECTOR ( 'NONE', #807, 39.37007874015748143 ) ;
#786 = CARTESIAN_POINT ( 'NONE',  ( -0.02165354330709055170, -0.01456692913385826751, -0.06102362204724411099 ) ) ;
#787 = FILL_AREA_STYLE ('',( #765 ) ) ;
#788 = CARTESIAN_POINT ( 'NONE',  ( 0.04527559055118110520, -0.01456692913385826751, 0.04527559055118110520 ) ) ;
#789 = ORIENTED_EDGE ( 'NONE', *, *, #602, .F. ) ;
#790 = FACE_OUTER_BOUND ( 'NONE', #1144, .T. ) ;
#791 = PLANE ( 'NONE',  #1037 ) ;
#792 = VECTOR ( 'NONE', #3672, 39.37007874015748143 ) ;
#793 = VECTOR ( 'NONE', #2963, 39.37007874015748143 ) ;
#794 = VECTOR ( 'NONE', #3165, 39.37007874015748143 ) ;
#795 = LINE ( 'NONE', #1374, #3808 ) ;
#796 = VECTOR ( 'NONE', #584, 39.37007874015748143 ) ;
#797 = ORIENTED_EDGE ( 'NONE', *, *, #3578, .T. ) ;
#798 = CARTESIAN_POINT ( 'NONE',  ( -0.04527559055118110520, -0.01417322834645669272, 0.04527559055118110520 ) ) ;
#799 = AXIS2_PLACEMENT_3D ( 'NONE', #2969, #1449, #2065 ) ;
#800 = EDGE_CURVE ( 'NONE', #1753, #1252, #3275, .T. ) ;
#801 = CARTESIAN_POINT ( 'NONE',  ( -0.05019685039370078150, -0.01437007874015748012, 0.04527559055118110520 ) ) ;
#802 = SURFACE_STYLE_USAGE ( .BOTH. , #2603 ) ;
#803 = ORIENTED_EDGE ( 'NONE', *, *, #1709, .F. ) ;
#804 = VERTEX_POINT ( 'NONE', #1628 ) ;
#805 = ORIENTED_EDGE ( 'NONE', *, *, #824, .F. ) ;
#806 = CARTESIAN_POINT ( 'NONE',  ( 0.05511811023622047168, -0.01417322834645669272, 0.04527559055118110520 ) ) ;
#807 = DIRECTION ( 'NONE',  ( 0.000000000000000000, 0.000000000000000000, -1.000000000000000000 ) ) ;
#808 = CARTESIAN_POINT ( 'NONE',  ( 0.05511811023622047168, -0.01456692913385826751, 0.000000000000000000 ) ) ;
#809 = AXIS2_PLACEMENT_3D ( 'NONE', #1962, #2266, #497 ) ;
#810 = CARTESIAN_POINT ( 'NONE',  ( 0.02559055118110170612, -0.01417322834645669272, -0.06496062992126051816 ) ) ;
#811 = DIRECTION ( 'NONE',  ( 1.000000000000000000, 0.000000000000000000, 0.000000000000000000 ) ) ;
#812 = ORIENTED_EDGE ( 'NONE', *, *, #3459, .T. ) ;
#813 = PLANE ( 'NONE',  #1581 ) ;
#814 = CARTESIAN_POINT ( 'NONE',  ( -0.04133858267716536417, -0.01456692913385826751, -0.04133858267716536417 ) ) ;
#815 = ORIENTED_EDGE ( 'NONE', *, *, #3735, .F. ) ;
#816 = FACE_OUTER_BOUND ( 'NONE', #937, .T. ) ;
#817 = EDGE_CURVE ( 'NONE', #836, #1269, #161, .T. ) ;
#818 = ORIENTED_EDGE ( 'NONE', *, *, #1861, .F. ) ;
#819 = LINE ( 'NONE', #1683, #2147 ) ;
#820 = LENGTH_MEASURE_WITH_UNIT ( LENGTH_MEASURE( 0.02539999999999999897 ), #2284 );
#821 = EDGE_CURVE ( 'NONE', #1420, #1174, #3071, .T. ) ;
#822 = EDGE_CURVE ( 'NONE', #1685, #1743, #1807, .T. ) ;
#823 = ORIENTED_EDGE ( 'NONE', *, *, #2094, .T. ) ;
#824 = EDGE_CURVE ( 'NONE', #1064, #901, #438, .T. ) ;
#825 = ORIENTED_EDGE ( 'NONE', *, *, #1228, .T. ) ;
#826 = VERTEX_POINT ( 'NONE', #2978 ) ;
#827 = CARTESIAN_POINT ( 'NONE',  ( -0.007874015748031495954, -0.01456692913385826751, 0.007874015748031495954 ) ) ;
#828 = DIRECTION ( 'NONE',  ( 0.000000000000000000, 1.000000000000000000, 0.000000000000000000 ) ) ;
#829 = MANIFOLD_SOLID_BREP ( 'solid-6', #2869 ) ;
#830 = PLANE ( 'NONE',  #120 ) ;
#831 = CARTESIAN_POINT ( 'NONE',  ( 0.02165354330709072170, -0.01417322834645669272, -0.06102362204724393058 ) ) ;
#832 = DIRECTION ( 'NONE',  ( 0.000000000000000000, -1.000000000000000000, 0.000000000000000000 ) ) ;
#833 = ORIENTED_EDGE ( 'NONE', *, *, #1709, .T. ) ;
#834 = CARTESIAN_POINT ( 'NONE',  ( 0.02559055118110236879, -0.01417322834645669272, 0.007874015748031495954 ) ) ;
#835 = CARTESIAN_POINT ( 'NONE',  ( 0.01673228346456692717, -0.01417322834645669272, 0.007874015748031495954 ) ) ;
#836 = VERTEX_POINT ( 'NONE', #777 ) ;
#837 = FACE_BOUND ( 'NONE', #3226, .T. ) ;
#838 = MANIFOLD_SOLID_BREP ( 'solid-8', #902 ) ;
#839 = DIRECTION ( 'NONE',  ( -1.000000000000000000, 0.000000000000000000, 0.000000000000000000 ) ) ;
#840 = LINE ( 'NONE', #3166, #3192 ) ;
#841 = ORIENTED_EDGE ( 'NONE', *, *, #2786, .T. ) ;
#842 = ADVANCED_FACE ( 'NONE', ( #1360 ), #3131, .T. ) ;
#843 = VERTEX_POINT ( 'NONE', #3720 ) ;
#844 = ORIENTED_EDGE ( 'NONE', *, *, #1946, .T. ) ;
#845 = LINE ( 'NONE', #2289, #1582 ) ;
#846 = MANIFOLD_SOLID_BREP ( 'solid-3', #1215 ) ;
#847 = EDGE_CURVE ( 'NONE', #639, #3052, #840, .T. ) ;
#848 = CARTESIAN_POINT ( 'NONE',  ( 0.007874015748031495954, -0.01456692913385826751, 0.007874015748031495954 ) ) ;
#849 = PLANE ( 'NONE',  #3128 ) ;
#850 = ORIENTED_EDGE ( 'NONE', *, *, #3335, .T. ) ;
#851 = CARTESIAN_POINT ( 'NONE',  ( -0.007874015748031495954, -0.01417322834645669272, -0.04527559055118110520 ) ) ;
#852 = VECTOR ( 'NONE', #2132, 39.37007874015748143 ) ;
#853 = DIRECTION ( 'NONE',  ( 0.000000000000000000, 0.000000000000000000, 1.000000000000000000 ) ) ;
#854 = VECTOR ( 'NONE', #76, 39.37007874015748143 ) ;
#855 = ORIENTED_EDGE ( 'NONE', *, *, #3106, .T. ) ;
#856 = CARTESIAN_POINT ( 'NONE',  ( 0.02559055118110236879, -0.01417322834645669272, 0.06496062992125983815 ) ) ;
#857 = VECTOR ( 'NONE', #690, 39.37007874015748143 ) ;
#858 = CIRCLE ( 'NONE', #3004, 0.004921259842519684971 ) ;
#859 = VECTOR ( 'NONE', #2687, 39.37007874015748143 ) ;
#860 = ORIENTED_EDGE ( 'NONE', *, *, #3146, .T. ) ;
#861 = CARTESIAN_POINT ( 'NONE',  ( 0.01673228346456692717, -0.01456692913385826751, 0.04527559055118110520 ) ) ;
#862 = EDGE_LOOP ( 'NONE', ( #1472, #266, #1286, #499, #3136, #2342 ) ) ;
#863 = AXIS2_PLACEMENT_3D ( 'NONE', #2640, #2924, #2409 ) ;
#864 = VECTOR ( 'NONE', #600, 39.37007874015748143 ) ;
#865 = ORIENTED_EDGE ( 'NONE', *, *, #966, .F. ) ;
#866 = ORIENTED_EDGE ( 'NONE', *, *, #3054, .F. ) ;
#867 = DIRECTION ( 'NONE',  ( -0.000000000000000000, -1.000000000000000000, -0.000000000000000000 ) ) ;
#868 = EDGE_CURVE ( 'NONE', #2219, #3271, #2240, .T. ) ;
#869 = UNCERTAINTY_MEASURE_WITH_UNIT (LENGTH_MEASURE( 1.000000000000000082E-05 ), #1045, 'distance_accuracy_value', 'NONE');
#870 = LINE ( 'NONE', #1158, #2038 ) ;
#871 = DIRECTION ( 'NONE',  ( -1.000000000000000000, 0.000000000000000000, 0.000000000000000000 ) ) ;
#872 = ORIENTED_EDGE ( 'NONE', *, *, #684, .F. ) ;
#873 = LINE ( 'NONE', #311, #1958 ) ;
#874 = VECTOR ( 'NONE', #420, 39.37007874015748143 ) ;
#875 = DIRECTION ( 'NONE',  ( 0.000000000000000000, 0.000000000000000000, 1.000000000000000000 ) ) ;
#876 = EDGE_LOOP ( 'NONE', ( #2900, #2162, #2343, #3013 ) ) ;
#877 = PLANE ( 'NONE',  #735 ) ;
#878 = MANIFOLD_SOLID_BREP ( 'solid-10', #2860 ) ;
#879 = LINE ( 'NONE', #3282, #3683 ) ;
#880 = CARTESIAN_POINT ( 'NONE',  ( 0.02165354330708661734, -0.01456692913385826751, 0.06102362204724411099 ) ) ;
#881 = ORIENTED_EDGE ( 'NONE', *, *, #940, .T. ) ;
#882 = ORIENTED_EDGE ( 'NONE', *, *, #767, .F. ) ;
#883 = VERTEX_POINT ( 'NONE', #1232 ) ;
#884 = CARTESIAN_POINT ( 'NONE',  ( -0.02559055118110236879, -0.01417322834645669272, 0.06988188976377952832 ) ) ;
#885 = LINE ( 'NONE', #3254, #2308 ) ;
#886 = DIRECTION ( 'NONE',  ( 1.000000000000000000, 0.000000000000000000, 0.000000000000000000 ) ) ;
#887 = PLANE ( 'NONE',  #1835 ) ;
#888 = EDGE_LOOP ( 'NONE', ( #3407, #1670, #3184, #1156 ) ) ;
#889 = CARTESIAN_POINT ( 'NONE',  ( -0.05019685039370078150, -0.01437007874015748012, 0.04527559055118110520 ) ) ;
#890 = EDGE_CURVE ( 'NONE', #298, #2396, #1422, .T. ) ;
#891 = ADVANCED_FACE ( 'NONE', ( #3799 ), #2108, .T. ) ;
#892 = CARTESIAN_POINT ( 'NONE',  ( -0.02559055118110236879, -0.01417322834645669272, 0.04527559055118110520 ) ) ;
#893 = EDGE_LOOP ( 'NONE', ( #2376, #3324, #3167, #1887 ) ) ;
#894 = CARTESIAN_POINT ( 'NONE',  ( -0.007874015748031495954, -0.01456692913385826751, -0.02657480314960630058 ) ) ;
#895 = EDGE_CURVE ( 'NONE', #3227, #2127, #297, .T. ) ;
#896 = CARTESIAN_POINT ( 'NONE',  ( -0.007874015748031495954, -0.01456692913385826751, -0.04527559055118110520 ) ) ;
#897 = ORIENTED_EDGE ( 'NONE', *, *, #3335, .F. ) ;
#898 = STYLED_ITEM ( 'NONE', ( #135 ), #3373 ) ;
#899 = ORIENTED_EDGE ( 'NONE', *, *, #2770, .T. ) ;
#900 = DIRECTION ( 'NONE',  ( 0.000000000000000000, 0.000000000000000000, -1.000000000000000000 ) ) ;
#901 = VERTEX_POINT ( 'NONE', #2066 ) ;
#902 = CLOSED_SHELL ( 'NONE', ( #660, #2413, #2204, #1363, #3334, #2833, #539 ) ) ;
#903 = DIRECTION ( 'NONE',  ( -0.000000000000000000, -1.000000000000000000, -0.000000000000000000 ) ) ;
#904 = APPLICATION_CONTEXT ( 'automotive_design' ) ;
#905 = CARTESIAN_POINT ( 'NONE',  ( 0.007874015748031495954, -0.01417322834645669272, 0.007874015748031495954 ) ) ;
#906 = CARTESIAN_POINT ( 'NONE',  ( 0.02165354330708661734, -0.01437007874015748012, 0.06102362204724411099 ) ) ;
#907 = CARTESIAN_POINT ( 'NONE',  ( 0.000000000000000000, -0.01456692913385826751, 0.06102362204724411099 ) ) ;
#908 = VERTEX_POINT ( 'NONE', #6 ) ;
#909 = CARTESIAN_POINT ( 'NONE',  ( -0.05019685039370078150, -0.01437007874015748012, -0.04527559055118110520 ) ) ;
#910 = FACE_OUTER_BOUND ( 'NONE', #413, .T. ) ;
#911 = ORIENTED_EDGE ( 'NONE', *, *, #2482, .T. ) ;
#912 = FACE_OUTER_BOUND ( 'NONE', #3754, .T. ) ;
#913 = EDGE_CURVE ( 'NONE', #3181, #288, #626, .T. ) ;
#914 = AXIS2_PLACEMENT_3D ( 'NONE', #2175, #987, #3634 ) ;
#915 = DIRECTION ( 'NONE',  ( 1.000000000000000000, 0.000000000000000000, 0.000000000000000000 ) ) ;
#916 = VECTOR ( 'NONE', #230, 39.37007874015748854 ) ;
#917 = ORIENTED_EDGE ( 'NONE', *, *, #3169, .F. ) ;
#918 = PRESENTATION_LAYER_ASSIGNMENT (  '', '', ( #3498 ) ) ;
#919 = EDGE_CURVE ( 'NONE', #901, #3339, #2090, .T. ) ;
#920 = ORIENTED_EDGE ( 'NONE', *, *, #1977, .F. ) ;
#921 = FACE_OUTER_BOUND ( 'NONE', #3330, .T. ) ;
#922 = AXIS2_PLACEMENT_3D ( 'NONE', #127, #2203, #1563 ) ;
#923 = VECTOR ( 'NONE', #2256, 39.37007874015748143 ) ;
#924 = EDGE_LOOP ( 'NONE', ( #59, #313, #2261, #3681, #2824, #1759 ) ) ;
#925 = CARTESIAN_POINT ( 'NONE',  ( 0.02559055118110170612, -0.01456692913385826751, -0.06496062992126051816 ) ) ;
#926 = AXIS2_PLACEMENT_3D ( 'NONE', #378, #124, #1263 ) ;
#927 = CARTESIAN_POINT ( 'NONE',  ( 0.000000000000000000, -0.01456692913385826751, -0.06102362204724411099 ) ) ;
#928 = CARTESIAN_POINT ( 'NONE',  ( 0.02559055118110236879, -0.01437007874015748012, 0.007874015748031495954 ) ) ;
#929 = EDGE_LOOP ( 'NONE', ( #2773, #1979, #96, #1705 ) ) ;
#930 = DIRECTION ( 'NONE',  ( 0.000000000000000000, -1.000000000000000000, 0.000000000000000000 ) ) ;
#931 = DIRECTION ( 'NONE',  ( 1.000000000000000000, 0.000000000000000000, 0.000000000000000000 ) ) ;
#932 = VERTEX_POINT ( 'NONE', #3516 ) ;
#933 = CARTESIAN_POINT ( 'NONE',  ( 0.007874015748031495954, -0.01417322834645669272, 0.007874015748031495954 ) ) ;
#934 =( GEOMETRIC_REPRESENTATION_CONTEXT ( 3 ) GLOBAL_UNCERTAINTY_ASSIGNED_CONTEXT ( ( #2937 ) ) GLOBAL_UNIT_ASSIGNED_CONTEXT ( ( #2530, #2491, #2836 ) ) REPRESENTATION_CONTEXT ( 'NONE', 'WORKASPACE' ) );
#935 = FACE_OUTER_BOUND ( 'NONE', #3463, .T. ) ;
#936 = CARTESIAN_POINT ( 'NONE',  ( -0.02559055118110236879, -0.01456692913385826751, 0.02657480314960630058 ) ) ;
#937 = EDGE_LOOP ( 'NONE', ( #347, #2168, #2562, #3536 ) ) ;
#938 = ORIENTED_EDGE ( 'NONE', *, *, #3661, .T. ) ;
#939 = FACE_OUTER_BOUND ( 'NONE', #1188, .T. ) ;
#940 = EDGE_CURVE ( 'NONE', #2789, #3769, #317, .T. ) ;
#941 = EDGE_CURVE ( 'NONE', #1513, #1753, #1781, .T. ) ;
#942 = ORIENTED_EDGE ( 'NONE', *, *, #1597, .F. ) ;
#943 = LINE ( 'NONE', #1823, #1102 ) ;
#944 = EDGE_CURVE ( 'NONE', #2547, #243, #1838, .T. ) ;
#945 = CARTESIAN_POINT ( 'NONE',  ( 0.02165354330708751940, -0.01456692913385826751, 0.06102362204724319505 ) ) ;
#946 = LINE ( 'NONE', #2156, #2018 ) ;
#947 = ORIENTED_EDGE ( 'NONE', *, *, #2820, .T. ) ;
#948 = DIRECTION ( 'NONE',  ( -1.000000000000000000, 0.000000000000000000, 0.000000000000000000 ) ) ;
#949 = EDGE_CURVE ( 'NONE', #1137, #3149, #2970, .T. ) ;
#950 = LINE ( 'NONE', #169, #2916 ) ;
#951 = ORIENTED_EDGE ( 'NONE', *, *, #1206, .T. ) ;
#952 = CARTESIAN_POINT ( 'NONE',  ( 0.000000000000000000, -0.01456692913385826751, 0.04527559055118110520 ) ) ;
#953 = LINE ( 'NONE', #2952, #988 ) ;
#954 = CARTESIAN_POINT ( 'NONE',  ( 0.000000000000000000, 0.02480314960629921572, 0.000000000000000000 ) ) ;
#955 = ORIENTED_EDGE ( 'NONE', *, *, #2579, .F. ) ;
#956 = VERTEX_POINT ( 'NONE', #880 ) ;
#957 = DIRECTION ( 'NONE',  ( 0.000000000000000000, 0.000000000000000000, 1.000000000000000000 ) ) ;
#958 = ORIENTED_EDGE ( 'NONE', *, *, #3273, .T. ) ;
#959 = CARTESIAN_POINT ( 'NONE',  ( 0.01673228346456692717, -0.01456692913385826751, -0.02657480314960630058 ) ) ;
#960 = VECTOR ( 'NONE', #3295, 39.37007874015748143 ) ;
#961 = DIRECTION ( 'NONE',  ( 0.000000000000000000, 0.000000000000000000, 1.000000000000000000 ) ) ;
#962 = FILL_AREA_STYLE_COLOUR ( '', #545 ) ;
#963 = ADVANCED_FACE ( 'NONE', ( #2679 ), #1818, .F. ) ;
#964 = EDGE_LOOP ( 'NONE', ( #2077, #2304, #3262, #702 ) ) ;
#965 = DIRECTION ( 'NONE',  ( 0.000000000000000000, 1.000000000000000000, 0.000000000000000000 ) ) ;
#966 = EDGE_CURVE ( 'NONE', #1055, #3323, #1528, .T. ) ;
#967 =( NAMED_UNIT ( * ) PLANE_ANGLE_UNIT ( ) SI_UNIT ( $, .RADIAN. ) );
#968 = ORIENTED_EDGE ( 'NONE', *, *, #1294, .F. ) ;
#969 = DIRECTION ( 'NONE',  ( 0.7071067811865474617, 0.000000000000000000, -0.7071067811865474617 ) ) ;
#970 = CARTESIAN_POINT ( 'NONE',  ( 0.02559055118110236879, -0.01437007874015748012, -0.007874015748031495954 ) ) ;
#971 = DIRECTION ( 'NONE',  ( 0.000000000000000000, 0.000000000000000000, 1.000000000000000000 ) ) ;
#972 = VERTEX_POINT ( 'NONE', #2123 ) ;
#973 = AXIS2_PLACEMENT_3D ( 'NONE', #909, #1810, #2078 ) ;
#974 = AXIS2_PLACEMENT_3D ( 'NONE', #471, #1015, #1337 ) ;
#975 = EDGE_LOOP ( 'NONE', ( #2034, #1084, #2598, #1937 ) ) ;
#976 = CARTESIAN_POINT ( 'NONE',  ( -0.04133858267716536417, -0.01417322834645669272, 0.04133858267716536417 ) ) ;
#977 = ORIENTED_EDGE ( 'NONE', *, *, #1030, .T. ) ;
#978 = CARTESIAN_POINT ( 'NONE',  ( -0.04133858267716536417, -0.01437007874015748012, -0.04133858267716536417 ) ) ;
#979 = VECTOR ( 'NONE', #3065, 39.37007874015748143 ) ;
#980 = VECTOR ( 'NONE', #871, 39.37007874015748143 ) ;
#981 = VECTOR ( 'NONE', #1614, 39.37007874015748143 ) ;
#982 = VECTOR ( 'NONE', #756, 39.37007874015748143 ) ;
#983 = LINE ( 'NONE', #2711, #2403 ) ;
#984 = EDGE_CURVE ( 'NONE', #243, #1483, #1113, .T. ) ;
#985 = CARTESIAN_POINT ( 'NONE',  ( 0.007874015748031495954, -0.01456692913385826751, 0.04527559055118110520 ) ) ;
#986 = EDGE_LOOP ( 'NONE', ( #1535, #1072, #3440, #3542 ) ) ;
#987 = DIRECTION ( 'NONE',  ( -0.000000000000000000, -1.000000000000000000, -0.000000000000000000 ) ) ;
#988 = VECTOR ( 'NONE', #1249, 39.37007874015748143 ) ;
#989 = SURFACE_SIDE_STYLE ('',( #1260 ) ) ;
#990 = VERTEX_POINT ( 'NONE', #1450 ) ;
#991 = DIRECTION ( 'NONE',  ( 1.000000000000000000, 0.000000000000000000, 0.000000000000000000 ) ) ;
#992 = CARTESIAN_POINT ( 'NONE',  ( 0.04527559055118110520, -0.01456692913385826751, -0.04527559055118110520 ) ) ;
#993 = PLANE ( 'NONE',  #2394 ) ;
#994 = EDGE_LOOP ( 'NONE', ( #1816, #3118, #480, #3302, #81, #2006 ) ) ;
#995 = ORIENTED_EDGE ( 'NONE', *, *, #1880, .F. ) ;
#996 = DIRECTION ( 'NONE',  ( 0.000000000000000000, 0.000000000000000000, 1.000000000000000000 ) ) ;
#997 = LENGTH_MEASURE_WITH_UNIT ( LENGTH_MEASURE( 0.02539999999999999897 ), #454 );
#998 = PLANE ( 'NONE',  #974 ) ;
#999 = LINE ( 'NONE', #1847, #1544 ) ;
#1000 = LINE ( 'NONE', #3360, #2628 ) ;
#1001 = ORIENTED_EDGE ( 'NONE', *, *, #3523, .F. ) ;
#1002 = CARTESIAN_POINT ( 'NONE',  ( -0.03346456692913385433, 0.02480314960629921572, 0.05314960629921260116 ) ) ;
#1003 =( NAMED_UNIT ( * ) SI_UNIT ( $, .STERADIAN. ) SOLID_ANGLE_UNIT ( ) );
#1004 = ORIENTED_EDGE ( 'NONE', *, *, #2769, .F. ) ;
#1005 = FACE_OUTER_BOUND ( 'NONE', #133, .T. ) ;
#1006 = EDGE_CURVE ( 'NONE', #3718, #441, #2049, .T. ) ;
#1007 = EDGE_CURVE ( 'NONE', #3149, #533, #715, .T. ) ;
#1008 = PLANE ( 'NONE',  #3260 ) ;
#1009 = LINE ( 'NONE', #1624, #982 ) ;
#1010 = EDGE_CURVE ( 'NONE', #641, #3395, #84, .T. ) ;
#1011 = EDGE_CURVE ( 'NONE', #401, #2904, #1331, .T. ) ;
#1012 = ORIENTED_EDGE ( 'NONE', *, *, #66, .F. ) ;
#1013 = DIRECTION ( 'NONE',  ( 1.000000000000000000, 0.000000000000000000, 0.000000000000000000 ) ) ;
#1014 =( CONVERSION_BASED_UNIT ( 'INCH', #997 ) LENGTH_UNIT ( ) NAMED_UNIT ( #3571 ) );
#1015 = DIRECTION ( 'NONE',  ( 0.7071067811865475727, 0.000000000000000000, -0.7071067811865475727 ) ) ;
#1016 = ADVANCED_FACE ( 'NONE', ( #142 ), #685, .F. ) ;
#1017 = EDGE_LOOP ( 'NONE', ( #305, #618, #3005, #2364 ) ) ;
#1018 = DIMENSIONAL_EXPONENTS ( 1.000000000000000000, 0.000000000000000000, 0.000000000000000000, 0.000000000000000000, 0.000000000000000000, 0.000000000000000000, 0.000000000000000000 ) ;
#1019 = DIRECTION ( 'NONE',  ( 0.000000000000000000, 1.000000000000000000, 0.000000000000000000 ) ) ;
#1020 = AXIS2_PLACEMENT_3D ( 'NONE', #1, #290, #2966 ) ;
#1021 = SURFACE_SIDE_STYLE ('',( #3020 ) ) ;
#1022 = LINE ( 'NONE', #1366, #415 ) ;
#1023 = DIRECTION ( 'NONE',  ( -0.000000000000000000, -1.000000000000000000, -0.000000000000000000 ) ) ;
#1024 = FACE_OUTER_BOUND ( 'NONE', #251, .T. ) ;
#1025 = DIRECTION ( 'NONE',  ( 0.000000000000000000, 0.000000000000000000, 1.000000000000000000 ) ) ;
#1026 = EDGE_LOOP ( 'NONE', ( #1390, #2013, #920, #1768 ) ) ;
#1027 = FACE_OUTER_BOUND ( 'NONE', #1026, .T. ) ;
#1028 = DIRECTION ( 'NONE',  ( 0.000000000000000000, 1.000000000000000000, 0.000000000000000000 ) ) ;
#1029 = DIRECTION ( 'NONE',  ( 0.000000000000000000, 0.000000000000000000, 1.000000000000000000 ) ) ;
#1030 = EDGE_CURVE ( 'NONE', #2886, #769, #1560, .T. ) ;
#1031 = VERTEX_POINT ( 'NONE', #158 ) ;
#1032 = CARTESIAN_POINT ( 'NONE',  ( -0.02559055118110236879, -0.01456692913385826751, -0.007874015748031495954 ) ) ;
#1033 = DIRECTION ( 'NONE',  ( -1.000000000000000000, 0.000000000000000000, 0.000000000000000000 ) ) ;
#1034 = LINE ( 'NONE', #3380, #1343 ) ;
#1035 = VECTOR ( 'NONE', #1353, 39.37007874015748854 ) ;
#1036 = EDGE_CURVE ( 'NONE', #663, #1867, #2882, .T. ) ;
#1037 = AXIS2_PLACEMENT_3D ( 'NONE', #2556, #3120, #3409 ) ;
#1038 = PLANE ( 'NONE',  #1362 ) ;
#1039 = VECTOR ( 'NONE', #1241, 39.37007874015748143 ) ;
#1040 = PLANE ( 'NONE',  #2877 ) ;
#1041 = ORIENTED_EDGE ( 'NONE', *, *, #1059, .F. ) ;
#1042 = AXIS2_PLACEMENT_3D ( 'NONE', #1908, #1674, #3727 ) ;
#1043 = AXIS2_PLACEMENT_3D ( 'NONE', #2872, #1725, #3462 ) ;
#1044 = PLANE ( 'NONE',  #1042 ) ;
#1045 =( CONVERSION_BASED_UNIT ( 'INCH', #1370 ) LENGTH_UNIT ( ) NAMED_UNIT ( #56 ) );
#1046 = CARTESIAN_POINT ( 'NONE',  ( 0.02559055118110145979, -0.01456692913385826751, 0.06496062992126075408 ) ) ;
#1047 = VECTOR ( 'NONE', #2847, 39.37007874015748143 ) ;
#1048 = EDGE_LOOP ( 'NONE', ( #3465, #1254, #1160, #546 ) ) ;
#1049 = DIRECTION ( 'NONE',  ( -1.000000000000000000, 0.000000000000000000, 0.000000000000000000 ) ) ;
#1050 = VECTOR ( 'NONE', #3550, 39.37007874015748143 ) ;
#1051 = FACE_OUTER_BOUND ( 'NONE', #2117, .T. ) ;
#1052 = LINE ( 'NONE', #3394, #1843 ) ;
#1053 = ORIENTED_EDGE ( 'NONE', *, *, #2557, .T. ) ;
#1054 = CARTESIAN_POINT ( 'NONE',  ( 0.01673228346456692717, -0.01417322834645669272, 0.04527559055118110520 ) ) ;
#1055 = VERTEX_POINT ( 'NONE', #1317 ) ;
#1056 = LINE ( 'NONE', #2225, #1964 ) ;
#1057 = DIRECTION ( 'NONE',  ( 0.000000000000000000, -1.000000000000000000, 0.000000000000000000 ) ) ;
#1058 = CARTESIAN_POINT ( 'NONE',  ( 0.000000000000000000, 0.02440944881889763746, -0.03070866141732284463 ) ) ;
#1059 = EDGE_CURVE ( 'NONE', #2606, #115, #1009, .T. ) ;
#1060 = EDGE_CURVE ( 'NONE', #2153, #3546, #103, .T. ) ;
#1061 = ORIENTED_EDGE ( 'NONE', *, *, #560, .F. ) ;
#1062 = CARTESIAN_POINT ( 'NONE',  ( 0.02559055118110236879, -0.01417322834645669272, 0.07480314960629921850 ) ) ;
#1063 = DIRECTION ( 'NONE',  ( 0.000000000000000000, 1.000000000000000000, 0.000000000000000000 ) ) ;
#1064 = VERTEX_POINT ( 'NONE', #3322 ) ;
#1065 = EDGE_CURVE ( 'NONE', #360, #2210, #3601, .T. ) ;
#1066 = LINE ( 'NONE', #1634, #303 ) ;
#1067 = ADVANCED_FACE ( 'NONE', ( #3028 ), #993, .F. ) ;
#1068 = DIRECTION ( 'NONE',  ( 0.000000000000000000, 0.000000000000000000, 1.000000000000000000 ) ) ;
#1069 = EDGE_LOOP ( 'NONE', ( #105, #917, #850, #408 ) ) ;
#1070 = DIRECTION ( 'NONE',  ( 0.000000000000000000, 0.000000000000000000, 1.000000000000000000 ) ) ;
#1071 = FACE_OUTER_BOUND ( 'NONE', #1981, .T. ) ;
#1072 = ORIENTED_EDGE ( 'NONE', *, *, #2091, .F. ) ;
#1073 = CARTESIAN_POINT ( 'NONE',  ( -0.05511811023622047168, -0.01417322834645669272, 0.04527559055118110520 ) ) ;
#1074 = FACE_OUTER_BOUND ( 'NONE', #2964, .T. ) ;
#1075 = SURFACE_STYLE_FILL_AREA ( #1136 ) ;
#1076 = FACE_OUTER_BOUND ( 'NONE', #1165, .T. ) ;
#1077 = EDGE_LOOP ( 'NONE', ( #2360, #257, #1334, #2011, #3477, #2845 ) ) ;
#1078 = CARTESIAN_POINT ( 'NONE',  ( 0.05019685039370078150, -0.01437007874015748012, 0.04527559055118110520 ) ) ;
#1079 = DIRECTION ( 'NONE',  ( 0.000000000000000000, 0.000000000000000000, 1.000000000000000000 ) ) ;
#1080 = FACE_OUTER_BOUND ( 'NONE', #3499, .T. ) ;
#1081 = CARTESIAN_POINT ( 'NONE',  ( -0.007874015748031495954, -0.01417322834645669272, -0.007874015748031495954 ) ) ;
#1082 = ADVANCED_FACE ( 'NONE', ( #435 ), #1280, .F. ) ;
#1083 = CARTESIAN_POINT ( 'NONE',  ( 0.03346456692913385433, 0.02480314960629921572, -0.06692913385826770867 ) ) ;
#1084 = ORIENTED_EDGE ( 'NONE', *, *, #1110, .F. ) ;
#1085 = CARTESIAN_POINT ( 'NONE',  ( -0.05511811023622047168, -0.01417322834645669272, -0.04527559055118110520 ) ) ;
#1086 = STYLED_ITEM ( 'NONE', ( #3038 ), #3413 ) ;
#1087 = ADVANCED_FACE ( 'NONE', ( #2776 ), #2484, .F. ) ;
#1088 = DIRECTION ( 'NONE',  ( 0.000000000000000000, 0.000000000000000000, 1.000000000000000000 ) ) ;
#1089 = ORIENTED_EDGE ( 'NONE', *, *, #403, .T. ) ;
#1090 = DIRECTION ( 'NONE',  ( 0.000000000000000000, 0.000000000000000000, -1.000000000000000000 ) ) ;
#1091 = EDGE_CURVE ( 'NONE', #1972, #2050, #2738, .T. ) ;
#1092 = ORIENTED_EDGE ( 'NONE', *, *, #2228, .F. ) ;
#1093 = DIRECTION ( 'NONE',  ( 0.000000000000000000, 0.000000000000000000, -1.000000000000000000 ) ) ;
#1094 =( NAMED_UNIT ( * ) SI_UNIT ( $, .STERADIAN. ) SOLID_ANGLE_UNIT ( ) );
#1095 = ORIENTED_EDGE ( 'NONE', *, *, #495, .F. ) ;
#1096 = ORIENTED_EDGE ( 'NONE', *, *, #1622, .T. ) ;
#1097 = DIRECTION ( 'NONE',  ( 1.000000000000000000, 0.000000000000000000, 0.000000000000000000 ) ) ;
#1098 = VERTEX_POINT ( 'NONE', #2758 ) ;
#1099 = DIRECTION ( 'NONE',  ( 0.000000000000000000, 1.000000000000000000, 0.000000000000000000 ) ) ;
#1100 = ORIENTED_EDGE ( 'NONE', *, *, #535, .F. ) ;
#1101 = VECTOR ( 'NONE', #2138, 39.37007874015748143 ) ;
#1102 = VECTOR ( 'NONE', #2380, 39.37007874015748143 ) ;
#1103 = LINE ( 'NONE', #2273, #429 ) ;
#1104 = ADVANCED_FACE ( 'NONE', ( #1547 ), #2720, .F. ) ;
#1105 = SURFACE_STYLE_FILL_AREA ( #3096 ) ;
#1106 = CARTESIAN_POINT ( 'NONE',  ( 0.000000000000000000, -0.01437007874015748012, -0.07480314960629921850 ) ) ;
#1107 = ORIENTED_EDGE ( 'NONE', *, *, #278, .T. ) ;
#1108 = LINE ( 'NONE', #1373, #2753 ) ;
#1109 = VECTOR ( 'NONE', #720, 39.37007874015748143 ) ;
#1110 = EDGE_CURVE ( 'NONE', #1394, #2124, #1873, .T. ) ;
#1111 = AXIS2_PLACEMENT_3D ( 'NONE', #2645, #3535, #3268 ) ;
#1112 = FACE_BOUND ( 'NONE', #2743, .T. ) ;
#1113 = CIRCLE ( 'NONE', #2819, 0.01377952755905511965 ) ;
#1114 = ORIENTED_EDGE ( 'NONE', *, *, #632, .F. ) ;
#1115 = CARTESIAN_POINT ( 'NONE',  ( 0.05905511811023622659, -0.01456692913385826751, 0.07874015748031495954 ) ) ;
#1116 = EDGE_CURVE ( 'NONE', #1665, #392, #1302, .T. ) ;
#1117 = VECTOR ( 'NONE', #1393, 39.37007874015748143 ) ;
#1118 = FACE_OUTER_BOUND ( 'NONE', #2930, .T. ) ;
#1119 = ORIENTED_EDGE ( 'NONE', *, *, #772, .T. ) ;
#1120 = ORIENTED_EDGE ( 'NONE', *, *, #3244, .T. ) ;
#1121 = EDGE_LOOP ( 'NONE', ( #1744, #468, #3277, #39 ) ) ;
#1122 = CARTESIAN_POINT ( 'NONE',  ( -0.04822834645669292486, -0.01417322834645669272, 0.000000000000000000 ) ) ;
#1123 = CARTESIAN_POINT ( 'NONE',  ( -0.01673228346456692717, -0.01437007874015748012, -0.007874015748031495954 ) ) ;
#1124 = DIRECTION ( 'NONE',  ( 0.7071067811865475727, 0.000000000000000000, 0.7071067811865475727 ) ) ;
#1125 = PRESENTATION_STYLE_ASSIGNMENT (( #3116 ) ) ;
#1126 = PLANE ( 'NONE',  #2754 ) ;
#1127 = ORIENTED_EDGE ( 'NONE', *, *, #1780, .T. ) ;
#1128 = LINE ( 'NONE', #2846, #1463 ) ;
#1129 = PLANE ( 'NONE',  #2763 ) ;
#1130 = VERTEX_POINT ( 'NONE', #1073 ) ;
#1131 = CARTESIAN_POINT ( 'NONE',  ( 0.05019685039370078150, -0.01417322834645669272, -0.04527559055118110520 ) ) ;
#1132 = ADVANCED_FACE ( 'NONE', ( #837, #1680 ), #2238, .T. ) ;
#1133 = EDGE_CURVE ( 'NONE', #247, #3068, #775, .T. ) ;
#1134 = DIRECTION ( 'NONE',  ( 0.000000000000000000, 0.000000000000000000, -1.000000000000000000 ) ) ;
#1135 = ADVANCED_FACE ( 'NONE', ( #1953 ), #3716, .T. ) ;
#1136 = FILL_AREA_STYLE ('',( #3207 ) ) ;
#1137 = VERTEX_POINT ( 'NONE', #1115 ) ;
#1138 = EDGE_CURVE ( 'NONE', #3323, #3517, #3474, .T. ) ;
#1139 = ORIENTED_EDGE ( 'NONE', *, *, #2067, .T. ) ;
#1140 = ORIENTED_EDGE ( 'NONE', *, *, #1138, .T. ) ;
#1141 = DIRECTION ( 'NONE',  ( -0.000000000000000000, -1.000000000000000000, -0.000000000000000000 ) ) ;
#1142 = LINE ( 'NONE', #1458, #648 ) ;
#1143 = DIRECTION ( 'NONE',  ( -0.7071067811865474617, 0.000000000000000000, 0.7071067811865474617 ) ) ;
#1144 = EDGE_LOOP ( 'NONE', ( #456, #1139, #592, #2083 ) ) ;
#1145 = CARTESIAN_POINT ( 'NONE',  ( -0.02559055118110236879, -0.01456692913385826751, 0.04527559055118110520 ) ) ;
#1146 = DIRECTION ( 'NONE',  ( 0.000000000000000000, 0.000000000000000000, 1.000000000000000000 ) ) ;
#1147 = ORIENTED_EDGE ( 'NONE', *, *, #653, .F. ) ;
#1148 = CARTESIAN_POINT ( 'NONE',  ( -0.007874015748031495954, -0.01437007874015748012, 0.007874015748031495954 ) ) ;
#1149 = VECTOR ( 'NONE', #1790, 39.37007874015748143 ) ;
#1150 = ORIENTED_EDGE ( 'NONE', *, *, #1408, .T. ) ;
#1151 = FACE_OUTER_BOUND ( 'NONE', #1243, .T. ) ;
#1152 = ADVANCED_FACE ( 'NONE', ( #1666 ), #508, .F. ) ;
#1153 = FILL_AREA_STYLE ('',( #1684 ) ) ;
#1154 = ORIENTED_EDGE ( 'NONE', *, *, #328, .T. ) ;
#1155 = ORIENTED_EDGE ( 'NONE', *, *, #12, .T. ) ;
#1156 = ORIENTED_EDGE ( 'NONE', *, *, #1859, .T. ) ;
#1157 = CARTESIAN_POINT ( 'NONE',  ( 0.02165354330708661734, -0.01456692913385826751, 0.04527559055118110520 ) ) ;
#1158 = CARTESIAN_POINT ( 'NONE',  ( 0.000000000000000000, -0.01456692913385826751, 0.07480314960629921850 ) ) ;
#1159 = CARTESIAN_POINT ( 'NONE',  ( 0.04822834645669292486, -0.01456692913385826751, 0.04527559055118110520 ) ) ;
#1160 = ORIENTED_EDGE ( 'NONE', *, *, #3175, .F. ) ;
#1161 = CARTESIAN_POINT ( 'NONE',  ( 0.007874015748031495954, -0.01437007874015748012, 0.04527559055118110520 ) ) ;
#1162 = VECTOR ( 'NONE', #1070, 39.37007874015748143 ) ;
#1163 = VECTOR ( 'NONE', #1957, 39.37007874015748143 ) ;
#1164 = CARTESIAN_POINT ( 'NONE',  ( -0.02362204724409448786, -0.01417322834645669272, 0.06299212598425196763 ) ) ;
#1165 = EDGE_LOOP ( 'NONE', ( #1864, #2741 ) ) ;
#1166 = CARTESIAN_POINT ( 'NONE',  ( 0.000000000000000000, 0.02086614173228347122, -0.02578740157480315792 ) ) ;
#1167 = PRESENTATION_LAYER_ASSIGNMENT (  '', '', ( #1837 ) ) ;
#1168 = AXIS2_PLACEMENT_3D ( 'NONE', #359, #1532, #2708 ) ;
#1169 = AXIS2_PLACEMENT_3D ( 'NONE', #450, #3624, #3353 ) ;
#1170 = DIRECTION ( 'NONE',  ( 0.000000000000000000, 0.000000000000000000, -1.000000000000000000 ) ) ;
#1171 = PRESENTATION_STYLE_ASSIGNMENT (( #2010 ) ) ;
#1172 = ORIENTED_EDGE ( 'NONE', *, *, #1975, .F. ) ;
#1173 = VECTOR ( 'NONE', #42, 39.37007874015748143 ) ;
#1174 = VERTEX_POINT ( 'NONE', #856 ) ;
#1175 = VERTEX_POINT ( 'NONE', #1723 ) ;
#1176 = CARTESIAN_POINT ( 'NONE',  ( 0.04330708661417323468, -0.01417322834645669272, -0.04330708661417323468 ) ) ;
#1177 = DIRECTION ( 'NONE',  ( 0.000000000000000000, 0.000000000000000000, 1.000000000000000000 ) ) ;
#1178 = EDGE_CURVE ( 'NONE', #2296, #2808, #2315, .T. ) ;
#1179 = EDGE_CURVE ( 'NONE', #1750, #2314, #3701, .T. ) ;
#1180 = PRODUCT_DEFINITION_CONTEXT ( 'detailed design', #904, 'design' ) ;
#1181 = LINE ( 'NONE', #2962, #315 ) ;
#1182 = LINE ( 'NONE', #2903, #2447 ) ;
#1183 = ADVANCED_FACE ( 'NONE', ( #488 ), #467, .F. ) ;
#1184 = ORIENTED_EDGE ( 'NONE', *, *, #2699, .F. ) ;
#1185 = LINE ( 'NONE', #3257, #2386 ) ;
#1186 = AXIS2_PLACEMENT_3D ( 'NONE', #2592, #590, #558 ) ;
#1187 = FACE_OUTER_BOUND ( 'NONE', #3190, .T. ) ;
#1188 = EDGE_LOOP ( 'NONE', ( #2761, #1883, #2002, #2908 ) ) ;
#1189 = CARTESIAN_POINT ( 'NONE',  ( 0.01673228346456692717, -0.01417322834645669272, -0.04527559055118110520 ) ) ;
#1190 = ORIENTED_EDGE ( 'NONE', *, *, #136, .F. ) ;
#1191 = PLANE ( 'NONE',  #2028 ) ;
#1192 = CARTESIAN_POINT ( 'NONE',  ( -0.01673228346456692717, -0.01417322834645669272, 0.007874015748031495954 ) ) ;
#1193 = ORIENTED_EDGE ( 'NONE', *, *, #2318, .F. ) ;
#1194 = EDGE_LOOP ( 'NONE', ( #85, #2302, #2879, #3800 ) ) ;
#1195 = DIRECTION ( 'NONE',  ( 0.000000000000000000, 0.000000000000000000, -1.000000000000000000 ) ) ;
#1196 = ORIENTED_EDGE ( 'NONE', *, *, #3501, .F. ) ;
#1197 = DIRECTION ( 'NONE',  ( 0.000000000000000000, 0.000000000000000000, 1.000000000000000000 ) ) ;
#1198 = CARTESIAN_POINT ( 'NONE',  ( 0.000000000000000000, -0.01437007874015748012, 0.07480314960629921850 ) ) ;
#1199 = FACE_OUTER_BOUND ( 'NONE', #3633, .T. ) ;
#1200 = ORIENTED_EDGE ( 'NONE', *, *, #1179, .F. ) ;
#1201 = FACE_OUTER_BOUND ( 'NONE', #3203, .T. ) ;
#1202 = EDGE_CURVE ( 'NONE', #3464, #3296, #1642, .T. ) ;
#1203 = CARTESIAN_POINT ( 'NONE',  ( 0.02559055118110236879, -0.01456692913385826751, 0.07480314960629921850 ) ) ;
#1204 = ORIENTED_EDGE ( 'NONE', *, *, #1408, .F. ) ;
#1205 = LINE ( 'NONE', #1775, #1721 ) ;
#1206 = EDGE_CURVE ( 'NONE', #1510, #2012, #2849, .T. ) ;
#1207 = VERTEX_POINT ( 'NONE', #798 ) ;
#1208 = DIRECTION ( 'NONE',  ( -0.000000000000000000, -1.000000000000000000, -0.000000000000000000 ) ) ;
#1209 = CARTESIAN_POINT ( 'NONE',  ( 0.04330708661417323468, -0.01437007874015748012, -0.04330708661417323468 ) ) ;
#1210 = ORIENTED_EDGE ( 'NONE', *, *, #109, .T. ) ;
#1211 = VECTOR ( 'NONE', #1025, 39.37007874015748143 ) ;
#1212 = ORIENTED_EDGE ( 'NONE', *, *, #275, .T. ) ;
#1213 = CARTESIAN_POINT ( 'NONE',  ( 0.02559055118110236879, -0.01417322834645669272, 0.04133858267716536417 ) ) ;
#1214 = ORIENTED_EDGE ( 'NONE', *, *, #949, .T. ) ;
#1215 = CLOSED_SHELL ( 'NONE', ( #18, #1974, #2602, #2533, #2619, #2249, #3749, #1389 ) ) ;
#1216 = CARTESIAN_POINT ( 'NONE',  ( 0.01673228346456692717, -0.01417322834645669272, 0.007874015748031495954 ) ) ;
#1217 = CARTESIAN_POINT ( 'NONE',  ( 0.02559055118110236879, -0.01456692913385826751, 0.06496062992125983815 ) ) ;
#1218 = PLANE ( 'NONE',  #2510 ) ;
#1219 = CARTESIAN_POINT ( 'NONE',  ( -0.007874015748031495954, -0.01417322834645669272, 0.007874015748031495954 ) ) ;
#1220 = ORIENTED_EDGE ( 'NONE', *, *, #3050, .F. ) ;
#1221 = CARTESIAN_POINT ( 'NONE',  ( 0.05511811023622047168, -0.01456692913385826751, -0.04527559055118110520 ) ) ;
#1222 = EDGE_CURVE ( 'NONE', #2493, #2293, #197, .T. ) ;
#1223 = PLANE ( 'NONE',  #3231 ) ;
#1224 = ORIENTED_EDGE ( 'NONE', *, *, #2926, .F. ) ;
#1225 = DIRECTION ( 'NONE',  ( -1.000000000000000000, 0.000000000000000000, 0.000000000000000000 ) ) ;
#1226 = VECTOR ( 'NONE', #1259, 39.37007874015748143 ) ;
#1227 = EDGE_CURVE ( 'NONE', #1599, #1551, #2809, .T. ) ;
#1228 = EDGE_CURVE ( 'NONE', #319, #1750, #3435, .T. ) ;
#1229 = VECTOR ( 'NONE', #3037, 39.37007874015748143 ) ;
#1230 = PLANE ( 'NONE',  #1415 ) ;
#1231 = VECTOR ( 'NONE', #1388, 39.37007874015748143 ) ;
#1232 = CARTESIAN_POINT ( 'NONE',  ( 0.05511811023622047168, -0.01417322834645669272, -0.04527559055118110520 ) ) ;
#1233 = ADVANCED_FACE ( 'NONE', ( #3145, #816 ), #1991, .T. ) ;
#1234 = ORIENTED_EDGE ( 'NONE', *, *, #2927, .T. ) ;
#1235 = AXIS2_PLACEMENT_3D ( 'NONE', #2515, #1945, #1369 ) ;
#1236 = ORIENTED_EDGE ( 'NONE', *, *, #847, .F. ) ;
#1237 = LINE ( 'NONE', #1802, #365 ) ;
#1238 = VECTOR ( 'NONE', #2290, 39.37007874015748143 ) ;
#1239 = VECTOR ( 'NONE', #2831, 39.37007874015748143 ) ;
#1240 = EDGE_LOOP ( 'NONE', ( #818, #833, #1214, #3562 ) ) ;
#1241 = DIRECTION ( 'NONE',  ( 1.000000000000000000, 0.000000000000000000, 0.000000000000000000 ) ) ;
#1242 = LINE ( 'NONE', #3289, #3389 ) ;
#1243 = EDGE_LOOP ( 'NONE', ( #1929, #3104, #2319, #2460 ) ) ;
#1244 = FACE_OUTER_BOUND ( 'NONE', #1633, .T. ) ;
#1245 = ORIENTED_EDGE ( 'NONE', *, *, #3502, .F. ) ;
#1246 = CARTESIAN_POINT ( 'NONE',  ( 0.04133858267716536417, -0.01456692913385826751, -0.04133858267716536417 ) ) ;
#1247 = DIMENSIONAL_EXPONENTS ( 1.000000000000000000, 0.000000000000000000, 0.000000000000000000, 0.000000000000000000, 0.000000000000000000, 0.000000000000000000, 0.000000000000000000 ) ;
#1248 = VECTOR ( 'NONE', #747, 39.37007874015748143 ) ;
#1249 = DIRECTION ( 'NONE',  ( 0.000000000000000000, 0.000000000000000000, 1.000000000000000000 ) ) ;
#1250 = EDGE_CURVE ( 'NONE', #1031, #2224, #3764, .T. ) ;
#1251 = ORIENTED_EDGE ( 'NONE', *, *, #1855, .F. ) ;
#1252 = VERTEX_POINT ( 'NONE', #2522 ) ;
#1253 = LINE ( 'NONE', #2399, #1238 ) ;
#1254 = ORIENTED_EDGE ( 'NONE', *, *, #1622, .F. ) ;
#1255 = CARTESIAN_POINT ( 'NONE',  ( -0.05511811023622047168, -0.01456692913385826751, -0.04527559055118110520 ) ) ;
#1256 = ADVANCED_FACE ( 'NONE', ( #3105 ), #877, .T. ) ;
#1257 = DIRECTION ( 'NONE',  ( -0.000000000000000000, -1.000000000000000000, -0.000000000000000000 ) ) ;
#1258 = ORIENTED_EDGE ( 'NONE', *, *, #2485, .T. ) ;
#1259 = DIRECTION ( 'NONE',  ( 0.000000000000000000, 1.000000000000000000, 0.000000000000000000 ) ) ;
#1260 = SURFACE_STYLE_FILL_AREA ( #2440 ) ;
#1261 = EDGE_LOOP ( 'NONE', ( #1089, #1345, #2695, #3392 ) ) ;
#1262 = CARTESIAN_POINT ( 'NONE',  ( 0.000000000000000000, -0.01437007874015748012, 0.06102362204724411099 ) ) ;
#1263 = DIRECTION ( 'NONE',  ( 0.000000000000000000, 0.000000000000000000, 1.000000000000000000 ) ) ;
#1264 = DIRECTION ( 'NONE',  ( -1.000000000000000000, 0.000000000000000000, 0.000000000000000000 ) ) ;
#1265 = ORIENTED_EDGE ( 'NONE', *, *, #2698, .T. ) ;
#1266 = EDGE_CURVE ( 'NONE', #2808, #627, #1205, .T. ) ;
#1267 = ORIENTED_EDGE ( 'NONE', *, *, #1589, .T. ) ;
#1268 = DIRECTION ( 'NONE',  ( 1.000000000000000000, 0.000000000000000000, 0.000000000000000000 ) ) ;
#1269 = VERTEX_POINT ( 'NONE', #3239 ) ;
#1270 = CARTESIAN_POINT ( 'NONE',  ( -0.05905511811023622659, -0.01456692913385826751, 0.000000000000000000 ) ) ;
#1271 = STYLED_ITEM ( 'NONE', ( #3695 ), #3446 ) ;
#1272 = LINE ( 'NONE', #1881, #2462 ) ;
#1273 = SURFACE_STYLE_USAGE ( .BOTH. , #1021 ) ;
#1274 = ORIENTED_EDGE ( 'NONE', *, *, #1333, .T. ) ;
#1275 = DIRECTION ( 'NONE',  ( 0.000000000000000000, 0.000000000000000000, 1.000000000000000000 ) ) ;
#1276 = DIRECTION ( 'NONE',  ( 0.000000000000000000, 0.000000000000000000, -1.000000000000000000 ) ) ;
#1277 = ORIENTED_EDGE ( 'NONE', *, *, #949, .F. ) ;
#1278 = CARTESIAN_POINT ( 'NONE',  ( 0.05511811023622047168, -0.01437007874015748012, 0.000000000000000000 ) ) ;
#1279 = CARTESIAN_POINT ( 'NONE',  ( -0.01673228346456692717, -0.01437007874015748012, -0.04527559055118110520 ) ) ;
#1280 = PLANE ( 'NONE',  #3259 ) ;
#1281 = VERTEX_POINT ( 'NONE', #1468 ) ;
#1282 = VECTOR ( 'NONE', #713, 39.37007874015748854 ) ;
#1283 = VECTOR ( 'NONE', #2495, 39.37007874015748143 ) ;
#1284 = ORIENTED_EDGE ( 'NONE', *, *, #817, .T. ) ;
#1285 = CARTESIAN_POINT ( 'NONE',  ( -0.04527559055118110520, -0.01417322834645669272, -0.04527559055118110520 ) ) ;
#1286 = ORIENTED_EDGE ( 'NONE', *, *, #3459, .F. ) ;
#1287 = DIRECTION ( 'NONE',  ( 0.000000000000000000, 0.000000000000000000, 1.000000000000000000 ) ) ;
#1288 = AXIS2_PLACEMENT_3D ( 'NONE', #1002, #965, #3312 ) ;
#1289 = AXIS2_PLACEMENT_3D ( 'NONE', #1335, #996, #2506 ) ;
#1290 = LINE ( 'NONE', #2432, #1730 ) ;
#1291 = CARTESIAN_POINT ( 'NONE',  ( -0.01673228346456692717, -0.01417322834645669272, -0.007874015748031495954 ) ) ;
#1292 = ORIENTED_EDGE ( 'NONE', *, *, #1687, .F. ) ;
#1293 = DIRECTION ( 'NONE',  ( 0.000000000000000000, 0.000000000000000000, -1.000000000000000000 ) ) ;
#1294 = EDGE_CURVE ( 'NONE', #3491, #2663, #1448, .T. ) ;
#1295 = EDGE_CURVE ( 'NONE', #3760, #2835, #1739, .T. ) ;
#1296 = VECTOR ( 'NONE', #294, 39.37007874015748143 ) ;
#1297 = EDGE_CURVE ( 'NONE', #2604, #2992, #2950, .T. ) ;
#1298 = CARTESIAN_POINT ( 'NONE',  ( -0.04527559055118110520, -0.01437007874015748012, 0.04527559055118110520 ) ) ;
#1299 = EDGE_LOOP ( 'NONE', ( #3782, #841, #466, #3595 ) ) ;
#1300 = PLANE ( 'NONE',  #1892 ) ;
#1301 = FACE_OUTER_BOUND ( 'NONE', #1987, .T. ) ;
#1302 = LINE ( 'NONE', #2469, #3319 ) ;
#1303 = VERTEX_POINT ( 'NONE', #314 ) ;
#1304 = CARTESIAN_POINT ( 'NONE',  ( 0.02165354330708661734, -0.01456692913385826751, 0.06102362204724411099 ) ) ;
#1305 = LINE ( 'NONE', #416, #859 ) ;
#1306 = CARTESIAN_POINT ( 'NONE',  ( 0.05019685039370078150, -0.01437007874015748012, -0.04527559055118110520 ) ) ;
#1307 = ORIENTED_EDGE ( 'NONE', *, *, #2863, .F. ) ;
#1308 = CARTESIAN_POINT ( 'NONE',  ( 0.04822834645669291098, -0.01437007874015748012, 0.06791338582677165780 ) ) ;
#1309 = ORIENTED_EDGE ( 'NONE', *, *, #2656, .T. ) ;
#1310 = CARTESIAN_POINT ( 'NONE',  ( -0.04133858267716536417, -0.01456692913385826751, -0.04133858267716536417 ) ) ;
#1311 = LINE ( 'NONE', #3583, #3717 ) ;
#1312 = LINE ( 'NONE', #3366, #2389 ) ;
#1313 = ORIENTED_EDGE ( 'NONE', *, *, #2960, .T. ) ;
#1314 = CARTESIAN_POINT ( 'NONE',  ( 0.04133858267716536417, -0.01437007874015748012, 0.04133858267716536417 ) ) ;
#1315 = CARTESIAN_POINT ( 'NONE',  ( 0.04724409448818897572, 0.03070866141732283769, -0.05314960629921260116 ) ) ;
#1316 = EDGE_CURVE ( 'NONE', #3464, #3470, #65, .T. ) ;
#1317 = CARTESIAN_POINT ( 'NONE',  ( 0.02559055118110236879, -0.01417322834645669272, -0.007874015748031495954 ) ) ;
#1318 = ORIENTED_EDGE ( 'NONE', *, *, #768, .T. ) ;
#1319 = DIRECTION ( 'NONE',  ( -0.7071067811865475727, 0.000000000000000000, -0.7071067811865475727 ) ) ;
#1320 = LINE ( 'NONE', #3646, #3677 ) ;
#1321 = VECTOR ( 'NONE', #444, 39.37007874015748143 ) ;
#1322 = DIRECTION ( 'NONE',  ( 1.000000000000000000, 0.000000000000000000, 0.000000000000000000 ) ) ;
#1323 = VERTEX_POINT ( 'NONE', #1246 ) ;
#1324 = LINE ( 'NONE', #808, #1339 ) ;
#1325 = LINE ( 'NONE', #2802, #3133 ) ;
#1326 =( NAMED_UNIT ( * ) SI_UNIT ( $, .STERADIAN. ) SOLID_ANGLE_UNIT ( ) );
#1327 = PLANE ( 'NONE',  #3370 ) ;
#1328 = ORIENTED_EDGE ( 'NONE', *, *, #493, .T. ) ;
#1329 = CARTESIAN_POINT ( 'NONE',  ( -0.02559055118110236879, -0.01456692913385826751, -0.007874015748031495954 ) ) ;
#1330 = DIRECTION ( 'NONE',  ( 1.000000000000000000, 0.000000000000000000, 0.000000000000000000 ) ) ;
#1331 = LINE ( 'NONE', #1054, #3376 ) ;
#1332 = ADVANCED_FACE ( 'NONE', ( #22 ), #3585, .T. ) ;
#1333 = EDGE_CURVE ( 'NONE', #1972, #1341, #2909, .T. ) ;
#1334 = ORIENTED_EDGE ( 'NONE', *, *, #821, .F. ) ;
#1335 = CARTESIAN_POINT ( 'NONE',  ( 0.000000000000000000, -0.01437007874015748012, -0.06102362204724411099 ) ) ;
#1336 = EDGE_CURVE ( 'NONE', #3519, #956, #2923, .T. ) ;
#1337 = DIRECTION ( 'NONE',  ( -0.7071067811865474617, 0.000000000000000000, -0.7071067811865474617 ) ) ;
#1338 = AXIS2_PLACEMENT_3D ( 'NONE', #1871, #2163, #3655 ) ;
#1339 = VECTOR ( 'NONE', #1177, 39.37007874015748143 ) ;
#1340 = EDGE_CURVE ( 'NONE', #47, #1994, #40, .T. ) ;
#1341 = VERTEX_POINT ( 'NONE', #933 ) ;
#1342 = VECTOR ( 'NONE', #226, 39.37007874015748143 ) ;
#1343 = VECTOR ( 'NONE', #128, 39.37007874015748143 ) ;
#1344 = DIRECTION ( 'NONE',  ( 0.000000000000000000, 0.000000000000000000, -1.000000000000000000 ) ) ;
#1345 = ORIENTED_EDGE ( 'NONE', *, *, #1454, .T. ) ;
#1346 = VECTOR ( 'NONE', #3342, 39.37007874015748143 ) ;
#1347 =( GEOMETRIC_REPRESENTATION_CONTEXT ( 3 ) GLOBAL_UNCERTAINTY_ASSIGNED_CONTEXT ( ( #364 ) ) GLOBAL_UNIT_ASSIGNED_CONTEXT ( ( #1014, #3645, #2764 ) ) REPRESENTATION_CONTEXT ( 'NONE', 'WORKASPACE' ) );
#1348 = CARTESIAN_POINT ( 'NONE',  ( -0.02559055118110236879, -0.01417322834645669272, -0.06988188976377952832 ) ) ;
#1349 =( NAMED_UNIT ( * ) PLANE_ANGLE_UNIT ( ) SI_UNIT ( $, .RADIAN. ) );
#1350 = CARTESIAN_POINT ( 'NONE',  ( -0.02559055118110055080, -0.01437007874015748012, 0.06496062992126165614 ) ) ;
#1351 = AXIS2_PLACEMENT_3D ( 'NONE', #2580, #1434, #3103 ) ;
#1352 = VERTEX_POINT ( 'NONE', #1506 ) ;
#1353 = DIRECTION ( 'NONE',  ( 0.7071067811858974261, 0.000000000000000000, 0.7071067811871974973 ) ) ;
#1354 = VECTOR ( 'NONE', #1029, 39.37007874015748143 ) ;
#1355 = DIRECTION ( 'NONE',  ( 1.000000000000000000, 0.000000000000000000, 0.000000000000000000 ) ) ;
#1356 = CARTESIAN_POINT ( 'NONE',  ( 0.000000000000000000, -0.01456692913385826751, 0.04527559055118110520 ) ) ;
#1357 = ORIENTED_EDGE ( 'NONE', *, *, #89, .F. ) ;
#1358 = DIRECTION ( 'NONE',  ( 0.000000000000000000, 0.000000000000000000, -1.000000000000000000 ) ) ;
#1359 = PLANE ( 'NONE',  #3191 ) ;
#1360 = FACE_OUTER_BOUND ( 'NONE', #1261, .T. ) ;
#1361 = FACE_OUTER_BOUND ( 'NONE', #749, .T. ) ;
#1362 = AXIS2_PLACEMENT_3D ( 'NONE', #1078, #2782, #3359 ) ;
#1363 = ADVANCED_FACE ( 'NONE', ( #274 ), #2617, .F. ) ;
#1364 = DIRECTION ( 'NONE',  ( 1.000000000000000000, 0.000000000000000000, 0.000000000000000000 ) ) ;
#1365 = DIRECTION ( 'NONE',  ( 1.000000000000000000, 0.000000000000000000, 0.000000000000000000 ) ) ;
#1366 = CARTESIAN_POINT ( 'NONE',  ( -0.05511811023622047168, -0.01437007874015748012, -0.04527559055118110520 ) ) ;
#1367 = PLANE ( 'NONE',  #1650 ) ;
#1368 = EDGE_CURVE ( 'NONE', #2606, #1303, #2391, .T. ) ;
#1369 = DIRECTION ( 'NONE',  ( 1.000000000000000000, 0.000000000000000000, 0.000000000000000000 ) ) ;
#1370 = LENGTH_MEASURE_WITH_UNIT ( LENGTH_MEASURE( 0.02539999999999999897 ), #1576 );
#1371 = DIRECTION ( 'NONE',  ( 1.000000000000000000, 0.000000000000000000, 0.000000000000000000 ) ) ;
#1372 = ORIENTED_EDGE ( 'NONE', *, *, #821, .T. ) ;
#1373 = CARTESIAN_POINT ( 'NONE',  ( 0.02559055118110236879, -0.01437007874015748012, 0.07480314960629921850 ) ) ;
#1374 = CARTESIAN_POINT ( 'NONE',  ( 0.000000000000000000, -0.01456692913385826751, 0.07874015748031495954 ) ) ;
#1375 = ORIENTED_EDGE ( 'NONE', *, *, #2811, .F. ) ;
#1376 = CARTESIAN_POINT ( 'NONE',  ( -0.02559055118110236879, -0.01437007874015748012, -0.007874015748031495954 ) ) ;
#1377 = DIRECTION ( 'NONE',  ( 0.000000000000000000, 0.000000000000000000, 1.000000000000000000 ) ) ;
#1378 = EDGE_LOOP ( 'NONE', ( #512, #104, #3618, #3030, #1531 ) ) ;
#1379 = ADVANCED_FACE ( 'NONE', ( #912 ), #2084, .T. ) ;
#1380 = VERTEX_POINT ( 'NONE', #1166 ) ;
#1381 = DIRECTION ( 'NONE',  ( 1.000000000000000000, 0.000000000000000000, 0.000000000000000000 ) ) ;
#1382 = ORIENTED_EDGE ( 'NONE', *, *, #3501, .T. ) ;
#1383 = CARTESIAN_POINT ( 'NONE',  ( 0.02559055118110236879, -0.01417322834645669272, 0.04133858267716536417 ) ) ;
#1384 = ORIENTED_EDGE ( 'NONE', *, *, #919, .F. ) ;
#1385 = ADVANCED_FACE ( 'NONE', ( #3513 ), #2063, .F. ) ;
#1386 = LINE ( 'NONE', #190, #3559 ) ;
#1387 = SURFACE_STYLE_FILL_AREA ( #787 ) ;
#1388 = DIRECTION ( 'NONE',  ( 0.000000000000000000, 0.000000000000000000, -1.000000000000000000 ) ) ;
#1389 = ADVANCED_FACE ( 'NONE', ( #1754 ), #2354, .T. ) ;
#1390 = ORIENTED_EDGE ( 'NONE', *, *, #2016, .T. ) ;
#1391 = DIRECTION ( 'NONE',  ( 0.000000000000000000, 0.000000000000000000, 1.000000000000000000 ) ) ;
#1392 = AXIS2_PLACEMENT_3D ( 'NONE', #349, #853, #1465 ) ;
#1393 = DIRECTION ( 'NONE',  ( -1.000000000000000000, -0.000000000000000000, -0.000000000000000000 ) ) ;
#1394 = VERTEX_POINT ( 'NONE', #596 ) ;
#1395 = CARTESIAN_POINT ( 'NONE',  ( 0.000000000000000000, -0.01456692913385826751, -0.04527559055118110520 ) ) ;
#1396 = CARTESIAN_POINT ( 'NONE',  ( 0.02559055118110236879, -0.01456692913385826751, -0.07480314960629921850 ) ) ;
#1397 = EDGE_LOOP ( 'NONE', ( #1784, #3100, #1204, #1849 ) ) ;
#1398 = ORIENTED_EDGE ( 'NONE', *, *, #1502, .T. ) ;
#1399 = SHAPE_DEFINITION_REPRESENTATION ( #1479, #2622 ) ;
#1400 = ORIENTED_EDGE ( 'NONE', *, *, #1718, .T. ) ;
#1401 = PLANE ( 'NONE',  #729 ) ;
#1402 = CARTESIAN_POINT ( 'NONE',  ( 0.04724409448818897572, 0.02480314960629921572, -0.05314960629921260116 ) ) ;
#1403 = AXIS2_PLACEMENT_3D ( 'NONE', #623, #3567, #1814 ) ;
#1404 = VECTOR ( 'NONE', #2233, 39.37007874015748143 ) ;
#1405 = CARTESIAN_POINT ( 'NONE',  ( 0.000000000000000000, -0.01417322834645669272, -0.07480314960629921850 ) ) ;
#1406 = LENGTH_MEASURE_WITH_UNIT ( LENGTH_MEASURE( 0.02539999999999999897 ), #1615 );
#1407 = CARTESIAN_POINT ( 'NONE',  ( -0.02165354330709051700, -0.01417322834645669272, -0.06102362204724414568 ) ) ;
#1408 = EDGE_CURVE ( 'NONE', #2396, #668, #2752, .T. ) ;
#1409 = EDGE_CURVE ( 'NONE', #769, #826, #3084, .T. ) ;
#1410 = ORIENTED_EDGE ( 'NONE', *, *, #3578, .F. ) ;
#1411 = CARTESIAN_POINT ( 'NONE',  ( 0.02559055118110236879, -0.01456692913385826751, 0.04133858267716536417 ) ) ;
#1412 = DIRECTION ( 'NONE',  ( 0.000000000000000000, 1.000000000000000000, 0.000000000000000000 ) ) ;
#1413 = AXIS2_PLACEMENT_3D ( 'NONE', #373, #2262, #3085 ) ;
#1414 = VECTOR ( 'NONE', #1057, 39.37007874015748143 ) ;
#1415 = AXIS2_PLACEMENT_3D ( 'NONE', #2089, #1526, #1170 ) ;
#1416 = CARTESIAN_POINT ( 'NONE',  ( 0.02559055118110236879, -0.01417322834645669272, 0.06988188976377952832 ) ) ;
#1417 = VECTOR ( 'NONE', #1973, 39.37007874015748143 ) ;
#1418 = ORIENTED_EDGE ( 'NONE', *, *, #743, .F. ) ;
#1419 = CARTESIAN_POINT ( 'NONE',  ( 0.02559055118110236879, -0.01437007874015748012, 0.06988188976377952832 ) ) ;
#1420 = VERTEX_POINT ( 'NONE', #1578 ) ;
#1421 = PLANE ( 'NONE',  #3258 ) ;
#1422 = LINE ( 'NONE', #3587, #796 ) ;
#1423 = EDGE_LOOP ( 'NONE', ( #2951, #3449, #1704, #1969, #2465 ) ) ;
#1424 = EDGE_LOOP ( 'NONE', ( #603, #1722, #1511, #1196 ) ) ;
#1426 = ORIENTED_EDGE ( 'NONE', *, *, #460, .T. ) ;
#1425 = APPLICATION_CONTEXT ( 'automotive_design' ) ;
#1427 = DIRECTION ( 'NONE',  ( 0.000000000000000000, -1.000000000000000000, 0.000000000000000000 ) ) ;
#1428 = AXIS2_PLACEMENT_3D ( 'NONE', #1515, #2402, #961 ) ;
#1429 = DIRECTION ( 'NONE',  ( 0.000000000000000000, 1.000000000000000000, 0.000000000000000000 ) ) ;
#1430 = FACE_OUTER_BOUND ( 'NONE', #2237, .T. ) ;
#1431 = ORIENTED_EDGE ( 'NONE', *, *, #1451, .F. ) ;
#1432 = DIRECTION ( 'NONE',  ( 0.000000000000000000, -1.000000000000000000, 0.000000000000000000 ) ) ;
#1433 = ADVANCED_FACE ( 'NONE', ( #447 ), #2442, .F. ) ;
#1434 = DIRECTION ( 'NONE',  ( 0.000000000000000000, 1.000000000000000000, 0.000000000000000000 ) ) ;
#1435 = ORIENTED_EDGE ( 'NONE', *, *, #2366, .F. ) ;
#1436 = CARTESIAN_POINT ( 'NONE',  ( 0.02559055118110236879, -0.01456692913385826751, -0.06791338582677165780 ) ) ;
#1437 = CARTESIAN_POINT ( 'NONE',  ( 0.02559055118110236879, -0.01417322834645669272, 0.07480314960629921850 ) ) ;
#1438 = ORIENTED_EDGE ( 'NONE', *, *, #3664, .T. ) ;
#1439 = ORIENTED_EDGE ( 'NONE', *, *, #3482, .F. ) ;
#1440 = ORIENTED_EDGE ( 'NONE', *, *, #490, .F. ) ;
#1441 = DIRECTION ( 'NONE',  ( 0.000000000000000000, 1.000000000000000000, 0.000000000000000000 ) ) ;
#1442 = DIRECTION ( 'NONE',  ( 1.000000000000000000, 0.000000000000000000, 0.000000000000000000 ) ) ;
#1443 = CARTESIAN_POINT ( 'NONE',  ( -0.04133858267716536417, -0.01456692913385826751, 0.04133858267716536417 ) ) ;
#1444 = ORIENTED_EDGE ( 'NONE', *, *, #1295, .F. ) ;
#1445 = CARTESIAN_POINT ( 'NONE',  ( 0.01771653543307086243, 0.03070866141732283769, 0.06692913385826772255 ) ) ;
#1446 = CARTESIAN_POINT ( 'NONE',  ( -0.007874015748031495954, -0.01437007874015748012, -0.02657480314960630058 ) ) ;
#1447 = ORIENTED_EDGE ( 'NONE', *, *, #1250, .T. ) ;
#1448 = LINE ( 'NONE', #3529, #3684 ) ;
#1449 = DIRECTION ( 'NONE',  ( 1.000000000000000000, 0.000000000000000000, 0.000000000000000000 ) ) ;
#1450 = CARTESIAN_POINT ( 'NONE',  ( 0.007874015748031495954, -0.01417322834645669272, -0.04527559055118110520 ) ) ;
#1451 = EDGE_CURVE ( 'NONE', #1281, #1513, #3057, .T. ) ;
#1452 = EDGE_CURVE ( 'NONE', #1733, #668, #3297, .T. ) ;
#1453 = ORIENTED_EDGE ( 'NONE', *, *, #822, .T. ) ;
#1454 = EDGE_CURVE ( 'NONE', #214, #1572, #681, .T. ) ;
#1455 = ORIENTED_EDGE ( 'NONE', *, *, #137, .T. ) ;
#1456 = EDGE_LOOP ( 'NONE', ( #3159, #3412, #3518, #3636 ) ) ;
#1457 = LINE ( 'NONE', #2014, #3558 ) ;
#1458 = CARTESIAN_POINT ( 'NONE',  ( 0.05019685039370078150, -0.01417322834645669272, 0.04527559055118110520 ) ) ;
#1459 = AXIS2_PLACEMENT_3D ( 'NONE', #557, #1441, #534 ) ;
#1460 = DIRECTION ( 'NONE',  ( 0.000000000000000000, 0.000000000000000000, -1.000000000000000000 ) ) ;
#1461 = ORIENTED_EDGE ( 'NONE', *, *, #701, .T. ) ;
#1462 = CARTESIAN_POINT ( 'NONE',  ( 0.02165354330709088823, -0.01456692913385826751, -0.06102362204724376404 ) ) ;
#1463 = VECTOR ( 'NONE', #3160, 39.37007874015748143 ) ;
#1464 = AXIS2_PLACEMENT_3D ( 'NONE', #760, #2489, #2473 ) ;
#1465 = DIRECTION ( 'NONE',  ( 1.000000000000000000, 0.000000000000000000, 0.000000000000000000 ) ) ;
#1466 = VECTOR ( 'NONE', #832, 39.37007874015748143 ) ;
#1467 = ORIENTED_EDGE ( 'NONE', *, *, #201, .T. ) ;
#1468 = CARTESIAN_POINT ( 'NONE',  ( -0.02559055118110236879, -0.01417322834645669272, 0.007874015748031495954 ) ) ;
#1469 = AXIS2_PLACEMENT_3D ( 'NONE', #106, #1013, #1917 ) ;
#1470 = VECTOR ( 'NONE', #2639, 39.37007874015748143 ) ;
#1471 = CARTESIAN_POINT ( 'NONE',  ( 0.01673228346456692717, -0.01437007874015748012, -0.007874015748031495954 ) ) ;
#1472 = ORIENTED_EDGE ( 'NONE', *, *, #1735, .F. ) ;
#1473 = AXIS2_PLACEMENT_3D ( 'NONE', #331, #2674, #3202 ) ;
#1474 = VERTEX_POINT ( 'NONE', #3619 ) ;
#1475 = DIRECTION ( 'NONE',  ( 0.7071067811865474617, 0.000000000000000000, -0.7071067811865474617 ) ) ;
#1476 = ORIENTED_EDGE ( 'NONE', *, *, #606, .T. ) ;
#1477 = PLANE ( 'NONE',  #1893 ) ;
#1478 = ADVANCED_FACE ( 'NONE', ( #1027 ), #2196, .F. ) ;
#1479 = PRODUCT_DEFINITION_SHAPE ( 'NONE', 'NONE',  #2159 ) ;
#1480 = ADVANCED_FACE ( 'NONE', ( #1005 ), #431, .T. ) ;
#1481 = CARTESIAN_POINT ( 'NONE',  ( -0.007874015748031495954, -0.01456692913385826751, -0.007874015748031495954 ) ) ;
#1482 = DIRECTION ( 'NONE',  ( 0.000000000000000000, 0.000000000000000000, 1.000000000000000000 ) ) ;
#1483 = VERTEX_POINT ( 'NONE', #1832 ) ;
#1484 = DIRECTION ( 'NONE',  ( 0.7071067811871976083, 0.000000000000000000, -0.7071067811858975372 ) ) ;
#1485 = LINE ( 'NONE', #3527, #771 ) ;
#1486 = ORIENTED_EDGE ( 'NONE', *, *, #1368, .T. ) ;
#1487 = DIRECTION ( 'NONE',  ( 0.000000000000000000, -1.000000000000000000, 0.000000000000000000 ) ) ;
#1488 = DIRECTION ( 'NONE',  ( 1.000000000000000000, 0.000000000000000000, 0.000000000000000000 ) ) ;
#1489 = DIRECTION ( 'NONE',  ( 1.000000000000000000, 0.000000000000000000, 0.000000000000000000 ) ) ;
#1490 = ORIENTED_EDGE ( 'NONE', *, *, #3026, .F. ) ;
#1491 = DIRECTION ( 'NONE',  ( 0.000000000000000000, -1.000000000000000000, 0.000000000000000000 ) ) ;
#1492 = ORIENTED_EDGE ( 'NONE', *, *, #2976, .T. ) ;
#1493 = CARTESIAN_POINT ( 'NONE',  ( -0.04330708661417323468, -0.01437007874015748012, 0.04330708661417323468 ) ) ;
#1494 = ORIENTED_EDGE ( 'NONE', *, *, #1228, .F. ) ;
#1495 = DIRECTION ( 'NONE',  ( 0.7071067811865475727, 0.000000000000000000, 0.7071067811865475727 ) ) ;
#1496 = ADVANCED_FACE ( 'NONE', ( #696 ), #1300, .F. ) ;
#1497 = CARTESIAN_POINT ( 'NONE',  ( -0.007874015748031495954, -0.01437007874015748012, 0.04527559055118110520 ) ) ;
#1498 = DIRECTION ( 'NONE',  ( 0.000000000000000000, 1.000000000000000000, 0.000000000000000000 ) ) ;
#1499 = EDGE_LOOP ( 'NONE', ( #2919, #1577, #1184, #3266, #1796, #1061 ) ) ;
#1500 = LINE ( 'NONE', #2671, #1524 ) ;
#1501 = ADVANCED_FACE ( 'NONE', ( #3006 ), #139, .F. ) ;
#1502 = EDGE_CURVE ( 'NONE', #3016, #3760, #375, .T. ) ;
#1503 = EDGE_CURVE ( 'NONE', #643, #1743, #1620, .T. ) ;
#1504 = DIRECTION ( 'NONE',  ( 0.000000000000000000, 0.000000000000000000, -1.000000000000000000 ) ) ;
#1505 = ORIENTED_EDGE ( 'NONE', *, *, #3461, .T. ) ;
#1506 = CARTESIAN_POINT ( 'NONE',  ( 0.02559055118110236879, -0.01417322834645669272, 0.007874015748031495954 ) ) ;
#1507 = DIRECTION ( 'NONE',  ( -0.000000000000000000, -1.000000000000000000, -0.000000000000000000 ) ) ;
#1508 = AXIS2_PLACEMENT_3D ( 'NONE', #2388, #3565, #711 ) ;
#1509 = DIRECTION ( 'NONE',  ( 0.000000000000000000, 0.000000000000000000, -1.000000000000000000 ) ) ;
#1510 = VERTEX_POINT ( 'NONE', #2790 ) ;
#1511 = ORIENTED_EDGE ( 'NONE', *, *, #460, .F. ) ;
#1512 = LINE ( 'NONE', #3554, #3678 ) ;
#1513 = VERTEX_POINT ( 'NONE', #154 ) ;
#1514 = DIRECTION ( 'NONE',  ( 0.7071067811865474617, 0.000000000000000000, 0.7071067811865474617 ) ) ;
#1515 = CARTESIAN_POINT ( 'NONE',  ( -0.01673228346456692717, -0.01417322834645669272, 0.02657480314960630058 ) ) ;
#1516 = CARTESIAN_POINT ( 'NONE',  ( 0.05511811023622047168, -0.01437007874015748012, 0.04527559055118110520 ) ) ;
#1517 = SURFACE_STYLE_USAGE ( .BOTH. , #346 ) ;
#1518 = EDGE_LOOP ( 'NONE', ( #2837, #2146, #712, #2430 ) ) ;
#1519 = CARTESIAN_POINT ( 'NONE',  ( 0.000000000000000000, -0.01417322834645669272, 0.06102362204724411099 ) ) ;
#1520 = EDGE_CURVE ( 'NONE', #1031, #2751, #3333, .T. ) ;
#1521 = DIRECTION ( 'NONE',  ( 0.000000000000000000, 1.000000000000000000, 0.000000000000000000 ) ) ;
#1522 = ORIENTED_EDGE ( 'NONE', *, *, #3660, .F. ) ;
#1523 = DIRECTION ( 'NONE',  ( -1.000000000000000000, -0.000000000000000000, -0.000000000000000000 ) ) ;
#1524 = VECTOR ( 'NONE', #2024, 39.37007874015748143 ) ;
#1525 = STYLED_ITEM ( 'NONE', ( #1593 ), #2086 ) ;
#1526 = DIRECTION ( 'NONE',  ( 1.000000000000000000, 0.000000000000000000, 0.000000000000000000 ) ) ;
#1527 = VECTOR ( 'NONE', #3049, 39.37007874015748143 ) ;
#1528 = LINE ( 'NONE', #2703, #486 ) ;
#1529 = AXIS2_PLACEMENT_3D ( 'NONE', #1984, #3156, #518 ) ;
#1530 = DIMENSIONAL_EXPONENTS ( 1.000000000000000000, 0.000000000000000000, 0.000000000000000000, 0.000000000000000000, 0.000000000000000000, 0.000000000000000000, 0.000000000000000000 ) ;
#1531 = ORIENTED_EDGE ( 'NONE', *, *, #2047, .F. ) ;
#1532 = DIRECTION ( 'NONE',  ( -0.000000000000000000, -1.000000000000000000, -0.000000000000000000 ) ) ;
#1533 = VECTOR ( 'NONE', #1579, 39.37007874015748143 ) ;
#1534 = VECTOR ( 'NONE', #1090, 39.37007874015748143 ) ;
#1535 = ORIENTED_EDGE ( 'NONE', *, *, #1091, .T. ) ;
#1536 = CARTESIAN_POINT ( 'NONE',  ( -0.02165354330708661040, -0.01456692913385826751, 0.06102362204724411099 ) ) ;
#1537 = LINE ( 'NONE', #3018, #2585 ) ;
#1538 = LINE ( 'NONE', #1291, #1773 ) ;
#1539 = ORIENTED_EDGE ( 'NONE', *, *, #448, .T. ) ;
#1540 = DIRECTION ( 'NONE',  ( -1.000000000000000000, 0.000000000000000000, 0.000000000000000000 ) ) ;
#1541 = SURFACE_STYLE_FILL_AREA ( #2119 ) ;
#1542 = EDGE_LOOP ( 'NONE', ( #26, #2452, #2864, #968 ) ) ;
#1543 = DIRECTION ( 'NONE',  ( 1.000000000000000000, 0.000000000000000000, 0.000000000000000000 ) ) ;
#1544 = VECTOR ( 'NONE', #1592, 39.37007874015748143 ) ;
#1545 = ADVANCED_FACE ( 'NONE', ( #101 ), #2424, .T. ) ;
#1546 = CARTESIAN_POINT ( 'NONE',  ( -0.02165354330709047190, -0.01456692913385826751, -0.06102362204724418732 ) ) ;
#1547 = FACE_OUTER_BOUND ( 'NONE', #3552, .T. ) ;
#1548 = ORIENTED_EDGE ( 'NONE', *, *, #2318, .T. ) ;
#1549 = ORIENTED_EDGE ( 'NONE', *, *, #1060, .T. ) ;
#1550 = PLANE ( 'NONE',  #1289 ) ;
#1551 = VERTEX_POINT ( 'NONE', #1329 ) ;
#1552 = DIRECTION ( 'NONE',  ( 0.000000000000000000, 0.000000000000000000, -1.000000000000000000 ) ) ;
#1553 = LINE ( 'NONE', #2730, #382 ) ;
#1554 = VERTEX_POINT ( 'NONE', #2718 ) ;
#1555 = CARTESIAN_POINT ( 'NONE',  ( -0.04133858267716536417, -0.01417322834645669272, 0.000000000000000000 ) ) ;
#1556 = LINE ( 'NONE', #3081, #1321 ) ;
#1557 = ORIENTED_EDGE ( 'NONE', *, *, #3150, .T. ) ;
#1558 = CARTESIAN_POINT ( 'NONE',  ( 0.02165354330709055170, -0.01437007874015748012, -0.06102362204724411099 ) ) ;
#1559 = DIRECTION ( 'NONE',  ( 0.000000000000000000, 0.000000000000000000, 1.000000000000000000 ) ) ;
#1560 = LINE ( 'NONE', #2426, #1354 ) ;
#1561 = ORIENTED_EDGE ( 'NONE', *, *, #3224, .T. ) ;
#1562 = EDGE_LOOP ( 'NONE', ( #2709, #658, #1774, #3770, #2358, #2665 ) ) ;
#1563 = DIRECTION ( 'NONE',  ( 1.000000000000000000, 0.000000000000000000, 0.000000000000000000 ) ) ;
#1564 = ADVANCED_FACE ( 'NONE', ( #82 ), #393, .F. ) ;
#1565 = EDGE_CURVE ( 'NONE', #3332, #3777, #1108, .T. ) ;
#1566 = EDGE_LOOP ( 'NONE', ( #1120, #955, #3285, #680 ) ) ;
#1567 = CARTESIAN_POINT ( 'NONE',  ( 0.000000000000000000, -0.01456692913385826751, -0.007874015748031495954 ) ) ;
#1568 = EDGE_CURVE ( 'NONE', #3193, #1207, #3713, .T. ) ;
#1569 = ORIENTED_EDGE ( 'NONE', *, *, #2136, .T. ) ;
#1570 = CLOSED_SHELL ( 'NONE', ( #3099, #412, #1480, #1657, #1501, #3011 ) ) ;
#1571 = PLANE ( 'NONE',  #1603 ) ;
#1572 = VERTEX_POINT ( 'NONE', #2278 ) ;
#1573 = DIRECTION ( 'NONE',  ( -0.7071067811865474617, 0.000000000000000000, -0.7071067811865474617 ) ) ;
#1574 = ADVANCED_FACE ( 'NONE', ( #3408 ), #813, .F. ) ;
#1575 = DIRECTION ( 'NONE',  ( -0.000000000000000000, -1.000000000000000000, -0.000000000000000000 ) ) ;
#1576 =( LENGTH_UNIT ( ) NAMED_UNIT ( * ) SI_UNIT ( $, .METRE. ) );
#1577 = ORIENTED_EDGE ( 'NONE', *, *, #543, .F. ) ;
#1578 = CARTESIAN_POINT ( 'NONE',  ( 0.02165354330708661734, -0.01417322834645669272, 0.06102362204724411099 ) ) ;
#1579 = DIRECTION ( 'NONE',  ( 0.000000000000000000, 0.000000000000000000, 1.000000000000000000 ) ) ;
#1580 = CARTESIAN_POINT ( 'NONE',  ( 0.000000000000000000, -0.01417322834645669272, 0.06791338582677165780 ) ) ;
#1581 = AXIS2_PLACEMENT_3D ( 'NONE', #2538, #3178, #2251 ) ;
#1582 = VECTOR ( 'NONE', #2321, 39.37007874015748143 ) ;
#1583 = ORIENTED_EDGE ( 'NONE', *, *, #944, .F. ) ;
#1584 = LINE ( 'NONE', #2762, #3804 ) ;
#1585 = PRESENTATION_STYLE_ASSIGNMENT (( #145 ) ) ;
#1586 = CARTESIAN_POINT ( 'NONE',  ( -0.04724409448818897572, 0.02480314960629921572, -0.05314960629921260116 ) ) ;
#1587 = AXIS2_PLACEMENT_3D ( 'NONE', #116, #3077, #390 ) ;
#1588 = MECHANICAL_DESIGN_GEOMETRIC_PRESENTATION_REPRESENTATION (  '', ( #483 ), #1347 ) ;
#1589 = EDGE_CURVE ( 'NONE', #2967, #2886, #504, .T. ) ;
#1590 = VECTOR ( 'NONE', #3185, 39.37007874015748143 ) ;
#1591 = VECTOR ( 'NONE', #2199, 39.37007874015748143 ) ;
#1592 = DIRECTION ( 'NONE',  ( -0.000000000000000000, -1.000000000000000000, -0.000000000000000000 ) ) ;
#1593 = PRESENTATION_STYLE_ASSIGNMENT (( #1273 ) ) ;
#1594 = ORIENTED_EDGE ( 'NONE', *, *, #3426, .T. ) ;
#1595 = CARTESIAN_POINT ( 'NONE',  ( -0.02559055118110236879, -0.01456692913385826751, 0.000000000000000000 ) ) ;
#1596 = AXIS2_PLACEMENT_3D ( 'NONE', #736, #157, #1330 ) ;
#1597 = EDGE_CURVE ( 'NONE', #1130, #3021, #481, .T. ) ;
#1598 = LINE ( 'NONE', #3315, #960 ) ;
#1599 = VERTEX_POINT ( 'NONE', #541 ) ;
#1600 = DIRECTION ( 'NONE',  ( 0.000000000000000000, 1.000000000000000000, 0.000000000000000000 ) ) ;
#1601 = CARTESIAN_POINT ( 'NONE',  ( -0.04724409448818897572, 0.02480314960629921572, -0.05314960629921260116 ) ) ;
#1602 = CARTESIAN_POINT ( 'NONE',  ( -0.04724409448818897572, 0.02480314960629921572, -0.05314960629921260116 ) ) ;
#1603 = AXIS2_PLACEMENT_3D ( 'NONE', #112, #2457, #1364 ) ;
#1604 = PRODUCT ( 'CUI_DEVICES_CMM-3424DT-26165-TR', 'CUI_DEVICES_CMM-3424DT-26165-TR', '', ( #513 ) ) ;
#1605 = EDGE_LOOP ( 'NONE', ( #301, #636, #3721, #2428 ) ) ;
#1606 = LINE ( 'NONE', #703, #484 ) ;
#1607 = CARTESIAN_POINT ( 'NONE',  ( 0.000000000000000000, -0.01417322834645669272, 0.06102362204724411099 ) ) ;
#1608 = FACE_OUTER_BOUND ( 'NONE', #2542, .T. ) ;
#1609 = EDGE_LOOP ( 'NONE', ( #815, #27, #3138, #1761, #3141, #1439 ) ) ;
#1610 = CARTESIAN_POINT ( 'NONE',  ( -0.02559055118110236879, -0.01417322834645669272, 0.007874015748031495954 ) ) ;
#1611 = EDGE_CURVE ( 'NONE', #1064, #3588, #1988, .T. ) ;
#1612 = DIRECTION ( 'NONE',  ( 0.000000000000000000, 1.000000000000000000, 0.000000000000000000 ) ) ;
#1613 = VERTEX_POINT ( 'NONE', #1085 ) ;
#1614 = DIRECTION ( 'NONE',  ( -1.000000000000000000, 0.000000000000000000, 0.000000000000000000 ) ) ;
#1615 =( LENGTH_UNIT ( ) NAMED_UNIT ( * ) SI_UNIT ( $, .METRE. ) );
#1616 = CARTESIAN_POINT ( 'NONE',  ( 0.04330708661417323468, -0.01417322834645669272, -0.04330708661417323468 ) ) ;
#1617 = EDGE_CURVE ( 'NONE', #2400, #843, #1128, .T. ) ;
#1618 = EDGE_CURVE ( 'NONE', #716, #3718, #753, .T. ) ;
#1619 = ORIENTED_EDGE ( 'NONE', *, *, #3265, .T. ) ;
#1620 = LINE ( 'NONE', #952, #166 ) ;
#1621 = CARTESIAN_POINT ( 'NONE',  ( -0.02559055118110191082, -0.01456692913385826751, 0.06496062992126028224 ) ) ;
#1622 = EDGE_CURVE ( 'NONE', #3210, #45, #2887, .T. ) ;
#1623 = DIRECTION ( 'NONE',  ( 1.000000000000000000, 0.000000000000000000, 0.000000000000000000 ) ) ;
#1624 = CARTESIAN_POINT ( 'NONE',  ( 0.02165354330708661734, -0.01417322834645669272, -0.06102362204724411099 ) ) ;
#1625 = EDGE_CURVE ( 'NONE', #745, #686, #1663, .T. ) ;
#1626 = ORIENTED_EDGE ( 'NONE', *, *, #2792, .T. ) ;
#1627 = DIRECTION ( 'NONE',  ( -0.7071067811865474617, 0.000000000000000000, 0.7071067811865474617 ) ) ;
#1628 = CARTESIAN_POINT ( 'NONE',  ( -0.05905511811023622659, -0.01456692913385826751, -0.07874015748031495954 ) ) ;
#1629 = CARTESIAN_POINT ( 'NONE',  ( 0.02165354330708661734, -0.01456692913385826751, 0.04527559055118110520 ) ) ;
#1630 = DIRECTION ( 'NONE',  ( 0.000000000000000000, -0.000000000000000000, 1.000000000000000000 ) ) ;
#1631 = VECTOR ( 'NONE', #1909, 39.37007874015748143 ) ;
#1632 = DIRECTION ( 'NONE',  ( 0.000000000000000000, 0.000000000000000000, 1.000000000000000000 ) ) ;
#1633 = EDGE_LOOP ( 'NONE', ( #865, #2972, #2191, #540 ) ) ;
#1634 = CARTESIAN_POINT ( 'NONE',  ( 0.01771653543307086937, 0.02480314960629921572, 0.06692913385826770867 ) ) ;
#1635 =( CONVERSION_BASED_UNIT ( 'INCH', #1406 ) LENGTH_UNIT ( ) NAMED_UNIT ( #3642 ) );
#1636 = CARTESIAN_POINT ( 'NONE',  ( 0.03346456692913385433, 0.03070866141732283769, -0.05314960629921260116 ) ) ;
#1637 = EDGE_LOOP ( 'NONE', ( #2537, #10, #1313, #310 ) ) ;
#1638 = DIRECTION ( 'NONE',  ( 0.000000000000000000, 0.000000000000000000, -1.000000000000000000 ) ) ;
#1639 = EDGE_CURVE ( 'NONE', #644, #1665, #1950, .T. ) ;
#1640 = FACE_BOUND ( 'NONE', #929, .T. ) ;
#1641 = ORIENTED_EDGE ( 'NONE', *, *, #2769, .T. ) ;
#1642 = LINE ( 'NONE', #2891, #3067 ) ;
#1643 = CLOSED_SHELL ( 'NONE', ( #656, #2141, #536, #3510, #2303, #2417, #3807, #1379, #424, #963 ) ) ;
#1644 = EDGE_CURVE ( 'NONE', #1341, #2904, #3471, .T. ) ;
#1645 = ORIENTED_EDGE ( 'NONE', *, *, #2298, .T. ) ;
#1646 = LINE ( 'NONE', #2283, #1840 ) ;
#1647 = DIRECTION ( 'NONE',  ( -1.000000000000000000, 0.000000000000000000, 0.000000000000000000 ) ) ;
#1648 = LINE ( 'NONE', #2188, #1163 ) ;
#1649 = VECTOR ( 'NONE', #2121, 39.37007874015748143 ) ;
#1650 = AXIS2_PLACEMENT_3D ( 'NONE', #2840, #208, #2784 ) ;
#1651 = PRESENTATION_LAYER_ASSIGNMENT (  '', '', ( #604 ) ) ;
#1652 = VECTOR ( 'NONE', #242, 39.37007874015748143 ) ;
#1653 =( NAMED_UNIT ( * ) SI_UNIT ( $, .STERADIAN. ) SOLID_ANGLE_UNIT ( ) );
#1654 = VERTEX_POINT ( 'NONE', #770 ) ;
#1655 = VECTOR ( 'NONE', #1702, 39.37007874015748143 ) ;
#1656 = AXIS2_PLACEMENT_3D ( 'NONE', #2599, #3182, #547 ) ;
#1657 = ADVANCED_FACE ( 'NONE', ( #790 ), #2294, .T. ) ;
#1658 = LINE ( 'NONE', #786, #299 ) ;
#1659 =( CONVERSION_BASED_UNIT ( 'INCH', #3728 ) LENGTH_UNIT ( ) NAMED_UNIT ( #2149 ) );
#1660 = DIRECTION ( 'NONE',  ( 0.000000000000000000, 1.000000000000000000, 0.000000000000000000 ) ) ;
#1661 = VECTOR ( 'NONE', #1812, 39.37007874015748143 ) ;
#1662 = VERTEX_POINT ( 'NONE', #834 ) ;
#1663 = LINE ( 'NONE', #2865, #2874 ) ;
#1664 = CARTESIAN_POINT ( 'NONE',  ( 0.02559055118110236879, -0.01417322834645669272, -0.02657480314960630058 ) ) ;
#1665 = VERTEX_POINT ( 'NONE', #3734 ) ;
#1666 = FACE_OUTER_BOUND ( 'NONE', #1017, .T. ) ;
#1667 = EDGE_CURVE ( 'NONE', #3603, #836, #232, .T. ) ;
#1668 = CARTESIAN_POINT ( 'NONE',  ( 0.04822834645669291098, -0.01437007874015748012, 0.07283464566929133410 ) ) ;
#1669 = CARTESIAN_POINT ( 'NONE',  ( -0.01673228346456692717, -0.01437007874015748012, -0.04527559055118110520 ) ) ;
#1670 = ORIENTED_EDGE ( 'NONE', *, *, #1116, .T. ) ;
#1671 = DIRECTION ( 'NONE',  ( 0.000000000000000000, 0.000000000000000000, 1.000000000000000000 ) ) ;
#1672 = DIRECTION ( 'NONE',  ( 0.000000000000000000, 1.000000000000000000, 0.000000000000000000 ) ) ;
#1673 = CARTESIAN_POINT ( 'NONE',  ( 0.04822834645669292486, -0.01456692913385826751, 0.000000000000000000 ) ) ;
#1674 = DIRECTION ( 'NONE',  ( 0.000000000000000000, 0.000000000000000000, 1.000000000000000000 ) ) ;
#1675 = CARTESIAN_POINT ( 'NONE',  ( 0.04133858267716536417, -0.01437007874015748012, 0.04133858267716536417 ) ) ;
#1676 = ORIENTED_EDGE ( 'NONE', *, *, #701, .F. ) ;
#1677 = CARTESIAN_POINT ( 'NONE',  ( 0.02362204724409448786, -0.01417322834645669272, 0.06299212598425196763 ) ) ;
#1678 = FACE_BOUND ( 'NONE', #138, .T. ) ;
#1679 = VERTEX_POINT ( 'NONE', #252 ) ;
#1680 = FACE_OUTER_BOUND ( 'NONE', #2042, .T. ) ;
#1681 = LINE ( 'NONE', #1815, #425 ) ;
#1682 = EDGE_LOOP ( 'NONE', ( #738, #752 ) ) ;
#1683 = CARTESIAN_POINT ( 'NONE',  ( -0.02559055118110236879, -0.01456692913385826751, 0.000000000000000000 ) ) ;
#1684 = FILL_AREA_STYLE_COLOUR ( '', #2326 ) ;
#1685 = VERTEX_POINT ( 'NONE', #3676 ) ;
#1686 = EDGE_CURVE ( 'NONE', #908, #1972, #3393, .T. ) ;
#1687 = EDGE_CURVE ( 'NONE', #769, #45, #2828, .T. ) ;
#1688 = VERTEX_POINT ( 'NONE', #1970 ) ;
#1689 = CARTESIAN_POINT ( 'NONE',  ( 0.04822834645669291098, -0.01437007874015748012, 0.06299212598425196763 ) ) ;
#1690 = ORIENTED_EDGE ( 'NONE', *, *, #2673, .T. ) ;
#1691 = CARTESIAN_POINT ( 'NONE',  ( 0.000000000000000000, -0.01417322834645669272, -0.06791338582677165780 ) ) ;
#1692 = CARTESIAN_POINT ( 'NONE',  ( -0.04822834645669292486, -0.01417322834645669272, 0.000000000000000000 ) ) ;
#1693 = PLANE ( 'NONE',  #1235 ) ;
#1694 = ADVANCED_FACE ( 'NONE', ( #3142 ), #3775, .F. ) ;
#1695 = CARTESIAN_POINT ( 'NONE',  ( -0.01673228346456692717, -0.01417322834645669272, 0.04527559055118110520 ) ) ;
#1696 = ORIENTED_EDGE ( 'NONE', *, *, #490, .T. ) ;
#1697 = CARTESIAN_POINT ( 'NONE',  ( 0.000000000000000000, -0.01417322834645669272, -0.07480314960629921850 ) ) ;
#1698 = COLOUR_RGB ( '',0.7921568627450980005, 0.8196078431372548767, 0.9333333333333333481 ) ;
#1699 = FACE_BOUND ( 'NONE', #2377, .T. ) ;
#1700 = ORIENTED_EDGE ( 'NONE', *, *, #895, .T. ) ;
#1701 = DIRECTION ( 'NONE',  ( 0.000000000000000000, 0.000000000000000000, 1.000000000000000000 ) ) ;
#1702 = DIRECTION ( 'NONE',  ( -0.000000000000000000, -1.000000000000000000, -0.000000000000000000 ) ) ;
#1703 = CARTESIAN_POINT ( 'NONE',  ( 0.02559055118110236879, -0.01456692913385826751, 0.000000000000000000 ) ) ;
#1704 = ORIENTED_EDGE ( 'NONE', *, *, #2502, .T. ) ;
#1705 = ORIENTED_EDGE ( 'NONE', *, *, #216, .F. ) ;
#1706 = EDGE_LOOP ( 'NONE', ( #1251, #3402, #507, #3235 ) ) ;
#1707 = PLANE ( 'NONE',  #3431 ) ;
#1708 = AXIS2_PLACEMENT_3D ( 'NONE', #3040, #409, #969 ) ;
#1709 = EDGE_CURVE ( 'NONE', #972, #1137, #1185, .T. ) ;
#1710 = VECTOR ( 'NONE', #164, 39.37007874015748143 ) ;
#1711 = CIRCLE ( 'NONE', #2875, 0.01377952755905511792 ) ;
#1712 = DIRECTION ( 'NONE',  ( 0.000000000000000000, 1.000000000000000000, 0.000000000000000000 ) ) ;
#1713 = CARTESIAN_POINT ( 'NONE',  ( 0.000000000000000000, 0.03070866141732283769, 0.000000000000000000 ) ) ;
#1714 = VERTEX_POINT ( 'NONE', #1445 ) ;
#1715 = CARTESIAN_POINT ( 'NONE',  ( -0.03346456692913385433, 0.02480314960629921572, 0.06692913385826770867 ) ) ;
#1716 = MECHANICAL_DESIGN_GEOMETRIC_PRESENTATION_REPRESENTATION (  '', ( #1525 ), #3188 ) ;
#1717 = VECTOR ( 'NONE', #2226, 39.37007874015748143 ) ;
#1718 = EDGE_CURVE ( 'NONE', #3296, #1990, #2633, .T. ) ;
#1719 = AXIS2_PLACEMENT_3D ( 'NONE', #9, #2572, #900 ) ;
#1720 = CARTESIAN_POINT ( 'NONE',  ( -0.02559055118110236879, -0.01417322834645669272, -0.06988188976377952832 ) ) ;
#1721 = VECTOR ( 'NONE', #2987, 39.37007874015748143 ) ;
#1722 = ORIENTED_EDGE ( 'NONE', *, *, #822, .F. ) ;
#1723 = CARTESIAN_POINT ( 'NONE',  ( -0.02559055118110236879, -0.01456692913385826751, 0.007874015748031495954 ) ) ;
#1724 = LINE ( 'NONE', #1954, #3316 ) ;
#1725 = DIRECTION ( 'NONE',  ( 1.000000000000000000, 0.000000000000000000, 0.000000000000000000 ) ) ;
#1726 = ORIENTED_EDGE ( 'NONE', *, *, #1639, .F. ) ;
#1727 = ORIENTED_EDGE ( 'NONE', *, *, #3405, .F. ) ;
#1728 = ORIENTED_EDGE ( 'NONE', *, *, #2414, .T. ) ;
#1729 = LINE ( 'NONE', #1997, #1834 ) ;
#1730 = VECTOR ( 'NONE', #2172, 39.37007874015748143 ) ;
#1731 = CARTESIAN_POINT ( 'NONE',  ( 0.05511811023622047168, -0.01417322834645669272, 0.000000000000000000 ) ) ;
#1732 = CARTESIAN_POINT ( 'NONE',  ( 0.04724409448818896184, 0.03070866141732283769, 0.03740157480314960925 ) ) ;
#1733 = VERTEX_POINT ( 'NONE', #1462 ) ;
#1734 = CARTESIAN_POINT ( 'NONE',  ( -0.02559055118110236879, -0.01456692913385826751, 0.06496062992125983815 ) ) ;
#1735 = EDGE_CURVE ( 'NONE', #1679, #2732, #562, .T. ) ;
#1736 = EDGE_CURVE ( 'NONE', #3794, #3584, #664, .T. ) ;
#1737 = CARTESIAN_POINT ( 'NONE',  ( 0.04527559055118110520, -0.01417322834645669272, 0.04527559055118110520 ) ) ;
#1738 = ORIENTED_EDGE ( 'NONE', *, *, #3390, .F. ) ;
#1739 = LINE ( 'NONE', #894, #62 ) ;
#1740 = EDGE_CURVE ( 'NONE', #1281, #3317, #3486, .T. ) ;
#1741 = CARTESIAN_POINT ( 'NONE',  ( -0.02362204724409448786, -0.01437007874015748012, 0.06299212598425196763 ) ) ;
#1742 = EDGE_CURVE ( 'NONE', #2250, #3339, #3509, .T. ) ;
#1743 = VERTEX_POINT ( 'NONE', #1145 ) ;
#1744 = ORIENTED_EDGE ( 'NONE', *, *, #1036, .F. ) ;
#1745 = EDGE_LOOP ( 'NONE', ( #3805, #947, #35, #692 ) ) ;
#1746 = CARTESIAN_POINT ( 'NONE',  ( -0.007874015748031495954, -0.01456692913385826751, 0.000000000000000000 ) ) ;
#1747 = DIRECTION ( 'NONE',  ( 0.000000000000000000, 0.000000000000000000, 1.000000000000000000 ) ) ;
#1748 = LINE ( 'NONE', #2075, #174 ) ;
#1749 = DIRECTION ( 'NONE',  ( 0.000000000000000000, 1.000000000000000000, 0.000000000000000000 ) ) ;
#1750 = VERTEX_POINT ( 'NONE', #851 ) ;
#1751 = CARTESIAN_POINT ( 'NONE',  ( -0.03346456692913385433, 0.02480314960629921572, -0.06692913385826772255 ) ) ;
#1752 = CARTESIAN_POINT ( 'NONE',  ( 0.007874015748031495954, -0.01417322834645669272, -0.02657480314960630058 ) ) ;
#1753 = VERTEX_POINT ( 'NONE', #3525 ) ;
#1754 = FACE_OUTER_BOUND ( 'NONE', #147, .T. ) ;
#1755 = VECTOR ( 'NONE', #2336, 39.37007874015748854 ) ;
#1756 = EDGE_CURVE ( 'NONE', #2873, #1688, #1769, .T. ) ;
#1757 = DIRECTION ( 'NONE',  ( -0.000000000000000000, -1.000000000000000000, -0.000000000000000000 ) ) ;
#1758 = ADVANCED_FACE ( 'NONE', ( #2905 ), #271, .F. ) ;
#1759 = ORIENTED_EDGE ( 'NONE', *, *, #1932, .F. ) ;
#1760 = ADVANCED_FACE ( 'NONE', ( #2614 ), #2965, .T. ) ;
#1761 = ORIENTED_EDGE ( 'NONE', *, *, #2094, .F. ) ;
#1762 = DIRECTION ( 'NONE',  ( 1.000000000000000000, 0.000000000000000000, 0.000000000000000000 ) ) ;
#1763 = ORIENTED_EDGE ( 'NONE', *, *, #2815, .T. ) ;
#1764 = DIRECTION ( 'NONE',  ( 0.000000000000000000, 0.000000000000000000, 1.000000000000000000 ) ) ;
#1765 = CLOSED_SHELL ( 'NONE', ( #2458, #3195, #2812, #2501, #2771, #1826, #1016, #98 ) ) ;
#1766 = DIRECTION ( 'NONE',  ( -1.000000000000000000, -0.000000000000000000, -0.000000000000000000 ) ) ;
#1767 = CARTESIAN_POINT ( 'NONE',  ( 0.04133858267716536417, -0.01456692913385826751, 0.04133858267716536417 ) ) ;
#1768 = ORIENTED_EDGE ( 'NONE', *, *, #3573, .F. ) ;
#1769 = LINE ( 'NONE', #2351, #3607 ) ;
#1770 = AXIS2_PLACEMENT_3D ( 'NONE', #2480, #122, #2774 ) ;
#1771 = AXIS2_PLACEMENT_3D ( 'NONE', #2765, #162, #3132 ) ;
#1772 = PLANE ( 'NONE',  #3622 ) ;
#1773 = VECTOR ( 'NONE', #635, 39.37007874015748143 ) ;
#1774 = ORIENTED_EDGE ( 'NONE', *, *, #209, .T. ) ;
#1775 = CARTESIAN_POINT ( 'NONE',  ( 0.000000000000000000, -0.01456692913385826751, -0.07480314960629921850 ) ) ;
#1776 =( GEOMETRIC_REPRESENTATION_CONTEXT ( 3 ) GLOBAL_UNCERTAINTY_ASSIGNED_CONTEXT ( ( #744 ) ) GLOBAL_UNIT_ASSIGNED_CONTEXT ( ( #3242, #3299, #3225 ) ) REPRESENTATION_CONTEXT ( 'NONE', 'WORKASPACE' ) );
#1777 = VECTOR ( 'NONE', #241, 39.37007874015748143 ) ;
#1778 = VECTOR ( 'NONE', #737, 39.37007874015748854 ) ;
#1779 = CARTESIAN_POINT ( 'NONE',  ( -0.02559055118110191082, -0.01417322834645669272, 0.06496062992126029612 ) ) ;
#1780 = EDGE_CURVE ( 'NONE', #374, #2331, #17, .T. ) ;
#1781 = LINE ( 'NONE', #936, #1050 ) ;
#1782 = ORIENTED_EDGE ( 'NONE', *, *, #3381, .F. ) ;
#1783 = AXIS2_PLACEMENT_3D ( 'NONE', #2483, #1623, #3658 ) ;
#1784 = ORIENTED_EDGE ( 'NONE', *, *, #3735, .T. ) ;
#1785 = DIRECTION ( 'NONE',  ( 0.000000000000000000, 1.000000000000000000, 0.000000000000000000 ) ) ;
#1786 = EDGE_CURVE ( 'NONE', #2400, #804, #873, .T. ) ;
#1787 = ORIENTED_EDGE ( 'NONE', *, *, #3357, .T. ) ;
#1788 = PLANE ( 'NONE',  #2504 ) ;
#1789 = EDGE_CURVE ( 'NONE', #1688, #1654, #2655, .T. ) ;
#1790 = DIRECTION ( 'NONE',  ( -1.000000000000000000, -0.000000000000000000, -0.000000000000000000 ) ) ;
#1791 = LINE ( 'NONE', #538, #730 ) ;
#1792 = AXIS2_PLACEMENT_3D ( 'NONE', #3384, #2546, #1671 ) ;
#1793 = EDGE_LOOP ( 'NONE', ( #3036, #1426, #2658, #318 ) ) ;
#1794 = DIRECTION ( 'NONE',  ( 0.000000000000000000, 0.000000000000000000, -1.000000000000000000 ) ) ;
#1795 = LINE ( 'NONE', #1752, #1968 ) ;
#1796 = ORIENTED_EDGE ( 'NONE', *, *, #511, .T. ) ;
#1797 = DIRECTION ( 'NONE',  ( -0.7071067811865483499, 0.000000000000000000, -0.7071067811865467956 ) ) ;
#1798 = DIRECTION ( 'NONE',  ( 0.000000000000000000, 0.000000000000000000, -1.000000000000000000 ) ) ;
#1799 = DIRECTION ( 'NONE',  ( 0.7071067811865474617, 0.000000000000000000, -0.7071067811865474617 ) ) ;
#1800 = ORIENTED_EDGE ( 'NONE', *, *, #140, .F. ) ;
#1801 = ORIENTED_EDGE ( 'NONE', *, *, #3657, .T. ) ;
#1802 = CARTESIAN_POINT ( 'NONE',  ( 0.007874015748031495954, -0.01437007874015748012, -0.04527559055118110520 ) ) ;
#1803 = ORIENTED_EDGE ( 'NONE', *, *, #2366, .T. ) ;
#1804 = LINE ( 'NONE', #1216, #2201 ) ;
#1805 = ADVANCED_FACE ( 'NONE', ( #1201 ), #3216, .T. ) ;
#1806 = CARTESIAN_POINT ( 'NONE',  ( -0.04133858267716536417, -0.01417322834645669272, -0.04133858267716536417 ) ) ;
#1807 = LINE ( 'NONE', #2816, #2939 ) ;
#1808 = FILL_AREA_STYLE ('',( #962 ) ) ;
#1809 = EDGE_LOOP ( 'NONE', ( #178, #2404, #463, #2632 ) ) ;
#1810 = DIRECTION ( 'NONE',  ( 0.000000000000000000, 0.000000000000000000, 1.000000000000000000 ) ) ;
#1811 = EDGE_CURVE ( 'NONE', #727, #3323, #1500, .T. ) ;
#1812 = DIRECTION ( 'NONE',  ( 0.000000000000000000, 0.000000000000000000, 1.000000000000000000 ) ) ;
#1813 = VERTEX_POINT ( 'NONE', #1221 ) ;
#1814 = DIRECTION ( 'NONE',  ( 0.000000000000000000, 0.000000000000000000, 1.000000000000000000 ) ) ;
#1815 = CARTESIAN_POINT ( 'NONE',  ( -0.05905511811023622659, 0.005118110236220473237, 0.07874015748031495954 ) ) ;
#1816 = ORIENTED_EDGE ( 'NONE', *, *, #1742, .F. ) ;
#1817 = CARTESIAN_POINT ( 'NONE',  ( -0.02559055118110236879, -0.01437007874015748012, -0.06496062992125985203 ) ) ;
#1818 = PLANE ( 'NONE',  #2701 ) ;
#1819 = VERTEX_POINT ( 'NONE', #578 ) ;
#1820 = ORIENTED_EDGE ( 'NONE', *, *, #3638, .F. ) ;
#1821 = DIRECTION ( 'NONE',  ( 0.000000000000000000, 1.000000000000000000, 0.000000000000000000 ) ) ;
#1822 = VERTEX_POINT ( 'NONE', #1751 ) ;
#1823 = CARTESIAN_POINT ( 'NONE',  ( 0.000000000000000000, -0.01417322834645669272, 0.07480314960629921850 ) ) ;
#1824 = DIMENSIONAL_EXPONENTS ( 1.000000000000000000, 0.000000000000000000, 0.000000000000000000, 0.000000000000000000, 0.000000000000000000, 0.000000000000000000, 0.000000000000000000 ) ;
#1825 = CARTESIAN_POINT ( 'NONE',  ( 0.02559055118110236879, -0.01456692913385826751, 0.06791338582677165780 ) ) ;
#1826 = ADVANCED_FACE ( 'NONE', ( #2385 ), #2981, .F. ) ;
#1827 =( LENGTH_UNIT ( ) NAMED_UNIT ( * ) SI_UNIT ( $, .METRE. ) );
#1828 = ORIENTED_EDGE ( 'NONE', *, *, #3050, .T. ) ;
#1829 = CARTESIAN_POINT ( 'NONE',  ( -0.05511811023622047168, -0.01456692913385826751, 0.04527559055118110520 ) ) ;
#1830 = FILL_AREA_STYLE_COLOUR ( '', #1698 ) ;
#1831 = EDGE_LOOP ( 'NONE', ( #282, #1803, #129, #823 ) ) ;
#1832 = CARTESIAN_POINT ( 'NONE',  ( -0.04724409448818897572, 0.03070866141732283769, -0.05314960629921260116 ) ) ;
#1833 = AXIS2_PLACEMENT_3D ( 'NONE', #3025, #1543, #3350 ) ;
#1834 = VECTOR ( 'NONE', #3194, 39.37007874015748143 ) ;
#1835 = AXIS2_PLACEMENT_3D ( 'NONE', #3214, #2057, #2076 ) ;
#1836 = LINE ( 'NONE', #2791, #3320 ) ;
#1837 = STYLED_ITEM ( 'NONE', ( #3418 ), #846 ) ;
#1838 = LINE ( 'NONE', #25, #2030 ) ;
#1839 = ORIENTED_EDGE ( 'NONE', *, *, #3169, .T. ) ;
#1840 = VECTOR ( 'NONE', #1377, 39.37007874015748143 ) ;
#1841 = ORIENTED_EDGE ( 'NONE', *, *, #3661, .F. ) ;
#1842 = LINE ( 'NONE', #587, #3617 ) ;
#1843 = VECTOR ( 'NONE', #1951, 39.37007874015748143 ) ;
#1844 = VECTOR ( 'NONE', #1358, 39.37007874015748143 ) ;
#1845 = ORIENTED_EDGE ( 'NONE', *, *, #495, .T. ) ;
#1846 = DIRECTION ( 'NONE',  ( 0.000000000000000000, 0.000000000000000000, 1.000000000000000000 ) ) ;
#1847 = CARTESIAN_POINT ( 'NONE',  ( 0.04527559055118110520, -0.01437007874015748012, 0.04527559055118110520 ) ) ;
#1848 = CARTESIAN_POINT ( 'NONE',  ( -0.02559055118110236879, -0.01437007874015748012, 0.007874015748031495954 ) ) ;
#1849 = ORIENTED_EDGE ( 'NONE', *, *, #890, .F. ) ;
#1850 = DIRECTION ( 'NONE',  ( 0.7071067811865475727, 0.000000000000000000, -0.7071067811865475727 ) ) ;
#1851 = LINE ( 'NONE', #2772, #527 ) ;
#1852 = VERTEX_POINT ( 'NONE', #2748 ) ;
#1853 = DIRECTION ( 'NONE',  ( -1.000000000000000000, -0.000000000000000000, -0.000000000000000000 ) ) ;
#1854 = VECTOR ( 'NONE', #1257, 39.37007874015748143 ) ;
#1855 = EDGE_CURVE ( 'NONE', #3193, #288, #60, .T. ) ;
#1856 = EDGE_CURVE ( 'NONE', #321, #3193, #710, .T. ) ;
#1857 = DIRECTION ( 'NONE',  ( 0.000000000000000000, 0.000000000000000000, -1.000000000000000000 ) ) ;
#1858 = DIRECTION ( 'NONE',  ( 0.000000000000000000, 1.000000000000000000, 0.000000000000000000 ) ) ;
#1859 = EDGE_CURVE ( 'NONE', #2287, #644, #2436, .T. ) ;
#1860 = EDGE_LOOP ( 'NONE', ( #1100, #2727, #3361, #2623 ) ) ;
#1861 = EDGE_CURVE ( 'NONE', #972, #533, #2478, .T. ) ;
#1862 = ORIENTED_EDGE ( 'NONE', *, *, #1060, .F. ) ;
#1863 = CARTESIAN_POINT ( 'NONE',  ( 0.01673228346456692717, -0.01417322834645669272, -0.007874015748031495954 ) ) ;
#1864 = ORIENTED_EDGE ( 'NONE', *, *, #1736, .T. ) ;
#1865 = LINE ( 'NONE', #978, #3002 ) ;
#1866 = DIRECTION ( 'NONE',  ( -0.7071067811861948549, 0.000000000000000000, 0.7071067811869001796 ) ) ;
#1867 = VERTEX_POINT ( 'NONE', #3292 ) ;
#1868 = LINE ( 'NONE', #3362, #3801 ) ;
#1869 = CARTESIAN_POINT ( 'NONE',  ( 0.02559055118110236879, -0.01456692913385826751, 0.02657480314960630058 ) ) ;
#1870 = ORIENTED_EDGE ( 'NONE', *, *, #2327, .T. ) ;
#1871 = CARTESIAN_POINT ( 'NONE',  ( -0.02559055118110236879, -0.01437007874015748012, -0.02657480314960630058 ) ) ;
#1872 = FACE_OUTER_BOUND ( 'NONE', #2277, .T. ) ;
#1873 = LINE ( 'NONE', #3043, #3750 ) ;
#1874 = EDGE_CURVE ( 'NONE', #2012, #1281, #2461, .T. ) ;
#1875 = ORIENTED_EDGE ( 'NONE', *, *, #1297, .T. ) ;
#1876 = DIRECTION ( 'NONE',  ( 0.7071067811865474617, 0.000000000000000000, -0.7071067811865475727 ) ) ;
#1877 = CARTESIAN_POINT ( 'NONE',  ( -0.04527559055118110520, -0.01456692913385826751, -0.04527559055118110520 ) ) ;
#1878 = DIRECTION ( 'NONE',  ( 1.000000000000000000, 0.000000000000000000, 0.000000000000000000 ) ) ;
#1879 = MECHANICAL_DESIGN_GEOMETRIC_PRESENTATION_REPRESENTATION (  '', ( #2183 ), #220 ) ;
#1880 = EDGE_CURVE ( 'NONE', #2317, #990, #3611, .T. ) ;
#1881 = CARTESIAN_POINT ( 'NONE',  ( 0.02559055118110236879, -0.01417322834645669272, -0.02657480314960630058 ) ) ;
#1882 =( CONVERSION_BASED_UNIT ( 'INCH', #2731 ) LENGTH_UNIT ( ) NAMED_UNIT ( #352 ) );
#1883 = ORIENTED_EDGE ( 'NONE', *, *, #3731, .F. ) ;
#1884 = CARTESIAN_POINT ( 'NONE',  ( -0.04133858267716536417, -0.01437007874015748012, 0.04133858267716536417 ) ) ;
#1885 = LINE ( 'NONE', #1298, #99 ) ;
#1886 = CARTESIAN_POINT ( 'NONE',  ( 0.007874015748031495954, -0.01456692913385826751, 0.04527559055118110520 ) ) ;
#1887 = ORIENTED_EDGE ( 'NONE', *, *, #3781, .F. ) ;
#1888 = DIRECTION ( 'NONE',  ( 0.000000000000000000, 1.000000000000000000, 0.000000000000000000 ) ) ;
#1889 = CIRCLE ( 'NONE', #1459, 0.01377952755905511792 ) ;
#1890 = DIRECTION ( 'NONE',  ( 0.000000000000000000, 0.000000000000000000, 1.000000000000000000 ) ) ;
#1891 = CARTESIAN_POINT ( 'NONE',  ( -0.02559055118110236879, -0.01437007874015748012, -0.04527559055118110520 ) ) ;
#1892 = AXIS2_PLACEMENT_3D ( 'NONE', #659, #1888, #3368 ) ;
#1893 = AXIS2_PLACEMENT_3D ( 'NONE', #1692, #2880, #2933 ) ;
#1894 = EDGE_CURVE ( 'NONE', #2486, #1901, #2015, .T. ) ;
#1895 = VERTEX_POINT ( 'NONE', #1829 ) ;
#1896 = LINE ( 'NONE', #1304, #1346 ) ;
#1897 = PLANE ( 'NONE',  #2264 ) ;
#1898 = MECHANICAL_DESIGN_GEOMETRIC_PRESENTATION_REPRESENTATION (  '', ( #604 ), #239 ) ;
#1899 = EDGE_CURVE ( 'NONE', #3339, #3610, #2733, .T. ) ;
#1900 = ADVANCED_FACE ( 'NONE', ( #1244 ), #2715, .T. ) ;
#1901 = VERTEX_POINT ( 'NONE', #2158 ) ;
#1902 = VECTOR ( 'NONE', #2541, 39.37007874015748143 ) ;
#1903 = DIRECTION ( 'NONE',  ( 0.000000000000000000, 1.000000000000000000, 0.000000000000000000 ) ) ;
#1904 = DIRECTION ( 'NONE',  ( 0.000000000000000000, 0.000000000000000000, 1.000000000000000000 ) ) ;
#1905 = EDGE_LOOP ( 'NONE', ( #3790, #8, #2051, #1619 ) ) ;
#1906 = FACE_OUTER_BOUND ( 'NONE', #1048, .T. ) ;
#1907 = EDGE_CURVE ( 'NONE', #2663, #3546, #652, .T. ) ;
#1908 = CARTESIAN_POINT ( 'NONE',  ( 0.01673228346456692717, -0.01437007874015748012, 0.04527559055118110520 ) ) ;
#1909 = DIRECTION ( 'NONE',  ( 1.000000000000000000, 0.000000000000000000, 0.000000000000000000 ) ) ;
#1910 = CARTESIAN_POINT ( 'NONE',  ( 0.02559055118110236879, -0.01456692913385826751, 0.04133858267716536417 ) ) ;
#1911 = ORIENTED_EDGE ( 'NONE', *, *, #743, .T. ) ;
#1912 = CARTESIAN_POINT ( 'NONE',  ( 0.02362204724409448786, -0.01417322834645669272, -0.06299212598425196763 ) ) ;
#1913 = CARTESIAN_POINT ( 'NONE',  ( -0.05511811023622047168, -0.01417322834645669272, 0.000000000000000000 ) ) ;
#1914 = DIRECTION ( 'NONE',  ( 0.000000000000000000, 0.000000000000000000, 1.000000000000000000 ) ) ;
#1915 = VECTOR ( 'NONE', #130, 39.37007874015748143 ) ;
#1916 = ORIENTED_EDGE ( 'NONE', *, *, #2820, .F. ) ;
#1917 = DIRECTION ( 'NONE',  ( 0.000000000000000000, 0.000000000000000000, -1.000000000000000000 ) ) ;
#1918 = LINE ( 'NONE', #3379, #3744 ) ;
#1919 = DIRECTION ( 'NONE',  ( 0.000000000000000000, 1.000000000000000000, 0.000000000000000000 ) ) ;
#1920 = PLANE ( 'NONE',  #1792 ) ;
#1921 = FACE_OUTER_BOUND ( 'NONE', #2255, .T. ) ;
#1922 = FACE_OUTER_BOUND ( 'NONE', #3700, .T. ) ;
#1923 = PRODUCT_RELATED_PRODUCT_CATEGORY ( 'part', '', ( #1604 ) ) ;
#1924 = EDGE_CURVE ( 'NONE', #3650, #2873, #78, .T. ) ;
#1925 = DIRECTION ( 'NONE',  ( -1.000000000000000000, 0.000000000000000000, 0.000000000000000000 ) ) ;
#1926 = EDGE_CURVE ( 'NONE', #1174, #3519, #3022, .T. ) ;
#1927 = DIRECTION ( 'NONE',  ( -0.000000000000000000, -1.000000000000000000, -0.000000000000000000 ) ) ;
#1928 = FACE_OUTER_BOUND ( 'NONE', #2157, .T. ) ;
#1929 = ORIENTED_EDGE ( 'NONE', *, *, #275, .F. ) ;
#1930 = CARTESIAN_POINT ( 'NONE',  ( 0.01673228346456692717, -0.01456692913385826751, 0.007874015748031495954 ) ) ;
#1931 = CARTESIAN_POINT ( 'NONE',  ( -0.05905511811023622659, 0.005118110236220473237, 0.000000000000000000 ) ) ;
#1932 = EDGE_CURVE ( 'NONE', #3088, #745, #3000, .T. ) ;
#1933 = FACE_BOUND ( 'NONE', #1609, .T. ) ;
#1934 = ORIENTED_EDGE ( 'NONE', *, *, #451, .F. ) ;
#1935 = DIRECTION ( 'NONE',  ( 0.000000000000000000, -1.000000000000000000, 0.000000000000000000 ) ) ;
#1936 = EDGE_CURVE ( 'NONE', #586, #3332, #1868, .T. ) ;
#1937 = ORIENTED_EDGE ( 'NONE', *, *, #2257, .F. ) ;
#1938 = CARTESIAN_POINT ( 'NONE',  ( -0.02362204724409448786, -0.01437007874015748012, -0.06299212598425196763 ) ) ;
#1939 = CARTESIAN_POINT ( 'NONE',  ( 0.02559055118110236879, -0.01437007874015748012, -0.04527559055118110520 ) ) ;
#1940 = DIRECTION ( 'NONE',  ( 0.000000000000000000, 0.000000000000000000, 1.000000000000000000 ) ) ;
#1941 = MECHANICAL_DESIGN_GEOMETRIC_PRESENTATION_REPRESENTATION (  '', ( #1086 ), #2243 ) ;
#1942 = CARTESIAN_POINT ( 'NONE',  ( -0.007874015748031495954, -0.01437007874015748012, 0.007874015748031495954 ) ) ;
#1943 = ORIENTED_EDGE ( 'NONE', *, *, #3502, .T. ) ;
#1944 = DIRECTION ( 'NONE',  ( -1.000000000000000000, 0.000000000000000000, 0.000000000000000000 ) ) ;
#1945 = DIRECTION ( 'NONE',  ( 0.000000000000000000, 0.000000000000000000, 1.000000000000000000 ) ) ;
#1946 = EDGE_CURVE ( 'NONE', #2210, #3718, #3252, .T. ) ;
#1947 = DIRECTION ( 'NONE',  ( 0.000000000000000000, 0.000000000000000000, -1.000000000000000000 ) ) ;
#1948 = FACE_OUTER_BOUND ( 'NONE', #126, .T. ) ;
#1949 = ORIENTED_EDGE ( 'NONE', *, *, #1202, .T. ) ;
#1950 = LINE ( 'NONE', #1697, #784 ) ;
#1951 = DIRECTION ( 'NONE',  ( 1.000000000000000000, 0.000000000000000000, 0.000000000000000000 ) ) ;
#1952 = EDGE_LOOP ( 'NONE', ( #2184, #1092, #2092, #2928, #2890, #2390 ) ) ;
#1953 = FACE_OUTER_BOUND ( 'NONE', #1240, .T. ) ;
#1954 = CARTESIAN_POINT ( 'NONE',  ( 0.02559055118110236879, -0.01456692913385826751, 0.000000000000000000 ) ) ;
#1955 = CIRCLE ( 'NONE', #2439, 0.004921259842519680634 ) ;
#1956 =( LENGTH_UNIT ( ) NAMED_UNIT ( * ) SI_UNIT ( $, .METRE. ) );
#1957 = DIRECTION ( 'NONE',  ( -1.000000000000000000, -0.000000000000000000, -0.000000000000000000 ) ) ;
#1958 = VECTOR ( 'NONE', #930, 39.37007874015748143 ) ;
#1959 = CIRCLE ( 'NONE', #2935, 0.01377952755905511965 ) ;
#1960 = ORIENTED_EDGE ( 'NONE', *, *, #345, .F. ) ;
#1961 = AXIS2_PLACEMENT_3D ( 'NONE', #1122, #2288, #3122 ) ;
#1962 = CARTESIAN_POINT ( 'NONE',  ( -0.02559055118110236879, -0.01437007874015748012, 0.02657480314960630058 ) ) ;
#1963 = LINE ( 'NONE', #3670, #2133 ) ;
#1964 = VECTOR ( 'NONE', #2471, 39.37007874015748854 ) ;
#1965 = VECTOR ( 'NONE', #1487, 39.37007874015748143 ) ;
#1966 = CARTESIAN_POINT ( 'NONE',  ( -0.01673228346456692717, -0.01456692913385826751, -0.04527559055118110520 ) ) ;
#1967 = DIRECTION ( 'NONE',  ( -0.7071067811865474617, 0.000000000000000000, 0.7071067811865474617 ) ) ;
#1968 = VECTOR ( 'NONE', #1146, 39.37007874015748143 ) ;
#1969 = ORIENTED_EDGE ( 'NONE', *, *, #2898, .F. ) ;
#1970 = CARTESIAN_POINT ( 'NONE',  ( 0.007874015748031495954, -0.01456692913385826751, -0.007874015748031495954 ) ) ;
#1971 = FACE_BOUND ( 'NONE', #1542, .T. ) ;
#1972 = VERTEX_POINT ( 'NONE', #3348 ) ;
#1973 = DIRECTION ( 'NONE',  ( 0.000000000000000000, 1.000000000000000000, 0.000000000000000000 ) ) ;
#1974 = ADVANCED_FACE ( 'NONE', ( #1906 ), #676, .F. ) ;
#1975 = EDGE_CURVE ( 'NONE', #1822, #360, #362, .T. ) ;
#1976 = DIRECTION ( 'NONE',  ( 0.000000000000000000, 0.000000000000000000, 1.000000000000000000 ) ) ;
#1977 = EDGE_CURVE ( 'NONE', #1420, #2174, #693, .T. ) ;
#1978 = PRESENTATION_STYLE_ASSIGNMENT (( #802 ) ) ;
#1979 = ORIENTED_EDGE ( 'NONE', *, *, #3780, .F. ) ;
#1980 = ORIENTED_EDGE ( 'NONE', *, *, #2811, .T. ) ;
#1981 = EDGE_LOOP ( 'NONE', ( #1328, #3187, #1212, #2607 ) ) ;
#1982 = LINE ( 'NONE', #3385, #1342 ) ;
#1983 = PLANE ( 'NONE',  #2323 ) ;
#1984 = CARTESIAN_POINT ( 'NONE',  ( 0.01771653543307086937, 0.02480314960629921572, 0.06692913385826770867 ) ) ;
#1985 = SURFACE_SIDE_STYLE ('',( #1387 ) ) ;
#1986 = FACE_OUTER_BOUND ( 'NONE', #1423, .T. ) ;
#1987 = EDGE_LOOP ( 'NONE', ( #825, #2912, #1549, #774 ) ) ;
#1988 = LINE ( 'NONE', #1677, #1035 ) ;
#1989 = LINE ( 'NONE', #506, #2335 ) ;
#1990 = VERTEX_POINT ( 'NONE', #1886 ) ;
#1991 = PLANE ( 'NONE',  #3134 ) ;
#1992 = CARTESIAN_POINT ( 'NONE',  ( -0.04133858267716536417, -0.01456692913385826751, 0.000000000000000000 ) ) ;
#1993 = VERTEX_POINT ( 'NONE', #428 ) ;
#1994 = VERTEX_POINT ( 'NONE', #2734 ) ;
#1995 = ORIENTED_EDGE ( 'NONE', *, *, #323, .F. ) ;
#1996 = PLANE ( 'NONE',  #1961 ) ;
#1997 = CARTESIAN_POINT ( 'NONE',  ( 0.04822834645669292486, -0.01456692913385826751, -0.04527559055118110520 ) ) ;
#1998 = EDGE_CURVE ( 'NONE', #2554, #1613, #1312, .T. ) ;
#1999 = PRESENTATION_LAYER_ASSIGNMENT (  '', '', ( #1271 ) ) ;
#2000 = CARTESIAN_POINT ( 'NONE',  ( 0.007874015748031495954, -0.01437007874015748012, -0.02657480314960630058 ) ) ;
#2001 = FACE_OUTER_BOUND ( 'NONE', #2242, .T. ) ;
#2002 = ORIENTED_EDGE ( 'NONE', *, *, #3244, .F. ) ;
#2003 = DIRECTION ( 'NONE',  ( 1.000000000000000000, 0.000000000000000000, 0.000000000000000000 ) ) ;
#2004 = PLANE ( 'NONE',  #1413 ) ;
#2005 = LINE ( 'NONE', #2520, #3503 ) ;
#2006 = ORIENTED_EDGE ( 'NONE', *, *, #1899, .F. ) ;
#2007 = DIRECTION ( 'NONE',  ( 1.000000000000000000, 0.000000000000000000, 0.000000000000000000 ) ) ;
#2008 = VERTEX_POINT ( 'NONE', #3541 ) ;
#2009 = CARTESIAN_POINT ( 'NONE',  ( 6.026805113914139405E-19, 0.02086614173228347122, -0.03562992125984253133 ) ) ;
#2010 = SURFACE_STYLE_USAGE ( .BOTH. , #3767 ) ;
#2011 = ORIENTED_EDGE ( 'NONE', *, *, #1977, .T. ) ;
#2012 = VERTEX_POINT ( 'NONE', #1219 ) ;
#2013 = ORIENTED_EDGE ( 'NONE', *, *, #2257, .T. ) ;
#2014 = CARTESIAN_POINT ( 'NONE',  ( -0.02559055118110236879, -0.01437007874015748012, -0.06496062992125983815 ) ) ;
#2015 = CIRCLE ( 'NONE', #914, 0.01377952755905511792 ) ;
#2016 = EDGE_CURVE ( 'NONE', #956, #207, #617, .T. ) ;
#2017 = ADVANCED_FACE ( 'NONE', ( #2349 ), #887, .F. ) ;
#2018 = VECTOR ( 'NONE', #3290, 39.37007874015748143 ) ;
#2019 = VECTOR ( 'NONE', #669, 39.37007874015748143 ) ;
#2020 = PLANE ( 'NONE',  #3019 ) ;
#2021 = DIRECTION ( 'NONE',  ( 0.000000000000000000, 0.000000000000000000, -1.000000000000000000 ) ) ;
#2022 = EDGE_CURVE ( 'NONE', #1554, #3603, #3234, .T. ) ;
#2023 = ORIENTED_EDGE ( 'NONE', *, *, #1686, .T. ) ;
#2024 = DIRECTION ( 'NONE',  ( 1.000000000000000000, 0.000000000000000000, 0.000000000000000000 ) ) ;
#2025 = AXIS2_PLACEMENT_3D ( 'NONE', #3575, #1821, #957 ) ;
#2026 = PRESENTATION_LAYER_ASSIGNMENT (  '', '', ( #2144 ) ) ;
#2027 = ADVANCED_FACE ( 'NONE', ( #2942 ), #327, .F. ) ;
#2028 = AXIS2_PLACEMENT_3D ( 'NONE', #2355, #1488, #2660 ) ;
#2029 = DIRECTION ( 'NONE',  ( 0.000000000000000000, 1.000000000000000000, 0.000000000000000000 ) ) ;
#2030 = VECTOR ( 'NONE', #2375, 39.37007874015748143 ) ;
#2031 = ORIENTED_EDGE ( 'NONE', *, *, #1091, .F. ) ;
#2032 = DIRECTION ( 'NONE',  ( 1.000000000000000000, 0.000000000000000000, 0.000000000000000000 ) ) ;
#2033 = PLANE ( 'NONE',  #549 ) ;
#2034 = ORIENTED_EDGE ( 'NONE', *, *, #3410, .T. ) ;
#2035 = ORIENTED_EDGE ( 'NONE', *, *, #1907, .T. ) ;
#2036 = ORIENTED_EDGE ( 'NONE', *, *, #201, .F. ) ;
#2037 = CARTESIAN_POINT ( 'NONE',  ( 0.04527559055118110520, -0.01456692913385826751, 0.04527559055118110520 ) ) ;
#2038 = VECTOR ( 'NONE', #1766, 39.37007874015748143 ) ;
#2039 = CARTESIAN_POINT ( 'NONE',  ( 0.02559055118110236879, -0.01456692913385826751, -0.04527559055118110520 ) ) ;
#2040 = DIRECTION ( 'NONE',  ( 1.000000000000000000, 0.000000000000000000, 0.000000000000000000 ) ) ;
#2041 = EDGE_CURVE ( 'NONE', #3769, #1175, #15, .T. ) ;
#2042 = EDGE_LOOP ( 'NONE', ( #2848, #3774 ) ) ;
#2043 = DIRECTION ( 'NONE',  ( 0.000000000000000000, 0.000000000000000000, -1.000000000000000000 ) ) ;
#2044 = CARTESIAN_POINT ( 'NONE',  ( 0.02559055118110236879, -0.01456692913385826751, -0.007874015748031495954 ) ) ;
#2045 = ORIENTED_EDGE ( 'NONE', *, *, #1786, .T. ) ;
#2046 = DIRECTION ( 'NONE',  ( 0.000000000000000000, 0.000000000000000000, -1.000000000000000000 ) ) ;
#2047 = EDGE_CURVE ( 'NONE', #1269, #1554, #2459, .T. ) ;
#2048 = PLANE ( 'NONE',  #3564 ) ;
#2049 = LINE ( 'NONE', #2145, #3197 ) ;
#2050 = VERTEX_POINT ( 'NONE', #985 ) ;
#2051 = ORIENTED_EDGE ( 'NONE', *, *, #140, .T. ) ;
#2052 = CARTESIAN_POINT ( 'NONE',  ( 0.02559055118110236879, -0.01437007874015748012, 0.02657480314960630058 ) ) ;
#2053 = VERTEX_POINT ( 'NONE', #3632 ) ;
#2054 = LINE ( 'NONE', #11, #785 ) ;
#2055 = CARTESIAN_POINT ( 'NONE',  ( 0.04822834645669292486, -0.01417322834645669272, 0.000000000000000000 ) ) ;
#2056 = CARTESIAN_POINT ( 'NONE',  ( 1.687505431895959688E-18, 0.02440944881889763746, -0.04448818897637796255 ) ) ;
#2057 = DIRECTION ( 'NONE',  ( 0.000000000000000000, 1.000000000000000000, 0.000000000000000000 ) ) ;
#2058 = ORIENTED_EDGE ( 'NONE', *, *, #613, .T. ) ;
#2059 = DIRECTION ( 'NONE',  ( 0.000000000000000000, 0.000000000000000000, 1.000000000000000000 ) ) ;
#2060 = EDGE_CURVE ( 'NONE', #1303, #1679, #388, .T. ) ;
#2061 = FACE_OUTER_BOUND ( 'NONE', #2150, .T. ) ;
#2062 = ORIENTED_EDGE ( 'NONE', *, *, #1899, .T. ) ;
#2063 = PLANE ( 'NONE',  #2148 ) ;
#2064 = VECTOR ( 'NONE', #1276, 39.37007874015748143 ) ;
#2065 = DIRECTION ( 'NONE',  ( 0.000000000000000000, 0.000000000000000000, -1.000000000000000000 ) ) ;
#2066 = CARTESIAN_POINT ( 'NONE',  ( -0.02165354330708949004, -0.01417322834645669272, 0.06102362204724319505 ) ) ;
#2067 = EDGE_CURVE ( 'NONE', #3016, #1599, #1538, .T. ) ;
#2068 = ORIENTED_EDGE ( 'NONE', *, *, #697, .T. ) ;
#2069 = EDGE_LOOP ( 'NONE', ( #3512, #3451, #3208, #2499 ) ) ;
#2070 = DIRECTION ( 'NONE',  ( 0.7071067811865474617, 0.000000000000000000, -0.7071067811865474617 ) ) ;
#2071 = EDGE_LOOP ( 'NONE', ( #755, #329, #942, #866 ) ) ;
#2072 = CARTESIAN_POINT ( 'NONE',  ( -0.05511811023622047168, -0.01456692913385826751, 0.000000000000000000 ) ) ;
#2073 = AXIS2_PLACEMENT_3D ( 'NONE', #2801, #188, #165 ) ;
#2074 = DIRECTION ( 'NONE',  ( 0.000000000000000000, 1.000000000000000000, 0.000000000000000000 ) ) ;
#2075 = CARTESIAN_POINT ( 'NONE',  ( -0.02559055118110236879, -0.01417322834645669272, -0.02657480314960630058 ) ) ;
#2076 = DIRECTION ( 'NONE',  ( 0.000000000000000000, 0.000000000000000000, 1.000000000000000000 ) ) ;
#2077 = ORIENTED_EDGE ( 'NONE', *, *, #3612, .T. ) ;
#2078 = DIRECTION ( 'NONE',  ( 1.000000000000000000, 0.000000000000000000, 0.000000000000000000 ) ) ;
#2079 = VECTOR ( 'NONE', #215, 39.37007874015748854 ) ;
#2080 = VECTOR ( 'NONE', #494, 39.37007874015748143 ) ;
#2081 = PLANE ( 'NONE',  #1508 ) ;
#2082 = AXIS2_PLACEMENT_3D ( 'NONE', #79, #1575, #2437 ) ;
#2083 = ORIENTED_EDGE ( 'NONE', *, *, #255, .T. ) ;
#2084 = CYLINDRICAL_SURFACE ( 'NONE', #2635, 0.01377952755905511965 ) ;
#2085 = COLOUR_RGB ( '',0.7921568627450980005, 0.8196078431372548767, 0.9333333333333333481 ) ;
#2086 = MANIFOLD_SOLID_BREP ( 'solid-5', #1570 ) ;
#2087 = VECTOR ( 'NONE', #915, 39.37007874015748143 ) ;
#2088 = VECTOR ( 'NONE', #526, 39.37007874015748143 ) ;
#2089 = CARTESIAN_POINT ( 'NONE',  ( 0.02559055118110236879, -0.01437007874015748012, 0.02657480314960630058 ) ) ;
#2090 = LINE ( 'NONE', #2641, #673 ) ;
#2091 = EDGE_CURVE ( 'NONE', #2904, #2050, #946, .T. ) ;
#2092 = ORIENTED_EDGE ( 'NONE', *, *, #1568, .F. ) ;
#2093 = VECTOR ( 'NONE', #2295, 39.37007874015748143 ) ;
#2094 = EDGE_CURVE ( 'NONE', #3457, #392, #2476, .T. ) ;
#2095 = EDGE_LOOP ( 'NONE', ( #951, #1492, #532, #2867 ) ) ;
#2096 = CARTESIAN_POINT ( 'NONE',  ( 0.04527559055118110520, -0.01456692913385826751, -0.04527559055118110520 ) ) ;
#2097 = ORIENTED_EDGE ( 'NONE', *, *, #1503, .F. ) ;
#2098 = CARTESIAN_POINT ( 'NONE',  ( -0.007874015748031495954, -0.01456692913385826751, -0.04527559055118110520 ) ) ;
#2099 = DIRECTION ( 'NONE',  ( 0.000000000000000000, 1.000000000000000000, 0.000000000000000000 ) ) ;
#2100 = CARTESIAN_POINT ( 'NONE',  ( 0.04133858267716536417, -0.01456692913385826751, 0.04133858267716536417 ) ) ;
#2101 = ORIENTED_EDGE ( 'NONE', *, *, #3098, .T. ) ;
#2102 = CARTESIAN_POINT ( 'NONE',  ( 0.000000000000000000, 0.02086614173228347122, -0.03070866141732284463 ) ) ;
#2103 = DIRECTION ( 'NONE',  ( 0.000000000000000000, 0.000000000000000000, -1.000000000000000000 ) ) ;
#2104 = ORIENTED_EDGE ( 'NONE', *, *, #380, .T. ) ;
#2105 = DIRECTION ( 'NONE',  ( -1.000000000000000000, 0.000000000000000000, 0.000000000000000000 ) ) ;
#2106 = MANIFOLD_SOLID_BREP ( 'solid-9', #3729 ) ;
#2107 = DIRECTION ( 'NONE',  ( 1.000000000000000000, 0.000000000000000000, 0.000000000000000000 ) ) ;
#2108 = PLANE ( 'NONE',  #2946 ) ;
#2109 = ORIENTED_EDGE ( 'NONE', *, *, #3664, .F. ) ;
#2110 = EDGE_CURVE ( 'NONE', #3588, #3777, #1000, .T. ) ;
#2111 = ORIENTED_EDGE ( 'NONE', *, *, #1294, .T. ) ;
#2112 = CARTESIAN_POINT ( 'NONE',  ( -0.04527559055118110520, -0.01417322834645669272, -0.04527559055118110520 ) ) ;
#2113 = ORIENTED_EDGE ( 'NONE', *, *, #3426, .F. ) ;
#2114 = DIRECTION ( 'NONE',  ( 0.000000000000000000, 1.000000000000000000, 0.000000000000000000 ) ) ;
#2115 = CARTESIAN_POINT ( 'NONE',  ( 6.026805113914139405E-19, 0.02086614173228347122, -0.03562992125984253133 ) ) ;
#2116 = FILL_AREA_STYLE_COLOUR ( '', #51 ) ;
#2117 = EDGE_LOOP ( 'NONE', ( #171, #3291, #2045, #2999 ) ) ;
#2118 = CARTESIAN_POINT ( 'NONE',  ( 0.04330708661417323468, -0.01437007874015748012, 0.04330708661417323468 ) ) ;
#2119 = FILL_AREA_STYLE ('',( #80 ) ) ;
#2120 = EDGE_LOOP ( 'NONE', ( #399, #205, #1841, #646, #2353, #3786 ) ) ;
#2121 = DIRECTION ( 'NONE',  ( 0.000000000000000000, 1.000000000000000000, 0.000000000000000000 ) ) ;
#2122 = CARTESIAN_POINT ( 'NONE',  ( 0.04527559055118110520, -0.01417322834645669272, -0.04527559055118110520 ) ) ;
#2123 = CARTESIAN_POINT ( 'NONE',  ( 0.05905511811023622659, 0.02480314960629921572, 0.07874015748031495954 ) ) ;
#2124 = VERTEX_POINT ( 'NONE', #2823 ) ;
#2125 = ORIENTED_EDGE ( 'NONE', *, *, #1736, .F. ) ;
#2126 = FACE_OUTER_BOUND ( 'NONE', #924, .T. ) ;
#2127 = VERTEX_POINT ( 'NONE', #2513 ) ;
#2128 = DIRECTION ( 'NONE',  ( 0.000000000000000000, 0.000000000000000000, -1.000000000000000000 ) ) ;
#2129 = UNCERTAINTY_MEASURE_WITH_UNIT (LENGTH_MEASURE( 1.000000000000000082E-05 ), #1882, 'distance_accuracy_value', 'NONE');
#2130 = DIRECTION ( 'NONE',  ( 0.000000000000000000, -1.000000000000000000, 0.000000000000000000 ) ) ;
#2131 = EDGE_LOOP ( 'NONE', ( #555, #1949, #1400, #1467 ) ) ;
#2132 = DIRECTION ( 'NONE',  ( 0.000000000000000000, -1.000000000000000000, 0.000000000000000000 ) ) ;
#2133 = VECTOR ( 'NONE', #473, 39.37007874015748143 ) ;
#2134 = ADVANCED_FACE ( 'NONE', ( #3401 ), #206, .F. ) ;
#2135 = ADVANCED_FACE ( 'NONE', ( #1921 ), #3075, .F. ) ;
#2136 = EDGE_CURVE ( 'NONE', #586, #3588, #2492, .T. ) ;
#2137 = ORIENTED_EDGE ( 'NONE', *, *, #12, .F. ) ;
#2138 = DIRECTION ( 'NONE',  ( 0.000000000000000000, -1.000000000000000000, 0.000000000000000000 ) ) ;
#2139 = VECTOR ( 'NONE', #406, 39.37007874015748143 ) ;
#2140 = VECTOR ( 'NONE', #2975, 39.37007874015748143 ) ;
#2141 = ADVANCED_FACE ( 'NONE', ( #3093 ), #149, .T. ) ;
#2142 = AXIS2_PLACEMENT_3D ( 'NONE', #2118, #1850, #3581 ) ;
#2143 = LINE ( 'NONE', #141, #1533 ) ;
#2144 = STYLED_ITEM ( 'NONE', ( #1171 ), #878 ) ;
#2145 = CARTESIAN_POINT ( 'NONE',  ( -0.03346456692913385433, 0.02480314960629921572, 0.06692913385826770867 ) ) ;
#2146 = ORIENTED_EDGE ( 'NONE', *, *, #1138, .F. ) ;
#2147 = VECTOR ( 'NONE', #221, 39.37007874015748143 ) ;
#2148 = AXIS2_PLACEMENT_3D ( 'NONE', #3221, #582, #3263 ) ;
#2149 = DIMENSIONAL_EXPONENTS ( 1.000000000000000000, 0.000000000000000000, 0.000000000000000000, 0.000000000000000000, 0.000000000000000000, 0.000000000000000000, 0.000000000000000000 ) ;
#2150 = EDGE_LOOP ( 'NONE', ( #2023, #1274, #3287, #2259 ) ) ;
#2151 = FACE_OUTER_BOUND ( 'NONE', #964, .T. ) ;
#2152 = VECTOR ( 'NONE', #83, 39.37007874015748143 ) ;
#2153 = VERTEX_POINT ( 'NONE', #2230 ) ;
#2154 = CARTESIAN_POINT ( 'NONE',  ( -0.04724409448818897572, 0.03070866141732283769, 0.000000000000000000 ) ) ;
#2155 = CARTESIAN_POINT ( 'NONE',  ( 0.000000000000000000, -0.01417322834645669272, -0.06791338582677165780 ) ) ;
#2156 = CARTESIAN_POINT ( 'NONE',  ( 0.007874015748031495954, -0.01437007874015748012, 0.04527559055118110520 ) ) ;
#2157 = EDGE_LOOP ( 'NONE', ( #2914, #899, #1727, #1583 ) ) ;
#2158 = CARTESIAN_POINT ( 'NONE',  ( 1.687505431895959688E-18, 0.02480314960629921572, -0.04448818897637796255 ) ) ;
#2159 = PRODUCT_DEFINITION ( 'UNKNOWN', '', #624, #1180 ) ;
#2160 = VECTOR ( 'NONE', #1429, 39.37007874015748143 ) ;
#2161 = SURFACE_STYLE_USAGE ( .BOTH. , #989 ) ;
#2162 = ORIENTED_EDGE ( 'NONE', *, *, #543, .T. ) ;
#2163 = DIRECTION ( 'NONE',  ( 1.000000000000000000, 0.000000000000000000, 0.000000000000000000 ) ) ;
#2164 = EDGE_CURVE ( 'NONE', #159, #115, #1982, .T. ) ;
#2165 = LINE ( 'NONE', #3639, #3008 ) ;
#2166 = ADVANCED_FACE ( 'NONE', ( #3691 ), #1401, .F. ) ;
#2167 = DIRECTION ( 'NONE',  ( 1.000000000000000000, 0.000000000000000000, 0.000000000000000000 ) ) ;
#2168 = ORIENTED_EDGE ( 'NONE', *, *, #3403, .T. ) ;
#2169 = VERTEX_POINT ( 'NONE', #1383 ) ;
#2170 = LINE ( 'NONE', #2742, #2450 ) ;
#2171 = CARTESIAN_POINT ( 'NONE',  ( -0.02559055118110236879, -0.01417322834645669272, -0.06496062992125983815 ) ) ;
#2172 = DIRECTION ( 'NONE',  ( 0.000000000000000000, -1.000000000000000000, 0.000000000000000000 ) ) ;
#2173 = DIRECTION ( 'NONE',  ( 0.7071067811865474617, 0.000000000000000000, -0.7071067811865474617 ) ) ;
#2174 = VERTEX_POINT ( 'NONE', #3669 ) ;
#2175 = CARTESIAN_POINT ( 'NONE',  ( 0.000000000000000000, 0.02480314960629921572, -0.03070866141732284463 ) ) ;
#2176 = ORIENTED_EDGE ( 'NONE', *, *, #890, .T. ) ;
#2177 = DIRECTION ( 'NONE',  ( 0.000000000000000000, -1.000000000000000000, 0.000000000000000000 ) ) ;
#2178 = EDGE_CURVE ( 'NONE', #2231, #2789, #2548, .T. ) ;
#2179 = CARTESIAN_POINT ( 'NONE',  ( -0.05511811023622047168, -0.01417322834645669272, -0.04527559055118110520 ) ) ;
#2180 = CARTESIAN_POINT ( 'NONE',  ( -0.05019685039370078150, -0.01437007874015748012, -0.04527559055118110520 ) ) ;
#2181 = LINE ( 'NONE', #3415, #979 ) ;
#2182 = EDGE_CURVE ( 'NONE', #392, #2287, #3113, .T. ) ;
#2183 = STYLED_ITEM ( 'NONE', ( #1125 ), #3424 ) ;
#2184 = ORIENTED_EDGE ( 'NONE', *, *, #3054, .T. ) ;
#2185 = CARTESIAN_POINT ( 'NONE',  ( 0.02165354330708661734, -0.01437007874015748012, 0.04527559055118110520 ) ) ;
#2186 = ADVANCED_FACE ( 'NONE', ( #472 ), #1040, .T. ) ;
#2187 = CARTESIAN_POINT ( 'NONE',  ( 0.02165354330708661734, -0.01437007874015748012, 0.04527559055118110520 ) ) ;
#2188 = CARTESIAN_POINT ( 'NONE',  ( 0.000000000000000000, -0.01456692913385826751, 0.04527559055118110520 ) ) ;
#2189 = VECTOR ( 'NONE', #3776, 39.37007874015748143 ) ;
#2190 = CARTESIAN_POINT ( 'NONE',  ( -0.02559055118110236879, -0.01437007874015748012, 0.02657480314960630058 ) ) ;
#2191 = ORIENTED_EDGE ( 'NONE', *, *, #3731, .T. ) ;
#2192 = DIRECTION ( 'NONE',  ( 0.000000000000000000, 0.000000000000000000, 1.000000000000000000 ) ) ;
#2193 = CARTESIAN_POINT ( 'NONE',  ( -0.05511811023622047168, -0.01437007874015748012, 0.000000000000000000 ) ) ;
#2194 = LINE ( 'NONE', #657, #3478 ) ;
#2195 = ORIENTED_EDGE ( 'NONE', *, *, #323, .T. ) ;
#2196 = PLANE ( 'NONE',  #2685 ) ;
#2197 = DIRECTION ( 'NONE',  ( -1.000000000000000000, 0.000000000000000000, 0.000000000000000000 ) ) ;
#2198 = AXIS2_PLACEMENT_3D ( 'NONE', #2596, #2920, #1293 ) ;
#2199 = DIRECTION ( 'NONE',  ( 0.000000000000000000, 0.000000000000000000, 1.000000000000000000 ) ) ;
#2200 = AXIS2_PLACEMENT_3D ( 'NONE', #1691, #2800, #3755 ) ;
#2201 = VECTOR ( 'NONE', #3556, 39.37007874015748143 ) ;
#2202 = ORIENTED_EDGE ( 'NONE', *, *, #2481, .T. ) ;
#2203 = DIRECTION ( 'NONE',  ( 0.000000000000000000, 0.000000000000000000, 1.000000000000000000 ) ) ;
#2204 = ADVANCED_FACE ( 'NONE', ( #2568 ), #726, .T. ) ;
#2205 = CARTESIAN_POINT ( 'NONE',  ( 0.02362204724409448786, -0.01437007874015748012, 0.06299212598425196763 ) ) ;
#2206 = FACE_OUTER_BOUND ( 'NONE', #2956, .T. ) ;
#2207 = CIRCLE ( 'NONE', #2881, 0.01377952755905511965 ) ;
#2208 = UNCERTAINTY_MEASURE_WITH_UNIT (LENGTH_MEASURE( 1.000000000000000082E-05 ), #2851, 'distance_accuracy_value', 'NONE');
#2209 = VECTOR ( 'NONE', #839, 39.37007874015748143 ) ;
#2210 = VERTEX_POINT ( 'NONE', #3725 ) ;
#2211 = VECTOR ( 'NONE', #2408, 39.37007874015748143 ) ;
#2212 = PLANE ( 'NONE',  #4 ) ;
#2213 = DIRECTION ( 'NONE',  ( 0.000000000000000000, 0.000000000000000000, -1.000000000000000000 ) ) ;
#2214 = PLANE ( 'NONE',  #2258 ) ;
#2215 = ADVANCED_FACE ( 'NONE', ( #2244 ), #3708, .F. ) ;
#2216 = DIRECTION ( 'NONE',  ( -0.7071067811861948549, 0.000000000000000000, -0.7071067811869001796 ) ) ;
#2217 =( NAMED_UNIT ( * ) SI_UNIT ( $, .STERADIAN. ) SOLID_ANGLE_UNIT ( ) );
#2218 = DIRECTION ( 'NONE',  ( 0.000000000000000000, 1.000000000000000000, 0.000000000000000000 ) ) ;
#2219 = VERTEX_POINT ( 'NONE', #2269 ) ;
#2220 = CARTESIAN_POINT ( 'NONE',  ( -0.01673228346456692717, -0.01437007874015748012, -0.007874015748031495954 ) ) ;
#2221 = FACE_OUTER_BOUND ( 'NONE', #260, .T. ) ;
#2222 = ORIENTED_EDGE ( 'NONE', *, *, #493, .F. ) ;
#2223 = CARTESIAN_POINT ( 'NONE',  ( 0.05905511811023622659, 0.005118110236220473237, -0.07874015748031495954 ) ) ;
#2224 = VERTEX_POINT ( 'NONE', #806 ) ;
#2225 = CARTESIAN_POINT ( 'NONE',  ( 0.04133858267716536417, -0.01456692913385826751, -0.04133858267716536417 ) ) ;
#2226 = DIRECTION ( 'NONE',  ( 0.000000000000000000, 1.000000000000000000, 0.000000000000000000 ) ) ;
#2227 = CARTESIAN_POINT ( 'NONE',  ( 0.05511811023622047168, -0.01437007874015748012, -0.04527559055118110520 ) ) ;
#2228 = EDGE_CURVE ( 'NONE', #1207, #1130, #3154, .T. ) ;
#2229 = CARTESIAN_POINT ( 'NONE',  ( 0.000000000000000000, -0.01456692913385826751, -0.06791338582677165780 ) ) ;
#2230 = CARTESIAN_POINT ( 'NONE',  ( -0.02559055118110236879, -0.01417322834645669272, -0.04527559055118110520 ) ) ;
#2231 = VERTEX_POINT ( 'NONE', #827 ) ;
#2232 = PLANE ( 'NONE',  #2271 ) ;
#2233 = DIRECTION ( 'NONE',  ( 0.000000000000000000, -1.000000000000000000, 0.000000000000000000 ) ) ;
#2234 = ORIENTED_EDGE ( 'NONE', *, *, #131, .T. ) ;
#2235 = CARTESIAN_POINT ( 'NONE',  ( -0.04330708661417323468, -0.01417322834645669272, 0.04330708661417323468 ) ) ;
#2236 = DIRECTION ( 'NONE',  ( 0.7071067811858974261, 0.000000000000000000, 0.7071067811871974973 ) ) ;
#2237 = EDGE_LOOP ( 'NONE', ( #2477, #3580, #3605, #3508 ) ) ;
#2238 = PLANE ( 'NONE',  #3009 ) ;
#2239 = DIRECTION ( 'NONE',  ( 0.000000000000000000, 0.000000000000000000, 1.000000000000000000 ) ) ;
#2240 = LINE ( 'NONE', #1703, #1652 ) ;
#2241 = FACE_OUTER_BOUND ( 'NONE', #1299, .T. ) ;
#2242 = EDGE_LOOP ( 'NONE', ( #1155, #3300, #2113, #1236 ) ) ;
#2243 =( GEOMETRIC_REPRESENTATION_CONTEXT ( 3 ) GLOBAL_UNCERTAINTY_ASSIGNED_CONTEXT ( ( #869 ) ) GLOBAL_UNIT_ASSIGNED_CONTEXT ( ( #1045, #3427, #2217 ) ) REPRESENTATION_CONTEXT ( 'NONE', 'WORKASPACE' ) );
#2244 = FACE_OUTER_BOUND ( 'NONE', #1397, .T. ) ;
#2245 = ORIENTED_EDGE ( 'NONE', *, *, #704, .F. ) ;
#2246 = DIRECTION ( 'NONE',  ( -0.7071067811865474617, 0.000000000000000000, -0.7071067811865474617 ) ) ;
#2247 = DIRECTION ( 'NONE',  ( 0.000000000000000000, -1.000000000000000000, 0.000000000000000000 ) ) ;
#2248 = ADVANCED_FACE ( 'NONE', ( #3466 ), #1996, .F. ) ;
#2249 = ADVANCED_FACE ( 'NONE', ( #3737 ), #791, .T. ) ;
#2250 = VERTEX_POINT ( 'NONE', #1621 ) ;
#2251 = DIRECTION ( 'NONE',  ( 1.000000000000000000, 0.000000000000000000, 0.000000000000000000 ) ) ;
#2252 = CLOSED_SHELL ( 'NONE', ( #2027, #418, #2853, #2282, #567, #1694, #1233, #442, #1135, #3270, #2253, #1132, #3148, #3742, #1087, #2346, #2186, #2372, #2573, #2464, #3058, #2885, #43, #3240, #2961, #579, #2906, #2892, #2648, #601, #262, #2841, #396, #19, #1152, #722, #842, #2397, #1385, #1564, #398, #891, #211, #1104, #1805, #2438, #1758, #1433, #682, #2215, #2704, #489, #1545, #1760, #119, #2166, #1082, #1496, #202, #1067, #3507, #2248, #2135, #324 ) ) ;
#2253 = ADVANCED_FACE ( 'NONE', ( #1051 ), #3161, .F. ) ;
#2254 = CARTESIAN_POINT ( 'NONE',  ( -0.01673228346456692717, -0.01456692913385826751, -0.02657480314960630058 ) ) ;
#2255 = EDGE_LOOP ( 'NONE', ( #958, #3697, #1435, #1726, #1505, #1150 ) ) ;
#2256 = DIRECTION ( 'NONE',  ( 0.000000000000000000, 0.000000000000000000, 1.000000000000000000 ) ) ;
#2257 = EDGE_CURVE ( 'NONE', #207, #2174, #505, .T. ) ;
#2258 = AXIS2_PLACEMENT_3D ( 'NONE', #1673, #3423, #782 ) ;
#2259 = ORIENTED_EDGE ( 'NONE', *, *, #719, .F. ) ;
#2260 = FACE_OUTER_BOUND ( 'NONE', #975, .T. ) ;
#2261 = ORIENTED_EDGE ( 'NONE', *, *, #3179, .F. ) ;
#2262 = DIRECTION ( 'NONE',  ( 1.000000000000000000, 0.000000000000000000, 0.000000000000000000 ) ) ;
#2263 = VECTOR ( 'NONE', #289, 39.37007874015748143 ) ;
#2264 = AXIS2_PLACEMENT_3D ( 'NONE', #1306, #2834, #1878 ) ;
#2265 = ORIENTED_EDGE ( 'NONE', *, *, #131, .F. ) ;
#2266 = DIRECTION ( 'NONE',  ( 1.000000000000000000, 0.000000000000000000, 0.000000000000000000 ) ) ;
#2267 = VECTOR ( 'NONE', #1143, 39.37007874015748854 ) ;
#2268 = ORIENTED_EDGE ( 'NONE', *, *, #3706, .F. ) ;
#2269 = CARTESIAN_POINT ( 'NONE',  ( 0.02559055118110236879, -0.01456692913385826751, -0.04527559055118110520 ) ) ;
#2270 = LINE ( 'NONE', #1270, #476 ) ;
#2271 = AXIS2_PLACEMENT_3D ( 'NONE', #2193, #1762, #1195 ) ;
#2272 = VECTOR ( 'NONE', #1799, 39.37007874015748854 ) ;
#2273 = CARTESIAN_POINT ( 'NONE',  ( 0.02559055118110236879, -0.01437007874015748012, 0.07480314960629921850 ) ) ;
#2274 = SURFACE_SIDE_STYLE ('',( #1105 ) ) ;
#2275 = LINE ( 'NONE', #2862, #548 ) ;
#2276 = VECTOR ( 'NONE', #3456, 39.37007874015748143 ) ;
#2277 = EDGE_LOOP ( 'NONE', ( #1127, #1980, #71, #2856 ) ) ;
#2278 = CARTESIAN_POINT ( 'NONE',  ( 0.04133858267716536417, -0.01417322834645669272, 0.04133858267716536417 ) ) ;
#2279 = FACE_BOUND ( 'NONE', #733, .T. ) ;
#2280 = EDGE_LOOP ( 'NONE', ( #2616, #1455 ) ) ;
#2281 = DIRECTION ( 'NONE',  ( 0.000000000000000000, 0.000000000000000000, -1.000000000000000000 ) ) ;
#2282 = ADVANCED_FACE ( 'NONE', ( #3582 ), #655, .F. ) ;
#2283 = CARTESIAN_POINT ( 'NONE',  ( 0.007874015748031495954, -0.01417322834645669272, -0.02657480314960630058 ) ) ;
#2284 =( LENGTH_UNIT ( ) NAMED_UNIT ( * ) SI_UNIT ( $, .METRE. ) );
#2285 = ORIENTED_EDGE ( 'NONE', *, *, #654, .T. ) ;
#2286 = ORIENTED_EDGE ( 'NONE', *, *, #606, .F. ) ;
#2287 = VERTEX_POINT ( 'NONE', #2749 ) ;
#2288 = DIRECTION ( 'NONE',  ( 0.000000000000000000, 1.000000000000000000, 0.000000000000000000 ) ) ;
#2289 = CARTESIAN_POINT ( 'NONE',  ( -0.05019685039370078150, -0.01417322834645669272, 0.04527559055118110520 ) ) ;
#2290 = DIRECTION ( 'NONE',  ( 0.000000000000000000, 0.000000000000000000, 1.000000000000000000 ) ) ;
#2291 =( NAMED_UNIT ( * ) SI_UNIT ( $, .STERADIAN. ) SOLID_ANGLE_UNIT ( ) );
#2292 = DIRECTION ( 'NONE',  ( 0.000000000000000000, 0.000000000000000000, -1.000000000000000000 ) ) ;
#2293 = VERTEX_POINT ( 'NONE', #117 ) ;
#2294 = PLANE ( 'NONE',  #542 ) ;
#2295 = DIRECTION ( 'NONE',  ( 0.000000000000000000, 1.000000000000000000, 0.000000000000000000 ) ) ;
#2296 = VERTEX_POINT ( 'NONE', #3107 ) ;
#2297 = DIRECTION ( 'NONE',  ( 0.000000000000000000, 0.000000000000000000, 1.000000000000000000 ) ) ;
#2298 = EDGE_CURVE ( 'NONE', #153, #1551, #2181, .T. ) ;
#2299 = LINE ( 'NONE', #2009, #1590 ) ;
#2300 = EDGE_CURVE ( 'NONE', #843, #1852, #1681, .T. ) ;
#2301 = EDGE_CURVE ( 'NONE', #2, #1895, #3301, .T. ) ;
#2302 = ORIENTED_EDGE ( 'NONE', *, *, #1250, .F. ) ;
#2303 = ADVANCED_FACE ( 'NONE', ( #2001 ), #2004, .T. ) ;
#2304 = ORIENTED_EDGE ( 'NONE', *, *, #2060, .F. ) ;
#2305 = ORIENTED_EDGE ( 'NONE', *, *, #2750, .F. ) ;
#2306 = CARTESIAN_POINT ( 'NONE',  ( 6.026805113914139405E-19, 0.02440944881889763746, -0.03562992125984253133 ) ) ;
#2307 = EDGE_CURVE ( 'NONE', #2974, #3457, #1658, .T. ) ;
#2308 = VECTOR ( 'NONE', #3539, 39.37007874015748143 ) ;
#2309 = CARTESIAN_POINT ( 'NONE',  ( 0.000000000000000000, -0.01456692913385826751, 0.007874015748031495954 ) ) ;
#2310 = FACE_OUTER_BOUND ( 'NONE', #1605, .T. ) ;
#2311 = ORIENTED_EDGE ( 'NONE', *, *, #3615, .F. ) ;
#2312 = DIRECTION ( 'NONE',  ( 0.000000000000000000, -1.000000000000000000, 0.000000000000000000 ) ) ;
#2313 = LINE ( 'NONE', #1164, #1755 ) ;
#2314 = VERTEX_POINT ( 'NONE', #1081 ) ;
#2315 = LINE ( 'NONE', #1436, #1844 ) ;
#2316 = CARTESIAN_POINT ( 'NONE',  ( 0.007874015748031495954, -0.01456692913385826751, -0.02657480314960630058 ) ) ;
#2317 = VERTEX_POINT ( 'NONE', #750 ) ;
#2318 = EDGE_CURVE ( 'NONE', #2606, #2732, #443, .T. ) ;
#2319 = ORIENTED_EDGE ( 'NONE', *, *, #1855, .T. ) ;
#2320 = ORIENTED_EDGE ( 'NONE', *, *, #41, .F. ) ;
#2321 = DIRECTION ( 'NONE',  ( -1.000000000000000000, 0.000000000000000000, 0.000000000000000000 ) ) ;
#2322 = VECTOR ( 'NONE', #193, 39.37007874015748854 ) ;
#2323 = AXIS2_PLACEMENT_3D ( 'NONE', #3033, #340, #1287 ) ;
#2324 = EDGE_CURVE ( 'NONE', #2314, #2559, #1386, .T. ) ;
#2325 = AXIS2_PLACEMENT_3D ( 'NONE', #1931, #1355, #194 ) ;
#2326 = COLOUR_RGB ( '',0.7921568627450980005, 0.8196078431372548767, 0.9333333333333333481 ) ;
#2327 = EDGE_CURVE ( 'NONE', #3491, #2314, #501, .T. ) ;
#2328 = CARTESIAN_POINT ( 'NONE',  ( 0.02559055118110236879, -0.01417322834645669272, 0.02657480314960630058 ) ) ;
#2329 = DIRECTION ( 'NONE',  ( 0.000000000000000000, 0.000000000000000000, -1.000000000000000000 ) ) ;
#2330 = DIRECTION ( 'NONE',  ( -1.000000000000000000, 0.000000000000000000, 0.000000000000000000 ) ) ;
#2331 = VERTEX_POINT ( 'NONE', #731 ) ;
#2332 = CARTESIAN_POINT ( 'NONE',  ( -0.02362204724409448786, -0.01437007874015748012, -0.06299212598425196763 ) ) ;
#2333 = VECTOR ( 'NONE', #764, 39.37007874015748143 ) ;
#2334 = VECTOR ( 'NONE', #1225, 39.37007874015748143 ) ;
#2335 = VECTOR ( 'NONE', #2236, 39.37007874015748854 ) ;
#2336 = DIRECTION ( 'NONE',  ( -0.7071067811858974261, 0.000000000000000000, 0.7071067811871974973 ) ) ;
#2337 = AXIS2_PLACEMENT_3D ( 'NONE', #3795, #2032, #292 ) ;
#2338 = ORIENTED_EDGE ( 'NONE', *, *, #1336, .T. ) ;
#2339 = CARTESIAN_POINT ( 'NONE',  ( 0.02559055118110236879, -0.01456692913385826751, 0.06496062992125983815 ) ) ;
#2340 = CARTESIAN_POINT ( 'NONE',  ( -0.007874015748031495954, -0.01437007874015748012, 0.04527559055118110520 ) ) ;
#2341 =( LENGTH_UNIT ( ) NAMED_UNIT ( * ) SI_UNIT ( $, .METRE. ) );
#2342 = ORIENTED_EDGE ( 'NONE', *, *, #654, .F. ) ;
#2343 = ORIENTED_EDGE ( 'NONE', *, *, #403, .F. ) ;
#2344 = EDGE_LOOP ( 'NONE', ( #2311, #2804, #695, #689 ) ) ;
#2345 = DIRECTION ( 'NONE',  ( -0.7071067811865474617, 0.000000000000000000, 0.7071067811865474617 ) ) ;
#2346 = ADVANCED_FACE ( 'NONE', ( #2825 ), #1693, .T. ) ;
#2347 = FACE_OUTER_BOUND ( 'NONE', #2675, .T. ) ;
#2348 = CARTESIAN_POINT ( 'NONE',  ( 0.000000000000000000, -0.01437007874015748012, -0.06102362204724411099 ) ) ;
#2349 = FACE_OUTER_BOUND ( 'NONE', #1860, .T. ) ;
#2350 = EDGE_LOOP ( 'NONE', ( #3812, #2717, #1096, #2781 ) ) ;
#2351 = CARTESIAN_POINT ( 'NONE',  ( 0.007874015748031495954, -0.01437007874015748012, -0.007874015748031495954 ) ) ;
#2352 = DIRECTION ( 'NONE',  ( -1.000000000000000000, 0.000000000000000000, 0.000000000000000000 ) ) ;
#2353 = ORIENTED_EDGE ( 'NONE', *, *, #3345, .F. ) ;
#2354 = PLANE ( 'NONE',  #1403 ) ;
#2355 = CARTESIAN_POINT ( 'NONE',  ( 0.007874015748031495954, -0.01437007874015748012, 0.02657480314960630058 ) ) ;
#2356 = CARTESIAN_POINT ( 'NONE',  ( -0.04527559055118110520, -0.01456692913385826751, 0.04527559055118110520 ) ) ;
#2357 = EDGE_LOOP ( 'NONE', ( #2958, #1870, #1200, #1494 ) ) ;
#2358 = ORIENTED_EDGE ( 'NONE', *, *, #1059, .T. ) ;
#2359 = DIRECTION ( 'NONE',  ( 0.000000000000000000, 1.000000000000000000, 0.000000000000000000 ) ) ;
#2360 = ORIENTED_EDGE ( 'NONE', *, *, #259, .F. ) ;
#2361 = CARTESIAN_POINT ( 'NONE',  ( 0.02559055118110236879, -0.01417322834645669272, -0.07480314960629921850 ) ) ;
#2362 = DIRECTION ( 'NONE',  ( 0.000000000000000000, 0.000000000000000000, -1.000000000000000000 ) ) ;
#2363 = LINE ( 'NONE', #3789, #980 ) ;
#2364 = ORIENTED_EDGE ( 'NONE', *, *, #2136, .F. ) ;
#2365 = DIRECTION ( 'NONE',  ( -1.000000000000000000, 0.000000000000000000, 0.000000000000000000 ) ) ;
#2366 = EDGE_CURVE ( 'NONE', #1665, #2795, #210, .T. ) ;
#2367 = EDGE_CURVE ( 'NONE', #2835, #153, #3115, .T. ) ;
#2368 = CARTESIAN_POINT ( 'NONE',  ( -0.02165354330708851166, -0.01456692913385826751, 0.06102362204724319505 ) ) ;
#2369 = ORIENTED_EDGE ( 'NONE', *, *, #2677, .T. ) ;
#2370 = DIRECTION ( 'NONE',  ( 0.000000000000000000, 0.000000000000000000, -1.000000000000000000 ) ) ;
#2371 = PRESENTATION_LAYER_ASSIGNMENT (  '', '', ( #898 ) ) ;
#2372 = ADVANCED_FACE ( 'NONE', ( #1024 ), #1044, .F. ) ;
#2373 = CARTESIAN_POINT ( 'NONE',  ( 0.02559055118110236879, -0.01417322834645669272, 0.02657480314960630058 ) ) ;
#2374 = EDGE_CURVE ( 'NONE', #2707, #2127, #1103, .T. ) ;
#2375 = DIRECTION ( 'NONE',  ( -1.000000000000000000, 0.000000000000000000, 0.000000000000000000 ) ) ;
#2376 = ORIENTED_EDGE ( 'NONE', *, *, #1786, .F. ) ;
#2377 = EDGE_LOOP ( 'NONE', ( #3032, #897, #90, #2036, #3488 ) ) ;
#2378 = PLANE ( 'NONE',  #3375 ) ;
#2379 = ORIENTED_EDGE ( 'NONE', *, *, #1010, .F. ) ;
#2380 = DIRECTION ( 'NONE',  ( -1.000000000000000000, 0.000000000000000000, 0.000000000000000000 ) ) ;
#2381 = LINE ( 'NONE', #1497, #3783 ) ;
#2382 = CARTESIAN_POINT ( 'NONE',  ( -0.02559055118110236879, -0.01456692913385826751, 0.07480314960629921850 ) ) ;
#2383 = CARTESIAN_POINT ( 'NONE',  ( 0.02559055118110236879, -0.01437007874015748012, 0.04133858267716536417 ) ) ;
#2384 = VERTEX_POINT ( 'NONE', #3388 ) ;
#2385 = FACE_OUTER_BOUND ( 'NONE', #2071, .T. ) ;
#2386 = VECTOR ( 'NONE', #3278, 39.37007874015748143 ) ;
#2387 = AXIS2_PLACEMENT_3D ( 'NONE', #1586, #1944, #474 ) ;
#2388 = CARTESIAN_POINT ( 'NONE',  ( 0.000000000000000000, -0.01437007874015748012, -0.07480314960629921850 ) ) ;
#2389 = VECTOR ( 'NONE', #2594, 39.37007874015748143 ) ;
#2390 = ORIENTED_EDGE ( 'NONE', *, *, #1998, .T. ) ;
#2391 = LINE ( 'NONE', #3547, #2334 ) ;
#2392 = VECTOR ( 'NONE', #1498, 39.37007874015748143 ) ;
#2393 = VECTOR ( 'NONE', #2543, 39.37007874015748143 ) ;
#2394 = AXIS2_PLACEMENT_3D ( 'NONE', #1580, #1858, #3064 ) ;
#2395 = CARTESIAN_POINT ( 'NONE',  ( 0.007874015748031495954, -0.01417322834645669272, 0.04527559055118110520 ) ) ;
#2396 = VERTEX_POINT ( 'NONE', #810 ) ;
#2397 = ADVANCED_FACE ( 'NONE', ( #168 ), #2785, .T. ) ;
#2398 = EDGE_LOOP ( 'NONE', ( #2305, #2125, #1265, #3675 ) ) ;
#2399 = CARTESIAN_POINT ( 'NONE',  ( 0.05511811023622047168, -0.01417322834645669272, 0.000000000000000000 ) ) ;
#2400 = VERTEX_POINT ( 'NONE', #3079 ) ;
#2401 = CARTESIAN_POINT ( 'NONE',  ( -0.04133858267716536417, -0.01437007874015748012, 0.000000000000000000 ) ) ;
#2402 = DIRECTION ( 'NONE',  ( 0.000000000000000000, 1.000000000000000000, 0.000000000000000000 ) ) ;
#2403 = VECTOR ( 'NONE', #1019, 39.37007874015748143 ) ;
#2404 = ORIENTED_EDGE ( 'NONE', *, *, #2164, .T. ) ;
#2405 = DIRECTION ( 'NONE',  ( 0.000000000000000000, 0.000000000000000000, -1.000000000000000000 ) ) ;
#2406 = DIRECTION ( 'NONE',  ( -0.000000000000000000, -1.000000000000000000, -0.000000000000000000 ) ) ;
#2407 = ORIENTED_EDGE ( 'NONE', *, *, #3573, .T. ) ;
#2408 = DIRECTION ( 'NONE',  ( 0.000000000000000000, 1.000000000000000000, 0.000000000000000000 ) ) ;
#2409 = DIRECTION ( 'NONE',  ( 0.000000000000000000, 0.000000000000000000, -1.000000000000000000 ) ) ;
#2410 = ORIENTED_EDGE ( 'NONE', *, *, #531, .F. ) ;
#2411 = ORIENTED_EDGE ( 'NONE', *, *, #1179, .T. ) ;
#2412 = CARTESIAN_POINT ( 'NONE',  ( -0.02559055118110236879, -0.01417322834645669272, -0.007874015748031495954 ) ) ;
#2413 = ADVANCED_FACE ( 'NONE', ( #459 ), #3425, .F. ) ;
#2414 = EDGE_CURVE ( 'NONE', #2559, #2663, #1325, .T. ) ;
#2415 = ORIENTED_EDGE ( 'NONE', *, *, #1316, .T. ) ;
#2416 = LINE ( 'NONE', #2072, #2019 ) ;
#2417 = ADVANCED_FACE ( 'NONE', ( #2494 ), #2842, .T. ) ;
#2418 = FACE_OUTER_BOUND ( 'NONE', #2069, .T. ) ;
#2419 = EDGE_LOOP ( 'NONE', ( #805, #3667, #231, #1911, #1357, #23 ) ) ;
#2420 = CARTESIAN_POINT ( 'NONE',  ( 0.05905511811023622659, 0.02480314960629921572, 0.000000000000000000 ) ) ;
#2421 = EDGE_CURVE ( 'NONE', #441, #3598, #1066, .T. ) ;
#2422 =( LENGTH_UNIT ( ) NAMED_UNIT ( * ) SI_UNIT ( $, .METRE. ) );
#2423 = ORIENTED_EDGE ( 'NONE', *, *, #1618, .T. ) ;
#2424 = PLANE ( 'NONE',  #1833 ) ;
#2425 = DIRECTION ( 'NONE',  ( 0.7071067811865474617, 0.000000000000000000, 0.7071067811865474617 ) ) ;
#2426 = CARTESIAN_POINT ( 'NONE',  ( 0.04133858267716536417, -0.01456692913385826751, 0.000000000000000000 ) ) ;
#2427 = ORIENTED_EDGE ( 'NONE', *, *, #3382, .F. ) ;
#2428 = ORIENTED_EDGE ( 'NONE', *, *, #1789, .T. ) ;
#2429 = LINE ( 'NONE', #3325, #3444 ) ;
#2430 = ORIENTED_EDGE ( 'NONE', *, *, #2724, .F. ) ;
#2431 = PLANE ( 'NONE',  #3436 ) ;
#2432 = CARTESIAN_POINT ( 'NONE',  ( -0.05511811023622047168, -0.01437007874015748012, -0.04527559055118110520 ) ) ;
#2433 =( NAMED_UNIT ( * ) SI_UNIT ( $, .STERADIAN. ) SOLID_ANGLE_UNIT ( ) );
#2434 = EDGE_CURVE ( 'NONE', #159, #2654, #229, .T. ) ;
#2435 = ORIENTED_EDGE ( 'NONE', *, *, #2729, .T. ) ;
#2436 = LINE ( 'NONE', #2768, #1226 ) ;
#2437 = DIRECTION ( 'NONE',  ( 0.000000000000000000, 0.000000000000000000, -1.000000000000000000 ) ) ;
#2438 = ADVANCED_FACE ( 'NONE', ( #3652 ), #2232, .T. ) ;
#2439 = AXIS2_PLACEMENT_3D ( 'NONE', #3211, #1427, #2915 ) ;
#2440 = FILL_AREA_STYLE ('',( #1830 ) ) ;
#2441 = ORIENTED_EDGE ( 'NONE', *, *, #1625, .T. ) ;
#2442 = PLANE ( 'NONE',  #1708 ) ;
#2443 = AXIS2_PLACEMENT_3D ( 'NONE', #2332, #1484, #593 ) ;
#2444 = VECTOR ( 'NONE', #3500, 39.37007874015748143 ) ;
#2445 = VECTOR ( 'NONE', #3364, 39.37007874015748143 ) ;
#2446 = LINE ( 'NONE', #1601, #3447 ) ;
#2447 = VECTOR ( 'NONE', #269, 39.37007874015748143 ) ;
#2448 = CARTESIAN_POINT ( 'NONE',  ( -0.04330708661417323468, -0.01437007874015748012, -0.04330708661417323468 ) ) ;
#2449 = ORIENTED_EDGE ( 'NONE', *, *, #137, .F. ) ;
#2450 = VECTOR ( 'NONE', #1268, 39.37007874015748143 ) ;
#2451 = VECTOR ( 'NONE', #1935, 39.37007874015748143 ) ;
#2452 = ORIENTED_EDGE ( 'NONE', *, *, #2653, .F. ) ;
#2453 = DIRECTION ( 'NONE',  ( 0.000000000000000000, 1.000000000000000000, 0.000000000000000000 ) ) ;
#2454 = VECTOR ( 'NONE', #1521, 39.37007874015748143 ) ;
#2455 = FILL_AREA_STYLE ('',( #343 ) ) ;
#2456 = FACE_OUTER_BOUND ( 'NONE', #1121, .T. ) ;
#2457 = DIRECTION ( 'NONE',  ( 0.000000000000000000, 0.000000000000000000, 1.000000000000000000 ) ) ;
#2458 = ADVANCED_FACE ( 'NONE', ( #2126 ), #3591, .F. ) ;
#2459 = LINE ( 'NONE', #3310, #3438 ) ;
#2460 = ORIENTED_EDGE ( 'NONE', *, *, #620, .T. ) ;
#2461 = LINE ( 'NONE', #3053, #724 ) ;
#2462 = VECTOR ( 'NONE', #2766, 39.37007874015748143 ) ;
#2463 = LINE ( 'NONE', #3055, #1211 ) ;
#2464 = ADVANCED_FACE ( 'NONE', ( #3303 ), #2378, .F. ) ;
#2465 = ORIENTED_EDGE ( 'NONE', *, *, #296, .T. ) ;
#2466 = CARTESIAN_POINT ( 'NONE',  ( -0.007874015748031495954, -0.01437007874015748012, -0.007874015748031495954 ) ) ;
#2467 = EDGE_CURVE ( 'NONE', #1269, #3296, #1512, .T. ) ;
#2468 = PLANE ( 'NONE',  #1783 ) ;
#2469 = CARTESIAN_POINT ( 'NONE',  ( -0.02559055118110236879, -0.01437007874015748012, -0.07480314960629921850 ) ) ;
#2470 = ORIENTED_EDGE ( 'NONE', *, *, #1924, .T. ) ;
#2471 = DIRECTION ( 'NONE',  ( 0.7071067811865474617, 0.000000000000000000, -0.7071067811865474617 ) ) ;
#2472 = SURFACE_SIDE_STYLE ('',( #3561 ) ) ;
#2473 = DIRECTION ( 'NONE',  ( 0.000000000000000000, 0.000000000000000000, -1.000000000000000000 ) ) ;
#2474 = ORIENTED_EDGE ( 'NONE', *, *, #2324, .T. ) ;
#2475 = DIRECTION ( 'NONE',  ( 0.000000000000000000, 0.000000000000000000, -1.000000000000000000 ) ) ;
#2476 = LINE ( 'NONE', #3276, #670 ) ;
#2477 = ORIENTED_EDGE ( 'NONE', *, *, #3482, .T. ) ;
#2478 = LINE ( 'NONE', #2420, #3306 ) ;
#2479 = ORIENTED_EDGE ( 'NONE', *, *, #3222, .F. ) ;
#2480 = CARTESIAN_POINT ( 'NONE',  ( -0.007874015748031495954, -0.01437007874015748012, -0.02657480314960630058 ) ) ;
#2481 = EDGE_CURVE ( 'NONE', #163, #2493, #3286, .T. ) ;
#2482 = EDGE_CURVE ( 'NONE', #107, #1474, #2207, .T. ) ;
#2483 = CARTESIAN_POINT ( 'NONE',  ( -0.007874015748031495954, -0.01437007874015748012, 0.02657480314960630058 ) ) ;
#2484 = PLANE ( 'NONE',  #304 ) ;
#2485 = EDGE_CURVE ( 'NONE', #2293, #883, #1842, .T. ) ;
#2486 = VERTEX_POINT ( 'NONE', #2664 ) ;
#2487 = LINE ( 'NONE', #3355, #2509 ) ;
#2488 = LINE ( 'NONE', #2507, #3253 ) ;
#2489 = DIRECTION ( 'NONE',  ( 0.000000000000000000, -1.000000000000000000, 0.000000000000000000 ) ) ;
#2490 = ORIENTED_EDGE ( 'NONE', *, *, #1998, .F. ) ;
#2491 =( NAMED_UNIT ( * ) PLANE_ANGLE_UNIT ( ) SI_UNIT ( $, .RADIAN. ) );
#2492 = LINE ( 'NONE', #2857, #2691 ) ;
#2493 = VERTEX_POINT ( 'NONE', #2096 ) ;
#2494 = FACE_OUTER_BOUND ( 'NONE', #2689, .T. ) ;
#2495 = DIRECTION ( 'NONE',  ( -0.000000000000000000, -1.000000000000000000, -0.000000000000000000 ) ) ;
#2496 = ORIENTED_EDGE ( 'NONE', *, *, #3003, .T. ) ;
#2497 = DIRECTION ( 'NONE',  ( 0.000000000000000000, 0.000000000000000000, 1.000000000000000000 ) ) ;
#2498 = CARTESIAN_POINT ( 'NONE',  ( -0.01673228346456692717, -0.01417322834645669272, -0.02657480314960630058 ) ) ;
#2499 = ORIENTED_EDGE ( 'NONE', *, *, #2976, .F. ) ;
#2500 = DIRECTION ( 'NONE',  ( 0.000000000000000000, 1.000000000000000000, 0.000000000000000000 ) ) ;
#2501 = ADVANCED_FACE ( 'NONE', ( #2957 ), #384, .T. ) ;
#2502 = EDGE_CURVE ( 'NONE', #401, #2169, #3015, .T. ) ;
#2503 = VECTOR ( 'NONE', #948, 39.37007874015748143 ) ;
#2504 = AXIS2_PLACEMENT_3D ( 'NONE', #322, #1495, #2666 ) ;
#2505 = VERTEX_POINT ( 'NONE', #48 ) ;
#2506 = DIRECTION ( 'NONE',  ( 1.000000000000000000, 0.000000000000000000, 0.000000000000000000 ) ) ;
#2507 = CARTESIAN_POINT ( 'NONE',  ( 0.000000000000000000, -0.01417322834645669272, 0.07480314960629921850 ) ) ;
#2508 = CARTESIAN_POINT ( 'NONE',  ( 0.04133858267716536417, -0.01437007874015748012, -0.04133858267716536417 ) ) ;
#2509 = VECTOR ( 'NONE', #3031, 39.37007874015748143 ) ;
#2510 = AXIS2_PLACEMENT_3D ( 'NONE', #1713, #2884, #2329 ) ;
#2511 = AXIS2_PLACEMENT_3D ( 'NONE', #1279, #1890, #3623 ) ;
#2512 = VECTOR ( 'NONE', #1797, 39.37007874015748143 ) ;
#2513 = CARTESIAN_POINT ( 'NONE',  ( 0.02559055118110236879, -0.01456692913385826751, 0.07480314960629921850 ) ) ;
#2514 = ORIENTED_EDGE ( 'NONE', *, *, #1065, .F. ) ;
#2515 = CARTESIAN_POINT ( 'NONE',  ( -0.01673228346456692717, -0.01437007874015748012, 0.007874015748031495954 ) ) ;
#2516 = DIRECTION ( 'NONE',  ( 1.000000000000000000, 0.000000000000000000, 0.000000000000000000 ) ) ;
#2517 = LINE ( 'NONE', #3453, #3126 ) ;
#2518 = ORIENTED_EDGE ( 'NONE', *, *, #1065, .T. ) ;
#2519 = CARTESIAN_POINT ( 'NONE',  ( -0.05511811023622047168, -0.01437007874015748012, 0.04527559055118110520 ) ) ;
#2520 = CARTESIAN_POINT ( 'NONE',  ( -0.007874015748031495954, -0.01456692913385826751, 0.000000000000000000 ) ) ;
#2521 = ORIENTED_EDGE ( 'NONE', *, *, #2367, .T. ) ;
#2522 = CARTESIAN_POINT ( 'NONE',  ( -0.007874015748031495954, -0.01456692913385826751, 0.04527559055118110520 ) ) ;
#2523 = AXIS2_PLACEMENT_3D ( 'NONE', #2155, #57, #2977 ) ;
#2524 = ORIENTED_EDGE ( 'NONE', *, *, #3047, .F. ) ;
#2525 = CARTESIAN_POINT ( 'NONE',  ( -0.01673228346456692717, -0.01437007874015748012, 0.04527559055118110520 ) ) ;
#2526 = SURFACE_STYLE_FILL_AREA ( #2586 ) ;
#2527 = PLANE ( 'NONE',  #2387 ) ;
#2528 = ADVANCED_FACE ( 'NONE', ( #939 ), #629, .F. ) ;
#2529 = ADVANCED_FACE ( 'NONE', ( #921 ), #2973, .F. ) ;
#2530 =( CONVERSION_BASED_UNIT ( 'INCH', #2855 ) LENGTH_UNIT ( ) NAMED_UNIT ( #1018 ) );
#2531 = CARTESIAN_POINT ( 'NONE',  ( 0.01673228346456692717, -0.01437007874015748012, 0.04527559055118110520 ) ) ;
#2532 = ORIENTED_EDGE ( 'NONE', *, *, #3551, .T. ) ;
#2533 = ADVANCED_FACE ( 'NONE', ( #3228 ), #2993, .F. ) ;
#2534 = CARTESIAN_POINT ( 'NONE',  ( -0.007874015748031495954, -0.01437007874015748012, -0.007874015748031495954 ) ) ;
#2535 = EDGE_CURVE ( 'NONE', #1994, #1654, #1237, .T. ) ;
#2536 = DIRECTION ( 'NONE',  ( 0.000000000000000000, 0.000000000000000000, -1.000000000000000000 ) ) ;
#2537 = ORIENTED_EDGE ( 'NONE', *, *, #3405, .T. ) ;
#2538 = CARTESIAN_POINT ( 'NONE',  ( -0.01673228346456692717, -0.01437007874015748012, 0.007874015748031495954 ) ) ;
#2539 = FACE_OUTER_BOUND ( 'NONE', #218, .T. ) ;
#2540 = ORIENTED_EDGE ( 'NONE', *, *, #1926, .T. ) ;
#2541 = DIRECTION ( 'NONE',  ( 0.000000000000000000, -1.000000000000000000, 0.000000000000000000 ) ) ;
#2542 = EDGE_LOOP ( 'NONE', ( #1258, #2644, #2202, #2646 ) ) ;
#2543 = DIRECTION ( 'NONE',  ( 0.000000000000000000, 0.000000000000000000, 1.000000000000000000 ) ) ;
#2544 = ORIENTED_EDGE ( 'NONE', *, *, #3640, .T. ) ;
#2545 = ORIENTED_EDGE ( 'NONE', *, *, #3218, .F. ) ;
#2546 = DIRECTION ( 'NONE',  ( 0.000000000000000000, 1.000000000000000000, 0.000000000000000000 ) ) ;
#2547 = VERTEX_POINT ( 'NONE', #320 ) ;
#2548 = LINE ( 'NONE', #1942, #2755 ) ;
#2549 = ORIENTED_EDGE ( 'NONE', *, *, #344, .T. ) ;
#2550 = DIRECTION ( 'NONE',  ( 0.000000000000000000, 0.000000000000000000, 1.000000000000000000 ) ) ;
#2551 = EDGE_CURVE ( 'NONE', #883, #2224, #1253, .T. ) ;
#2552 = FILL_AREA_STYLE_COLOUR ( '', #3656 ) ;
#2553 = LINE ( 'NONE', #1616, #3251 ) ;
#2554 = VERTEX_POINT ( 'NONE', #2112 ) ;
#2555 = DIRECTION ( 'NONE',  ( -1.000000000000000000, 0.000000000000000000, 0.000000000000000000 ) ) ;
#2556 = CARTESIAN_POINT ( 'NONE',  ( 0.05511811023622047168, -0.01437007874015748012, 0.000000000000000000 ) ) ;
#2557 = EDGE_CURVE ( 'NONE', #3367, #100, #3748, .T. ) ;
#2558 = LINE ( 'NONE', #835, #491 ) ;
#2559 = VERTEX_POINT ( 'NONE', #2412 ) ;
#2560 = DIRECTION ( 'NONE',  ( 1.000000000000000000, 0.000000000000000000, 0.000000000000000000 ) ) ;
#2561 = LINE ( 'NONE', #3745, #2393 ) ;
#2562 = ORIENTED_EDGE ( 'NONE', *, *, #1617, .T. ) ;
#2563 = VECTOR ( 'NONE', #3101, 39.37007874015748143 ) ;
#2564 = VECTOR ( 'NONE', #1660, 39.37007874015748143 ) ;
#2565 = ORIENTED_EDGE ( 'NONE', *, *, #3146, .F. ) ;
#2566 = MECHANICAL_DESIGN_GEOMETRIC_PRESENTATION_REPRESENTATION (  '', ( #3498 ), #177 ) ;
#2567 = ORIENTED_EDGE ( 'NONE', *, *, #1924, .F. ) ;
#2568 = FACE_OUTER_BOUND ( 'NONE', #1745, .T. ) ;
#2569 = CARTESIAN_POINT ( 'NONE',  ( 0.02559055118110236879, -0.01417322834645669272, -0.06496062992125983815 ) ) ;
#2570 = AXIS2_PLACEMENT_3D ( 'NONE', #3694, #3710, #2246 ) ;
#2571 = AXIS2_PLACEMENT_3D ( 'NONE', #2448, #3337, #699 ) ;
#2572 = DIRECTION ( 'NONE',  ( 1.000000000000000000, 0.000000000000000000, 0.000000000000000000 ) ) ;
#2573 = ADVANCED_FACE ( 'NONE', ( #3468 ), #830, .T. ) ;
#2574 = FACE_OUTER_BOUND ( 'NONE', #888, .T. ) ;
#2575 = VECTOR ( 'NONE', #2637, 39.37007874015748143 ) ;
#2576 = EDGE_LOOP ( 'NONE', ( #2595, #3039, #2680, #2949 ) ) ;
#2577 = DIRECTION ( 'NONE',  ( -0.7071067811865483499, 0.000000000000000000, 0.7071067811865467956 ) ) ;
#2578 = ADVANCED_FACE ( 'NONE', ( #2151 ), #3069, .F. ) ;
#2579 = EDGE_CURVE ( 'NONE', #1055, #2053, #414, .T. ) ;
#2580 = CARTESIAN_POINT ( 'NONE',  ( 0.000000000000000000, -0.01456692913385826751, 0.000000000000000000 ) ) ;
#2581 = ORIENTED_EDGE ( 'NONE', *, *, #92, .F. ) ;
#2582 = CARTESIAN_POINT ( 'NONE',  ( 0.02559055118110236879, -0.01456692913385826751, -0.02657480314960630058 ) ) ;
#2583 = EDGE_CURVE ( 'NONE', #77, #401, #2487, .T. ) ;
#2584 = DIRECTION ( 'NONE',  ( 1.000000000000000000, 0.000000000000000000, 0.000000000000000000 ) ) ;
#2585 = VECTOR ( 'NONE', #3594, 39.37007874015748143 ) ;
#2586 = FILL_AREA_STYLE ('',( #2911 ) ) ;
#2587 = VERTEX_POINT ( 'NONE', #976 ) ;
#2588 = VERTEX_POINT ( 'NONE', #3686 ) ;
#2589 = ORIENTED_EDGE ( 'NONE', *, *, #2041, .F. ) ;
#2590 = PLANE ( 'NONE',  #113 ) ;
#2591 = DIRECTION ( 'NONE',  ( 0.000000000000000000, -1.000000000000000000, 0.000000000000000000 ) ) ;
#2592 = CARTESIAN_POINT ( 'NONE',  ( 0.000000000000000000, 0.02440944881889763746, -0.03070866141732284463 ) ) ;
#2593 = CARTESIAN_POINT ( 'NONE',  ( -0.04330708661417323468, -0.01417322834645669272, 0.04330708661417323468 ) ) ;
#2594 = DIRECTION ( 'NONE',  ( -1.000000000000000000, 0.000000000000000000, 0.000000000000000000 ) ) ;
#2595 = ORIENTED_EDGE ( 'NONE', *, *, #1010, .T. ) ;
#2596 = CARTESIAN_POINT ( 'NONE',  ( -0.05511811023622047168, -0.01437007874015748012, 0.000000000000000000 ) ) ;
#2597 = CARTESIAN_POINT ( 'NONE',  ( 0.04133858267716536417, -0.01417322834645669272, 0.04133858267716536417 ) ) ;
#2598 = ORIENTED_EDGE ( 'NONE', *, *, #3613, .F. ) ;
#2599 = CARTESIAN_POINT ( 'NONE',  ( -0.02559055118110236879, -0.01437007874015748012, -0.06988188976377952832 ) ) ;
#2600 = VERTEX_POINT ( 'NONE', #3089 ) ;
#2601 = LINE ( 'NONE', #1668, #1655 ) ;
#2602 = ADVANCED_FACE ( 'NONE', ( #3110 ), #688, .F. ) ;
#2603 = SURFACE_SIDE_STYLE ('',( #1075 ) ) ;
#2604 = VERTEX_POINT ( 'NONE', #1285 ) ;
#2605 = EDGE_CURVE ( 'NONE', #1380, #3647, #858, .T. ) ;
#2606 = VERTEX_POINT ( 'NONE', #144 ) ;
#2607 = ORIENTED_EDGE ( 'NONE', *, *, #1932, .T. ) ;
#2608 = LINE ( 'NONE', #3787, #167 ) ;
#2609 = EDGE_CURVE ( 'NONE', #1323, #2493, #1056, .T. ) ;
#2610 =( GEOMETRIC_REPRESENTATION_CONTEXT ( 3 ) GLOBAL_UNCERTAINTY_ASSIGNED_CONTEXT ( ( #53 ) ) GLOBAL_UNIT_ASSIGNED_CONTEXT ( ( #1635, #2787, #2291 ) ) REPRESENTATION_CONTEXT ( 'NONE', 'WORKASPACE' ) );
#2611 = CARTESIAN_POINT ( 'NONE',  ( 0.04822834645669291098, -0.01437007874015748012, 0.07283464566929133410 ) ) ;
#2612 = DIRECTION ( 'NONE',  ( 0.000000000000000000, 1.000000000000000000, 0.000000000000000000 ) ) ;
#2613 = ORIENTED_EDGE ( 'NONE', *, *, #254, .T. ) ;
#2614 = FACE_OUTER_BOUND ( 'NONE', #3803, .T. ) ;
#2615 = CARTESIAN_POINT ( 'NONE',  ( 0.04527559055118110520, -0.01437007874015748012, -0.04527559055118110520 ) ) ;
#2616 = ORIENTED_EDGE ( 'NONE', *, *, #1894, .T. ) ;
#2617 = PLANE ( 'NONE',  #2337 ) ;
#2618 = LINE ( 'NONE', #2340, #1296 ) ;
#2619 = ADVANCED_FACE ( 'NONE', ( #87 ), #3627, .F. ) ;
#2620 = EDGE_LOOP ( 'NONE', ( #2407, #1372, #2540, #2338 ) ) ;
#2621 = ORIENTED_EDGE ( 'NONE', *, *, #2421, .T. ) ;
#2622 = ADVANCED_BREP_SHAPE_REPRESENTATION ( 'CUI_DEVICES_CMM-3424DT-26165-TR', ( #3373, #878, #3446, #2086, #838, #3424, #829, #2106, #846, #3413, #2954 ), #934 ) ;
#2623 = ORIENTED_EDGE ( 'NONE', *, *, #3544, .F. ) ;
#2624 = CARTESIAN_POINT ( 'NONE',  ( -0.02559055118110236879, -0.01456692913385826751, -0.04527559055118110520 ) ) ;
#2625 = VECTOR ( 'NONE', #1600, 39.37007874015748143 ) ;
#2626 = VECTOR ( 'NONE', #3629, 39.37007874015748143 ) ;
#2627 = UNCERTAINTY_MEASURE_WITH_UNIT (LENGTH_MEASURE( 1.000000000000000082E-05 ), #3635, 'distance_accuracy_value', 'NONE');
#2628 = VECTOR ( 'NONE', #1632, 39.37007874015748143 ) ;
#2629 = MECHANICAL_DESIGN_GEOMETRIC_PRESENTATION_REPRESENTATION (  '', ( #2144 ), #1776 ) ;
#2630 = DIRECTION ( 'NONE',  ( 0.000000000000000000, 1.000000000000000000, 0.000000000000000000 ) ) ;
#2631 = FACE_OUTER_BOUND ( 'NONE', #2638, .T. ) ;
#2632 = ORIENTED_EDGE ( 'NONE', *, *, #1178, .T. ) ;
#2633 = LINE ( 'NONE', #1161, #419 ) ;
#2634 = VECTOR ( 'NONE', #776, 39.37007874015748143 ) ;
#2635 = AXIS2_PLACEMENT_3D ( 'NONE', #2968, #640, #333 ) ;
#2636 = VECTOR ( 'NONE', #2829, 39.37007874015748854 ) ;
#2637 = DIRECTION ( 'NONE',  ( 0.000000000000000000, -1.000000000000000000, 0.000000000000000000 ) ) ;
#2638 = EDGE_LOOP ( 'NONE', ( #1916, #2031, #3747, #2427, #1960 ) ) ;
#2639 = DIRECTION ( 'NONE',  ( -1.000000000000000000, 0.000000000000000000, 0.000000000000000000 ) ) ;
#2640 = CARTESIAN_POINT ( 'NONE',  ( 0.02559055118110236879, -0.01437007874015748012, -0.02657480314960630058 ) ) ;
#2641 = CARTESIAN_POINT ( 'NONE',  ( -0.02165354330709055170, -0.01437007874015748012, 0.06102362204724411099 ) ) ;
#2642 = ORIENTED_EDGE ( 'NONE', *, *, #653, .T. ) ;
#2643 = CIRCLE ( 'NONE', #1186, 0.004921259842519684971 ) ;
#2644 = ORIENTED_EDGE ( 'NONE', *, *, #2699, .T. ) ;
#2645 = CARTESIAN_POINT ( 'NONE',  ( 0.007874015748031495954, -0.01437007874015748012, -0.02657480314960630058 ) ) ;
#2646 = ORIENTED_EDGE ( 'NONE', *, *, #1222, .T. ) ;
#2647 = DIRECTION ( 'NONE',  ( 0.000000000000000000, 0.000000000000000000, 1.000000000000000000 ) ) ;
#2648 = ADVANCED_FACE ( 'NONE', ( #400 ), #3398, .T. ) ;
#2649 = ADVANCED_FACE ( 'NONE', ( #160 ), #1550, .T. ) ;
#2650 = FACE_OUTER_BOUND ( 'NONE', #3076, .T. ) ;
#2651 = DIRECTION ( 'NONE',  ( 1.000000000000000000, 0.000000000000000000, 0.000000000000000000 ) ) ;
#2652 = DIRECTION ( 'NONE',  ( 0.000000000000000000, 0.000000000000000000, 1.000000000000000000 ) ) ;
#2653 = EDGE_CURVE ( 'NONE', #3546, #319, #2170, .T. ) ;
#2654 = VERTEX_POINT ( 'NONE', #437 ) ;
#2655 = LINE ( 'NONE', #330, #3671 ) ;
#2656 = EDGE_CURVE ( 'NONE', #337, #3602, #2429, .T. ) ;
#2657 = CARTESIAN_POINT ( 'NONE',  ( 0.007874015748031495954, -0.01417322834645669272, 0.04527559055118110520 ) ) ;
#2658 = ORIENTED_EDGE ( 'NONE', *, *, #3046, .F. ) ;
#2659 = DIRECTION ( 'NONE',  ( 1.000000000000000000, 0.000000000000000000, 0.000000000000000000 ) ) ;
#2660 = DIRECTION ( 'NONE',  ( 0.000000000000000000, 0.000000000000000000, -1.000000000000000000 ) ) ;
#2661 = DIRECTION ( 'NONE',  ( 0.7071067811865475727, 0.000000000000000000, 0.7071067811865475727 ) ) ;
#2662 = ORIENTED_EDGE ( 'NONE', *, *, #2178, .F. ) ;
#2663 = VERTEX_POINT ( 'NONE', #1032 ) ;
#2664 = CARTESIAN_POINT ( 'NONE',  ( 0.000000000000000000, 0.02480314960629921572, -0.01692913385826772671 ) ) ;
#2665 = ORIENTED_EDGE ( 'NONE', *, *, #2164, .F. ) ;
#2666 = DIRECTION ( 'NONE',  ( 0.7071067811865474617, 0.000000000000000000, -0.7071067811865474617 ) ) ;
#2667 = LINE ( 'NONE', #3250, #3741 ) ;
#2668 = LINE ( 'NONE', #2309, #3108 ) ;
#2669 = LINE ( 'NONE', #1159, #3802 ) ;
#2670 = ORIENTED_EDGE ( 'NONE', *, *, #2482, .F. ) ;
#2671 = CARTESIAN_POINT ( 'NONE',  ( 0.01673228346456692717, -0.01456692913385826751, -0.007874015748031495954 ) ) ;
#2672 = AXIS2_PLACEMENT_3D ( 'NONE', #2843, #2516, #1947 ) ;
#2673 = EDGE_CURVE ( 'NONE', #3610, #586, #1896, .T. ) ;
#2674 = DIRECTION ( 'NONE',  ( 0.000000000000000000, 1.000000000000000000, 0.000000000000000000 ) ) ;
#2675 = EDGE_LOOP ( 'NONE', ( #1594, #911, #1522, #339 ) ) ;
#2676 = CARTESIAN_POINT ( 'NONE',  ( -0.05019685039370078150, -0.01417322834645669272, -0.04527559055118110520 ) ) ;
#2677 = EDGE_CURVE ( 'NONE', #1714, #639, #1606, .T. ) ;
#2678 = PLANE ( 'NONE',  #799 ) ;
#2679 = FACE_OUTER_BOUND ( 'NONE', #383, .T. ) ;
#2680 = ORIENTED_EDGE ( 'NONE', *, *, #613, .F. ) ;
#2681 = ORIENTED_EDGE ( 'NONE', *, *, #1859, .F. ) ;
#2682 = CARTESIAN_POINT ( 'NONE',  ( 0.04330708661417323468, -0.01437007874015748012, -0.04330708661417323468 ) ) ;
#2683 = EDGE_LOOP ( 'NONE', ( #630, #2897, #812, #1234 ) ) ;
#2684 = DIRECTION ( 'NONE',  ( 1.000000000000000000, 0.000000000000000000, 0.000000000000000000 ) ) ;
#2685 = AXIS2_PLACEMENT_3D ( 'NONE', #1262, #2497, #991 ) ;
#2686 = LINE ( 'NONE', #1806, #253 ) ;
#2687 = DIRECTION ( 'NONE',  ( 1.000000000000000000, 0.000000000000000000, 0.000000000000000000 ) ) ;
#2688 = PRESENTATION_STYLE_ASSIGNMENT (( #1517 ) ) ;
#2689 = EDGE_LOOP ( 'NONE', ( #2642, #2621, #2137, #16 ) ) ;
#2690 = CARTESIAN_POINT ( 'NONE',  ( 0.000000000000000000, -0.01456692913385826751, 0.06102362204724411099 ) ) ;
#2691 = VECTOR ( 'NONE', #1063, 39.37007874015748143 ) ;
#2692 = VECTOR ( 'NONE', #1919, 39.37007874015748143 ) ;
#2693 = DIRECTION ( 'NONE',  ( -0.7071067811865483499, 0.000000000000000000, 0.7071067811865467956 ) ) ;
#2694 = AXIS2_PLACEMENT_3D ( 'NONE', #1493, #3246, #645 ) ;
#2695 = ORIENTED_EDGE ( 'NONE', *, *, #531, .T. ) ;
#2696 = CARTESIAN_POINT ( 'NONE',  ( 0.007874015748031495954, -0.01437007874015748012, 0.007874015748031495954 ) ) ;
#2697 = AXIS2_PLACEMENT_3D ( 'NONE', #2348, #1482, #886 ) ;
#2698 = EDGE_CURVE ( 'NONE', #3794, #552, #1584, .T. ) ;
#2699 = EDGE_CURVE ( 'NONE', #883, #163, #3644, .T. ) ;
#2700 = VECTOR ( 'NONE', #1559, 39.37007874015748143 ) ;
#2701 = AXIS2_PLACEMENT_3D ( 'NONE', #954, #2990, #355 ) ;
#2702 = DIRECTION ( 'NONE',  ( 0.7071067811858974261, 0.000000000000000000, -0.7071067811871974973 ) ) ;
#2703 = CARTESIAN_POINT ( 'NONE',  ( 0.02559055118110236879, -0.01437007874015748012, -0.007874015748031495954 ) ) ;
#2704 = ADVANCED_FACE ( 'NONE', ( #1074 ), #2033, .F. ) ;
#2705 = ORIENTED_EDGE ( 'NONE', *, *, #281, .F. ) ;
#2706 = ADVANCED_FACE ( 'NONE', ( #2260 ), #261, .F. ) ;
#2707 = VERTEX_POINT ( 'NONE', #1437 ) ;
#2708 = DIRECTION ( 'NONE',  ( 0.000000000000000000, 0.000000000000000000, 1.000000000000000000 ) ) ;
#2709 = ORIENTED_EDGE ( 'NONE', *, *, #2434, .T. ) ;
#2710 = FACE_OUTER_BOUND ( 'NONE', #779, .T. ) ;
#2711 = CARTESIAN_POINT ( 'NONE',  ( -0.04527559055118110520, -0.01437007874015748012, 0.04527559055118110520 ) ) ;
#2712 = VECTOR ( 'NONE', #708, 39.37007874015748143 ) ;
#2713 = DIRECTION ( 'NONE',  ( 0.000000000000000000, -1.000000000000000000, 0.000000000000000000 ) ) ;
#2714 = ORIENTED_EDGE ( 'NONE', *, *, #1742, .T. ) ;
#2715 = PLANE ( 'NONE',  #3796 ) ;
#2716 = SURFACE_STYLE_USAGE ( .BOTH. , #391 ) ;
#2717 = ORIENTED_EDGE ( 'NONE', *, *, #3476, .T. ) ;
#2718 = CARTESIAN_POINT ( 'NONE',  ( 0.02559055118110236879, -0.01417322834645669272, 0.04133858267716536417 ) ) ;
#2719 = CARTESIAN_POINT ( 'NONE',  ( -0.007874015748031495954, -0.01417322834645669272, 0.02657480314960630058 ) ) ;
#2720 = PLANE ( 'NONE',  #2571 ) ;
#2721 = EDGE_CURVE ( 'NONE', #1994, #2873, #1646, .T. ) ;
#2722 = EDGE_LOOP ( 'NONE', ( #1645, #21, #1375, #3533 ) ) ;
#2723 = CARTESIAN_POINT ( 'NONE',  ( -0.05511811023622047168, -0.01437007874015748012, 0.04527559055118110520 ) ) ;
#2724 = EDGE_CURVE ( 'NONE', #264, #727, #3703, .T. ) ;
#2725 = ORIENTED_EDGE ( 'NONE', *, *, #817, .F. ) ;
#2726 = DIRECTION ( 'NONE',  ( 0.7071067811865475727, 0.000000000000000000, -0.7071067811865475727 ) ) ;
#2727 = ORIENTED_EDGE ( 'NONE', *, *, #800, .F. ) ;
#2728 = LINE ( 'NONE', #3017, #52 ) ;
#2729 = EDGE_CURVE ( 'NONE', #2287, #298, #1724, .T. ) ;
#2730 = CARTESIAN_POINT ( 'NONE',  ( -0.02165354330708661734, -0.01417322834645669272, 0.06102362204724411099 ) ) ;
#2731 = LENGTH_MEASURE_WITH_UNIT ( LENGTH_MEASURE( 0.02539999999999999897 ), #1827 );
#2732 = VERTEX_POINT ( 'NONE', #183 ) ;
#2733 = LINE ( 'NONE', #2690, #1229 ) ;
#2734 = CARTESIAN_POINT ( 'NONE',  ( 0.007874015748031495954, -0.01417322834645669272, -0.04527559055118110520 ) ) ;
#2735 = ORIENTED_EDGE ( 'NONE', *, *, #2374, .T. ) ;
#2736 = DIRECTION ( 'NONE',  ( 0.000000000000000000, 0.000000000000000000, 1.000000000000000000 ) ) ;
#2737 = CARTESIAN_POINT ( 'NONE',  ( -0.04133858267716536417, -0.01417322834645669272, 0.000000000000000000 ) ) ;
#2738 = LINE ( 'NONE', #3087, #678 ) ;
#2739 = ORIENTED_EDGE ( 'NONE', *, *, #377, .F. ) ;
#2740 = ADVANCED_FACE ( 'NONE', ( #3130 ), #1359, .T. ) ;
#2741 = ORIENTED_EDGE ( 'NONE', *, *, #3615, .T. ) ;
#2742 = CARTESIAN_POINT ( 'NONE',  ( 0.000000000000000000, -0.01456692913385826751, -0.04527559055118110520 ) ) ;
#2743 = EDGE_LOOP ( 'NONE', ( #1012, #3029 ) ) ;
#2744 = PLANE ( 'NONE',  #2810 ) ;
#2745 = ORIENTED_EDGE ( 'NONE', *, *, #255, .F. ) ;
#2746 = DIRECTION ( 'NONE',  ( 0.000000000000000000, -1.000000000000000000, 0.000000000000000000 ) ) ;
#2747 = ORIENTED_EDGE ( 'NONE', *, *, #2467, .F. ) ;
#2748 = CARTESIAN_POINT ( 'NONE',  ( -0.05905511811023622659, -0.01456692913385826751, 0.07874015748031495954 ) ) ;
#2749 = CARTESIAN_POINT ( 'NONE',  ( 0.02559055118110236879, -0.01456692913385826751, -0.07480314960629921850 ) ) ;
#2750 = EDGE_CURVE ( 'NONE', #3584, #577, #2601, .T. ) ;
#2751 = VERTEX_POINT ( 'NONE', #2832 ) ;
#2752 = LINE ( 'NONE', #1912, #1282 ) ;
#2753 = VECTOR ( 'NONE', #3455, 39.37007874015748143 ) ;
#2754 = AXIS2_PLACEMENT_3D ( 'NONE', #1083, #3097, #2247 ) ;
#2755 = VECTOR ( 'NONE', #1099, 39.37007874015748143 ) ;
#2756 = LINE ( 'NONE', #3600, #371 ) ;
#2757 = VECTOR ( 'NONE', #634, 39.37007874015748854 ) ;
#2758 = CARTESIAN_POINT ( 'NONE',  ( -0.007874015748031495954, -0.01417322834645669272, 0.04527559055118110520 ) ) ;
#2759 = VECTOR ( 'NONE', #509, 39.37007874015748143 ) ;
#2760 = VECTOR ( 'NONE', #2500, 39.37007874015748143 ) ;
#2761 = ORIENTED_EDGE ( 'NONE', *, *, #2724, .T. ) ;
#2762 = CARTESIAN_POINT ( 'NONE',  ( 0.04822834645669291098, -0.01437007874015748012, 0.06299212598425196763 ) ) ;
#2763 = AXIS2_PLACEMENT_3D ( 'NONE', #2254, #3162, #217 ) ;
#2764 =( NAMED_UNIT ( * ) SI_UNIT ( $, .STERADIAN. ) SOLID_ANGLE_UNIT ( ) );
#2765 = CARTESIAN_POINT ( 'NONE',  ( -0.02559055118110236879, -0.01437007874015748012, 0.06988188976377952832 ) ) ;
#2766 = DIRECTION ( 'NONE',  ( 0.000000000000000000, 0.000000000000000000, 1.000000000000000000 ) ) ;
#2767 = ORIENTED_EDGE ( 'NONE', *, *, #3345, .T. ) ;
#2768 = CARTESIAN_POINT ( 'NONE',  ( 0.02559055118110236879, -0.01437007874015748012, -0.07480314960629921850 ) ) ;
#2769 = EDGE_CURVE ( 'NONE', #196, #826, #2561, .T. ) ;
#2770 = EDGE_CURVE ( 'NONE', #1474, #1822, #3719, .T. ) ;
#2771 = ADVANCED_FACE ( 'NONE', ( #1118 ), #3779, .T. ) ;
#2772 = CARTESIAN_POINT ( 'NONE',  ( -0.03346456692913385433, 0.02480314960629921572, -0.06692913385826772255 ) ) ;
#2773 = ORIENTED_EDGE ( 'NONE', *, *, #868, .F. ) ;
#2774 = DIRECTION ( 'NONE',  ( 0.000000000000000000, 0.000000000000000000, -1.000000000000000000 ) ) ;
#2775 = LINE ( 'NONE', #2719, #2700 ) ;
#2776 = FACE_OUTER_BOUND ( 'NONE', #530, .T. ) ;
#2777 = ORIENTED_EDGE ( 'NONE', *, *, #1874, .F. ) ;
#2778 = CARTESIAN_POINT ( 'NONE',  ( 0.05019685039370078150, -0.01417322834645669272, -0.04527559055118110520 ) ) ;
#2779 = DIRECTION ( 'NONE',  ( 1.000000000000000000, 0.000000000000000000, 0.000000000000000000 ) ) ;
#2780 = LINE ( 'NONE', #2508, #2080 ) ;
#2781 = ORIENTED_EDGE ( 'NONE', *, *, #704, .T. ) ;
#2782 = DIRECTION ( 'NONE',  ( 0.000000000000000000, 0.000000000000000000, 1.000000000000000000 ) ) ;
#2783 = ORIENTED_EDGE ( 'NONE', *, *, #941, .T. ) ;
#2784 = DIRECTION ( 'NONE',  ( 1.000000000000000000, 0.000000000000000000, 0.000000000000000000 ) ) ;
#2785 = PLANE ( 'NONE',  #2570 ) ;
#2786 = EDGE_CURVE ( 'NONE', #622, #2250, #819, .T. ) ;
#2787 =( NAMED_UNIT ( * ) PLANE_ANGLE_UNIT ( ) SI_UNIT ( $, .RADIAN. ) );
#2788 = CARTESIAN_POINT ( 'NONE',  ( 0.04822834645669291098, -0.01456692913385826751, 0.06299212598425196763 ) ) ;
#2789 = VERTEX_POINT ( 'NONE', #3460 ) ;
#2790 = CARTESIAN_POINT ( 'NONE',  ( -0.007874015748031495954, -0.01456692913385826751, 0.007874015748031495954 ) ) ;
#2791 = CARTESIAN_POINT ( 'NONE',  ( 0.02559055118110236879, -0.01437007874015748012, -0.06496062992125985203 ) ) ;
#2792 = EDGE_CURVE ( 'NONE', #337, #641, #2850, .T. ) ;
#2793 = DIRECTION ( 'NONE',  ( 0.000000000000000000, 0.000000000000000000, 1.000000000000000000 ) ) ;
#2794 = PRESENTATION_LAYER_ASSIGNMENT (  '', '', ( #1086 ) ) ;
#2795 = VERTEX_POINT ( 'NONE', #2894 ) ;
#2796 = DIRECTION ( 'NONE',  ( 1.000000000000000000, 0.000000000000000000, 0.000000000000000000 ) ) ;
#2797 = CARTESIAN_POINT ( 'NONE',  ( -0.04724409448818897572, 0.02480314960629921572, -0.05314960629921260116 ) ) ;
#2798 = ORIENTED_EDGE ( 'NONE', *, *, #1295, .T. ) ;
#2799 = PLANE ( 'NONE',  #70 ) ;
#2800 = DIRECTION ( 'NONE',  ( 0.000000000000000000, 1.000000000000000000, 0.000000000000000000 ) ) ;
#2801 = CARTESIAN_POINT ( 'NONE',  ( 0.000000000000000000, -0.01437007874015748012, 0.07480314960629921850 ) ) ;
#2802 = CARTESIAN_POINT ( 'NONE',  ( -0.02559055118110236879, -0.01437007874015748012, -0.007874015748031495954 ) ) ;
#2803 = PLANE ( 'NONE',  #3060 ) ;
#2804 = ORIENTED_EDGE ( 'NONE', *, *, #2750, .T. ) ;
#2805 = DIRECTION ( 'NONE',  ( -0.000000000000000000, -1.000000000000000000, -0.000000000000000000 ) ) ;
#2806 = LINE ( 'NONE', #176, #2093 ) ;
#2807 = AXIS2_PLACEMENT_3D ( 'NONE', #889, #2059, #3543 ) ;
#2808 = VERTEX_POINT ( 'NONE', #1396 ) ;
#2809 = LINE ( 'NONE', #1376, #1902 ) ;
#2810 = AXIS2_PLACEMENT_3D ( 'NONE', #959, #2114, #3305 ) ;
#2811 = EDGE_CURVE ( 'NONE', #2331, #1599, #529, .T. ) ;
#2812 = ADVANCED_FACE ( 'NONE', ( #1151 ), #1421, .T. ) ;
#2813 = VECTOR ( 'NONE', #1033, 39.37007874015748143 ) ;
#2814 = CARTESIAN_POINT ( 'NONE',  ( 0.02559055118110236879, -0.01437007874015748012, -0.06988188976377952832 ) ) ;
#2815 = EDGE_CURVE ( 'NONE', #3647, #100, #2299, .T. ) ;
#2816 = CARTESIAN_POINT ( 'NONE',  ( -0.02559055118110236879, -0.01437007874015748012, 0.04527559055118110520 ) ) ;
#2817 = CARTESIAN_POINT ( 'NONE',  ( -0.02559055118110236879, -0.01437007874015748012, -0.07480314960629921850 ) ) ;
#2818 = VECTOR ( 'NONE', #302, 39.37007874015748143 ) ;
#2819 = AXIS2_PLACEMENT_3D ( 'NONE', #2925, #662, #3012 ) ;
#2820 = EDGE_CURVE ( 'NONE', #2050, #77, #550, .T. ) ;
#2821 = CIRCLE ( 'NONE', #1473, 0.004921259842519684971 ) ;
#2822 = PLANE ( 'NONE',  #809 ) ;
#2823 = CARTESIAN_POINT ( 'NONE',  ( -0.02559055118110236879, -0.01456692913385826751, 0.06496062992125983815 ) ) ;
#2824 = ORIENTED_EDGE ( 'NONE', *, *, #1625, .F. ) ;
#2825 = FACE_OUTER_BOUND ( 'NONE', #700, .T. ) ;
#2826 = CARTESIAN_POINT ( 'NONE',  ( -0.02559055118110236879, -0.01437007874015748012, -0.02657480314960630058 ) ) ;
#2827 = VERTEX_POINT ( 'NONE', #1779 ) ;
#2828 = LINE ( 'NONE', #464, #2322 ) ;
#2829 = DIRECTION ( 'NONE',  ( 0.7071067811865474617, 0.000000000000000000, 0.7071067811865474617 ) ) ;
#2830 = ORIENTED_EDGE ( 'NONE', *, *, #1340, .F. ) ;
#2831 = DIRECTION ( 'NONE',  ( 1.000000000000000000, 0.000000000000000000, 0.000000000000000000 ) ) ;
#2832 = CARTESIAN_POINT ( 'NONE',  ( 0.04527559055118110520, -0.01456692913385826751, 0.04527559055118110520 ) ) ;
#2833 = ADVANCED_FACE ( 'NONE', ( #3797 ), #1230, .T. ) ;
#2834 = DIRECTION ( 'NONE',  ( 0.000000000000000000, 0.000000000000000000, 1.000000000000000000 ) ) ;
#2835 = VERTEX_POINT ( 'NONE', #896 ) ;
#2836 =( NAMED_UNIT ( * ) SI_UNIT ( $, .STERADIAN. ) SOLID_ANGLE_UNIT ( ) );
#2837 = ORIENTED_EDGE ( 'NONE', *, *, #228, .F. ) ;
#2838 = CARTESIAN_POINT ( 'NONE',  ( -0.03346456692913385433, 0.02480314960629921572, -0.05314960629921260116 ) ) ;
#2839 = ORIENTED_EDGE ( 'NONE', *, *, #180, .F. ) ;
#2840 = CARTESIAN_POINT ( 'NONE',  ( 0.000000000000000000, 0.005118110236220473237, -0.07874015748031495954 ) ) ;
#2841 = ADVANCED_FACE ( 'NONE', ( #277 ), #2048, .T. ) ;
#2842 = PLANE ( 'NONE',  #1529 ) ;
#2843 = CARTESIAN_POINT ( 'NONE',  ( 0.02559055118110236879, -0.01437007874015748012, 0.06988188976377952832 ) ) ;
#2844 = LINE ( 'NONE', #751, #1231 ) ;
#2845 = ORIENTED_EDGE ( 'NONE', *, *, #281, .T. ) ;
#2846 = CARTESIAN_POINT ( 'NONE',  ( -0.05905511811023622659, 0.02480314960629921572, 0.000000000000000000 ) ) ;
#2847 = DIRECTION ( 'NONE',  ( 0.000000000000000000, 0.000000000000000000, 1.000000000000000000 ) ) ;
#2848 = ORIENTED_EDGE ( 'NONE', *, *, #41, .T. ) ;
#2849 = LINE ( 'NONE', #1148, #182 ) ;
#2850 = LINE ( 'NONE', #1992, #794 ) ;
#2851 =( CONVERSION_BASED_UNIT ( 'INCH', #263 ) LENGTH_UNIT ( ) NAMED_UNIT ( #1247 ) );
#2852 = EDGE_LOOP ( 'NONE', ( #1839, #3114, #2415, #2544 ) ) ;
#2853 = ADVANCED_FACE ( 'NONE', ( #3514 ), #625, .F. ) ;
#2854 = ORIENTED_EDGE ( 'NONE', *, *, #3217, .F. ) ;
#2855 = LENGTH_MEASURE_WITH_UNIT ( LENGTH_MEASURE( 0.02539999999999999897 ), #3074 );
#2856 = ORIENTED_EDGE ( 'NONE', *, *, #3003, .F. ) ;
#2857 = CARTESIAN_POINT ( 'NONE',  ( 0.02559055118110236879, -0.01437007874015748012, 0.06496062992125983815 ) ) ;
#2858 = DIRECTION ( 'NONE',  ( 0.000000000000000000, 0.000000000000000000, 1.000000000000000000 ) ) ;
#2859 = EDGE_CURVE ( 'NONE', #932, #337, #598, .T. ) ;
#2860 = CLOSED_SHELL ( 'NONE', ( #233, #2528, #2134, #2936, #1900, #3765 ) ) ;
#2861 = DIRECTION ( 'NONE',  ( 0.7071067811865474617, 0.000000000000000000, -0.7071067811865474617 ) ) ;
#2862 = CARTESIAN_POINT ( 'NONE',  ( -0.05511811023622047168, -0.01456692913385826751, 0.000000000000000000 ) ) ;
#2863 = EDGE_CURVE ( 'NONE', #2992, #2, #953, .T. ) ;
#2864 = ORIENTED_EDGE ( 'NONE', *, *, #1907, .F. ) ;
#2865 = CARTESIAN_POINT ( 'NONE',  ( -0.04822834645669292486, -0.01456692913385826751, -0.04527559055118110520 ) ) ;
#2866 = DIRECTION ( 'NONE',  ( 1.000000000000000000, 0.000000000000000000, 0.000000000000000000 ) ) ;
#2867 = ORIENTED_EDGE ( 'NONE', *, *, #535, .T. ) ;
#2868 = CARTESIAN_POINT ( 'NONE',  ( 0.000000000000000000, 0.02440944881889763746, -0.03070866141732284463 ) ) ;
#2869 = CLOSED_SHELL ( 'NONE', ( #2017, #1574, #2983, #2740, #3809, #3732 ) ) ;
#2870 = VECTOR ( 'NONE', #3596, 39.37007874015748143 ) ;
#2871 = CARTESIAN_POINT ( 'NONE',  ( -0.02559055118110236879, -0.01417322834645669272, -0.02657480314960630058 ) ) ;
#2872 = CARTESIAN_POINT ( 'NONE',  ( 0.04133858267716536417, -0.01437007874015748012, 0.000000000000000000 ) ) ;
#2873 = VERTEX_POINT ( 'NONE', #3205 ) ;
#2874 = VECTOR ( 'NONE', #2555, 39.37007874015748143 ) ;
#2875 = AXIS2_PLACEMENT_3D ( 'NONE', #306, #1141, #2647 ) ;
#2876 = VERTEX_POINT ( 'NONE', #316 ) ;
#2877 = AXIS2_PLACEMENT_3D ( 'NONE', #2190, #1365, #1344 ) ;
#2878 = VECTOR ( 'NONE', #705, 39.37007874015748143 ) ;
#2879 = ORIENTED_EDGE ( 'NONE', *, *, #1520, .T. ) ;
#2880 = DIRECTION ( 'NONE',  ( 0.000000000000000000, 1.000000000000000000, 0.000000000000000000 ) ) ;
#2881 = AXIS2_PLACEMENT_3D ( 'NONE', #608, #1785, #28 ) ;
#2882 = CIRCLE ( 'NONE', #1169, 0.01377952755905511792 ) ;
#2883 = DIRECTION ( 'NONE',  ( -1.000000000000000000, 0.000000000000000000, 0.000000000000000000 ) ) ;
#2884 = DIRECTION ( 'NONE',  ( 0.000000000000000000, 1.000000000000000000, 0.000000000000000000 ) ) ;
#2885 = ADVANCED_FACE ( 'NONE', ( #3264 ), #1191, .T. ) ;
#2886 = VERTEX_POINT ( 'NONE', #334 ) ;
#2887 = LINE ( 'NONE', #522, #3183 ) ;
#2888 = EDGE_CURVE ( 'NONE', #2600, #2210, #3223, .T. ) ;
#2889 = LINE ( 'NONE', #2597, #2636 ) ;
#2890 = ORIENTED_EDGE ( 'NONE', *, *, #3666, .T. ) ;
#2891 = CARTESIAN_POINT ( 'NONE',  ( 0.007874015748031495954, -0.01417322834645669272, 0.02657480314960630058 ) ) ;
#2892 = ADVANCED_FACE ( 'NONE', ( #583 ), #2678, .F. ) ;
#2893 = EDGE_LOOP ( 'NONE', ( #2410, #203, #1801, #1696 ) ) ;
#2894 = CARTESIAN_POINT ( 'NONE',  ( -0.02559055118110145979, -0.01417322834645669272, -0.06496062992126075408 ) ) ;
#2895 = VECTOR ( 'NONE', #1097, 39.37007874015748143 ) ;
#2896 = SURFACE_STYLE_FILL_AREA ( #1153 ) ;
#2897 = ORIENTED_EDGE ( 'NONE', *, *, #344, .F. ) ;
#2898 = EDGE_CURVE ( 'NONE', #1352, #2169, #24, .T. ) ;
#2899 = ORIENTED_EDGE ( 'NONE', *, *, #3544, .T. ) ;
#2900 = ORIENTED_EDGE ( 'NONE', *, *, #2481, .F. ) ;
#2901 = LINE ( 'NONE', #1176, #238 ) ;
#2902 = DIRECTION ( 'NONE',  ( 0.000000000000000000, 0.000000000000000000, 1.000000000000000000 ) ) ;
#2903 = CARTESIAN_POINT ( 'NONE',  ( 0.02165354330708661734, -0.01456692913385826751, -0.06102362204724411099 ) ) ;
#2904 = VERTEX_POINT ( 'NONE', #2395 ) ;
#2905 = FACE_OUTER_BOUND ( 'NONE', #3722, .T. ) ;
#2906 = ADVANCED_FACE ( 'NONE', ( #935 ), #3549, .F. ) ;
#2907 = CARTESIAN_POINT ( 'NONE',  ( 0.02559055118110236879, -0.01456692913385826751, -0.007874015748031495954 ) ) ;
#2908 = ORIENTED_EDGE ( 'NONE', *, *, #3338, .F. ) ;
#2909 = LINE ( 'NONE', #3281, #2211 ) ;
#2910 = DIRECTION ( 'NONE',  ( 0.000000000000000000, 1.000000000000000000, 0.000000000000000000 ) ) ;
#2911 = FILL_AREA_STYLE_COLOUR ( '', #3680 ) ;
#2912 = ORIENTED_EDGE ( 'NONE', *, *, #3047, .T. ) ;
#2913 = ORIENTED_EDGE ( 'NONE', *, *, #278, .F. ) ;
#2914 = ORIENTED_EDGE ( 'NONE', *, *, #3660, .T. ) ;
#2915 = DIRECTION ( 'NONE',  ( 0.000000000000000000, 0.000000000000000000, -1.000000000000000000 ) ) ;
#2916 = VECTOR ( 'NONE', #1927, 39.37007874015748143 ) ;
#2917 = LINE ( 'NONE', #3198, #742 ) ;
#2918 = CARTESIAN_POINT ( 'NONE',  ( -0.03346456692913385433, 0.03070866141732283769, 0.05314960629921260116 ) ) ;
#2919 = ORIENTED_EDGE ( 'NONE', *, *, #1454, .F. ) ;
#2920 = DIRECTION ( 'NONE',  ( 1.000000000000000000, 0.000000000000000000, 0.000000000000000000 ) ) ;
#2921 = LINE ( 'NONE', #2615, #2454 ) ;
#2922 = ORIENTED_EDGE ( 'NONE', *, *, #684, .T. ) ;
#2923 = LINE ( 'NONE', #2339, #2512 ) ;
#2924 = DIRECTION ( 'NONE',  ( 1.000000000000000000, 0.000000000000000000, 0.000000000000000000 ) ) ;
#2925 = CARTESIAN_POINT ( 'NONE',  ( -0.03346456692913385433, 0.03070866141732283769, -0.05314960629921260116 ) ) ;
#2926 = EDGE_CURVE ( 'NONE', #2008, #622, #879, .T. ) ;
#2927 = EDGE_CURVE ( 'NONE', #3733, #405, #642, .T. ) ;
#2928 = ORIENTED_EDGE ( 'NONE', *, *, #1856, .F. ) ;
#2929 = EDGE_CURVE ( 'NONE', #1993, #1252, #2618, .T. ) ;
#2930 = EDGE_LOOP ( 'NONE', ( #3662, #280, #1782, #3109 ) ) ;
#2931 = DIRECTION ( 'NONE',  ( 0.000000000000000000, 0.000000000000000000, -1.000000000000000000 ) ) ;
#2932 = EDGE_LOOP ( 'NONE', ( #3625, #192, #3056, #3534 ) ) ;
#2933 = DIRECTION ( 'NONE',  ( 0.000000000000000000, 0.000000000000000000, 1.000000000000000000 ) ) ;
#2934 = VECTOR ( 'NONE', #423, 39.37007874015748143 ) ;
#2935 = AXIS2_PLACEMENT_3D ( 'NONE', #1636, #2218, #2292 ) ;
#2936 = ADVANCED_FACE ( 'NONE', ( #2989 ), #354, .T. ) ;
#2937 = UNCERTAINTY_MEASURE_WITH_UNIT (LENGTH_MEASURE( 1.000000000000000082E-05 ), #2530, 'distance_accuracy_value', 'NONE');
#2938 = AXIS2_PLACEMENT_3D ( 'NONE', #748, #1079, #187 ) ;
#2939 = VECTOR ( 'NONE', #184, 39.37007874015748143 ) ;
#2940 = PLANE ( 'NONE',  #3597 ) ;
#2941 = CARTESIAN_POINT ( 'NONE',  ( 0.02559055118110236879, -0.01437007874015748012, -0.04527559055118110520 ) ) ;
#2942 = FACE_OUTER_BOUND ( 'NONE', #3709, .T. ) ;
#2943 = ORIENTED_EDGE ( 'NONE', *, *, #216, .T. ) ;
#2944 = DIRECTION ( 'NONE',  ( 0.000000000000000000, -1.000000000000000000, 0.000000000000000000 ) ) ;
#2945 = AXIS2_PLACEMENT_3D ( 'NONE', #3404, #477, #3095 ) ;
#2946 = AXIS2_PLACEMENT_3D ( 'NONE', #1209, #2661, #3569 ) ;
#2947 = AXIS2_PLACEMENT_3D ( 'NONE', #1471, #3241, #2107 ) ;
#2948 = DIRECTION ( 'NONE',  ( 1.000000000000000000, 0.000000000000000000, 0.000000000000000000 ) ) ;
#2949 = ORIENTED_EDGE ( 'NONE', *, *, #451, .T. ) ;
#2950 = LINE ( 'NONE', #2676, #1470 ) ;
#2951 = ORIENTED_EDGE ( 'NONE', *, *, #1644, .T. ) ;
#2952 = CARTESIAN_POINT ( 'NONE',  ( -0.05511811023622047168, -0.01417322834645669272, 0.000000000000000000 ) ) ;
#2953 = ORIENTED_EDGE ( 'NONE', *, *, #1110, .T. ) ;
#2954 = AXIS2_PLACEMENT_3D ( 'NONE', #3421, #204, #1381 ) ;
#2955 = ADVANCED_FACE ( 'NONE', ( #3586 ), #3010, .F. ) ;
#2956 = EDGE_LOOP ( 'NONE', ( #2521, #2739, #3083, #1995 ) ) ;
#2957 = FACE_OUTER_BOUND ( 'NONE', #1706, .T. ) ;
#2958 = ORIENTED_EDGE ( 'NONE', *, *, #3174, .T. ) ;
#2959 = FACE_OUTER_BOUND ( 'NONE', #3144, .T. ) ;
#2960 = EDGE_CURVE ( 'NONE', #360, #1483, #2446, .T. ) ;
#2961 = ADVANCED_FACE ( 'NONE', ( #1301 ), #3027, .T. ) ;
#2962 = CARTESIAN_POINT ( 'NONE',  ( 0.000000000000000000, 0.02440944881889763746, -0.01692913385826772671 ) ) ;
#2963 = DIRECTION ( 'NONE',  ( -0.000000000000000000, -1.000000000000000000, -0.000000000000000000 ) ) ;
#2964 = EDGE_LOOP ( 'NONE', ( #3349, #2681, #2435, #2176 ) ) ;
#2965 = PLANE ( 'NONE',  #2443 ) ;
#2966 = DIRECTION ( 'NONE',  ( 0.000000000000000000, 0.000000000000000000, -1.000000000000000000 ) ) ;
#2967 = VERTEX_POINT ( 'NONE', #992 ) ;
#2968 = CARTESIAN_POINT ( 'NONE',  ( -0.03346456692913385433, 0.02480314960629921572, 0.05314960629921260116 ) ) ;
#2969 = CARTESIAN_POINT ( 'NONE',  ( 0.02559055118110236879, -0.01437007874015748012, -0.02657480314960630058 ) ) ;
#2970 = LINE ( 'NONE', #335, #3620 ) ;
#2971 = ORIENTED_EDGE ( 'NONE', *, *, #448, .F. ) ;
#2972 = ORIENTED_EDGE ( 'NONE', *, *, #2579, .T. ) ;
#2973 = PLANE ( 'NONE',  #1719 ) ;
#2974 = VERTEX_POINT ( 'NONE', #1546 ) ;
#2975 = DIRECTION ( 'NONE',  ( -1.000000000000000000, 0.000000000000000000, 0.000000000000000000 ) ) ;
#2976 = EDGE_CURVE ( 'NONE', #2012, #1993, #2775, .T. ) ;
#2977 = DIRECTION ( 'NONE',  ( 0.000000000000000000, 0.000000000000000000, 1.000000000000000000 ) ) ;
#2978 = CARTESIAN_POINT ( 'NONE',  ( 0.04133858267716536417, -0.01417322834645669272, 0.04133858267716537110 ) ) ;
#2979 = SURFACE_STYLE_FILL_AREA ( #1808 ) ;
#2980 = EDGE_LOOP ( 'NONE', ( #3752, #3245, #995, #872 ) ) ;
#2981 = PLANE ( 'NONE',  #2198 ) ;
#2982 = EDGE_CURVE ( 'NONE', #3602, #2587, #3062, .T. ) ;
#2983 = ADVANCED_FACE ( 'NONE', ( #3351 ), #2468, .T. ) ;
#2984 = EDGE_CURVE ( 'NONE', #2296, #115, #1836, .T. ) ;
#2985 = CARTESIAN_POINT ( 'NONE',  ( -0.007874015748031495954, -0.01417322834645669272, 0.02657480314960630058 ) ) ;
#2986 = EDGE_LOOP ( 'NONE', ( #2783, #236, #3685, #336 ) ) ;
#2987 = DIRECTION ( 'NONE',  ( -1.000000000000000000, 0.000000000000000000, 0.000000000000000000 ) ) ;
#2988 = EDGE_CURVE ( 'NONE', #2604, #3602, #3086, .T. ) ;
#2989 = FACE_OUTER_BOUND ( 'NONE', #69, .T. ) ;
#2990 = DIRECTION ( 'NONE',  ( 0.000000000000000000, 1.000000000000000000, 0.000000000000000000 ) ) ;
#2991 = ORIENTED_EDGE ( 'NONE', *, *, #1006, .T. ) ;
#2992 = VERTEX_POINT ( 'NONE', #2179 ) ;
#2993 = PLANE ( 'NONE',  #175 ) ;
#2994 = EDGE_LOOP ( 'NONE', ( #1284, #3397, #3574, #389 ) ) ;
#2995 = DIRECTION ( 'NONE',  ( 1.000000000000000000, 0.000000000000000000, 0.000000000000000000 ) ) ;
#2996 = AXIS2_PLACEMENT_3D ( 'NONE', #1278, #2003, #1638 ) ;
#2997 = CARTESIAN_POINT ( 'NONE',  ( 0.02559055118110236879, -0.01417322834645669272, -0.007874015748031495954 ) ) ;
#2998 = LENGTH_MEASURE_WITH_UNIT ( LENGTH_MEASURE( 0.02539999999999999897 ), #650 );
#2999 = ORIENTED_EDGE ( 'NONE', *, *, #254, .F. ) ;
#3000 = LINE ( 'NONE', #1310, #357 ) ;
#3001 = AXIS2_PLACEMENT_3D ( 'NONE', #2838, #1672, #2213 ) ;
#3002 = VECTOR ( 'NONE', #903, 39.37007874015748143 ) ;
#3003 = EDGE_CURVE ( 'NONE', #374, #3016, #2165, .T. ) ;
#3004 = AXIS2_PLACEMENT_3D ( 'NONE', #739, #2453, #453 ) ;
#3005 = ORIENTED_EDGE ( 'NONE', *, *, #2110, .F. ) ;
#3006 = FACE_OUTER_BOUND ( 'NONE', #2722, .T. ) ;
#3007 = AXIS2_PLACEMENT_3D ( 'NONE', #2205, #3687, #3048 ) ;
#3008 = VECTOR ( 'NONE', #3336, 39.37007874015748143 ) ;
#3009 = AXIS2_PLACEMENT_3D ( 'NONE', #2868, #3414, #2297 ) ;
#3010 = PLANE ( 'NONE',  #926 ) ;
#3011 = ADVANCED_FACE ( 'NONE', ( #1872 ), #1008, .T. ) ;
#3012 = DIRECTION ( 'NONE',  ( 0.000000000000000000, 0.000000000000000000, -1.000000000000000000 ) ) ;
#3013 = ORIENTED_EDGE ( 'NONE', *, *, #2609, .T. ) ;
#3014 = ORIENTED_EDGE ( 'NONE', *, *, #1520, .F. ) ;
#3015 = LINE ( 'NONE', #1213, #672 ) ;
#3016 = VERTEX_POINT ( 'NONE', #3679 ) ;
#3017 = CARTESIAN_POINT ( 'NONE',  ( -0.02362204724409448786, -0.01417322834645669272, -0.06299212598425196763 ) ) ;
#3018 = CARTESIAN_POINT ( 'NONE',  ( 0.000000000000000000, 0.02086614173228347122, -0.02578740157480315792 ) ) ;
#3019 = AXIS2_PLACEMENT_3D ( 'NONE', #1198, #3810, #1442 ) ;
#3020 = SURFACE_STYLE_FILL_AREA ( #132 ) ;
#3021 = VERTEX_POINT ( 'NONE', #3041 ) ;
#3022 = LINE ( 'NONE', #97, #46 ) ;
#3023 = DIRECTION ( 'NONE',  ( 0.000000000000000000, -1.000000000000000000, 0.000000000000000000 ) ) ;
#3024 = ORIENTED_EDGE ( 'NONE', *, *, #2988, .T. ) ;
#3025 = CARTESIAN_POINT ( 'NONE',  ( -0.02559055118110236879, -0.01437007874015748012, -0.06988188976377952832 ) ) ;
#3026 = EDGE_CURVE ( 'NONE', #3271, #3650, #410, .T. ) ;
#3027 = PLANE ( 'NONE',  #2511 ) ;
#3028 = FACE_OUTER_BOUND ( 'NONE', #2419, .T. ) ;
#3029 = ORIENTED_EDGE ( 'NONE', *, *, #3269, .F. ) ;
#3030 = ORIENTED_EDGE ( 'NONE', *, *, #3589, .T. ) ;
#3031 = DIRECTION ( 'NONE',  ( 0.000000000000000000, 1.000000000000000000, 0.000000000000000000 ) ) ;
#3032 = ORIENTED_EDGE ( 'NONE', *, *, #1667, .F. ) ;
#3033 = CARTESIAN_POINT ( 'NONE',  ( 0.01673228346456692717, -0.01417322834645669272, -0.02657480314960630058 ) ) ;
#3034 = FACE_OUTER_BOUND ( 'NONE', #1424, .T. ) ;
#3035 =( NAMED_UNIT ( * ) PLANE_ANGLE_UNIT ( ) SI_UNIT ( $, .RADIAN. ) );
#3036 = ORIENTED_EDGE ( 'NONE', *, *, #3218, .T. ) ;
#3037 = DIRECTION ( 'NONE',  ( 1.000000000000000000, 0.000000000000000000, 0.000000000000000000 ) ) ;
#3038 = PRESENTATION_STYLE_ASSIGNMENT (( #2716 ) ) ;
#3039 = ORIENTED_EDGE ( 'NONE', *, *, #3706, .T. ) ;
#3040 = CARTESIAN_POINT ( 'NONE',  ( -0.04330708661417323468, -0.01437007874015748012, 0.04330708661417323468 ) ) ;
#3041 = CARTESIAN_POINT ( 'NONE',  ( -0.05511811023622047168, -0.01456692913385826751, 0.04527559055118110520 ) ) ;
#3042 =( GEOMETRIC_REPRESENTATION_CONTEXT ( 3 ) GLOBAL_UNCERTAINTY_ASSIGNED_CONTEXT ( ( #2627 ) ) GLOBAL_UNIT_ASSIGNED_CONTEXT ( ( #3635, #967, #1003 ) ) REPRESENTATION_CONTEXT ( 'NONE', 'WORKASPACE' ) );
#3043 = CARTESIAN_POINT ( 'NONE',  ( -0.02559055118110236879, -0.01437007874015748012, 0.06496062992125985203 ) ) ;
#3044 = ORIENTED_EDGE ( 'NONE', *, *, #2551, .F. ) ;
#3045 = DIRECTION ( 'NONE',  ( -0.7071067811865474617, 0.000000000000000000, -0.7071067811865474617 ) ) ;
#3046 = EDGE_CURVE ( 'NONE', #3769, #1685, #2143, .T. ) ;
#3047 = EDGE_CURVE ( 'NONE', #1750, #2153, #2756, .T. ) ;
#3048 = DIRECTION ( 'NONE',  ( -0.7071067811858974261, 0.000000000000000000, -0.7071067811871974973 ) ) ;
#3049 = DIRECTION ( 'NONE',  ( 0.000000000000000000, 1.000000000000000000, 0.000000000000000000 ) ) ;
#3050 = EDGE_CURVE ( 'NONE', #2505, #1813, #3321, .T. ) ;
#3051 = DIRECTION ( 'NONE',  ( -0.7071067811865483499, 0.000000000000000000, 0.7071067811865467956 ) ) ;
#3052 = VERTEX_POINT ( 'NONE', #1315 ) ;
#3053 = CARTESIAN_POINT ( 'NONE',  ( -0.01673228346456692717, -0.01417322834645669272, 0.007874015748031495954 ) ) ;
#3054 = EDGE_CURVE ( 'NONE', #1613, #1130, #714, .T. ) ;
#3055 = CARTESIAN_POINT ( 'NONE',  ( -0.02559055118110236879, -0.01456692913385826751, 0.06791338582677165780 ) ) ;
#3056 = ORIENTED_EDGE ( 'NONE', *, *, #3390, .T. ) ;
#3057 = LINE ( 'NONE', #3599, #1101 ) ;
#3058 = ADVANCED_FACE ( 'NONE', ( #683 ), #3372, .T. ) ;
#3059 = AXIS2_PLACEMENT_3D ( 'NONE', #3791, #2312, #1794 ) ;
#3060 = AXIS2_PLACEMENT_3D ( 'NONE', #3082, #3696, #1068 ) ;
#3061 = VECTOR ( 'NONE', #3172, 39.37007874015748143 ) ;
#3062 = LINE ( 'NONE', #2737, #2152 ) ;
#3063 = COLOUR_RGB ( '',0.7921568627450980005, 0.8196078431372548767, 0.9333333333333333481 ) ;
#3064 = DIRECTION ( 'NONE',  ( 0.000000000000000000, 0.000000000000000000, 1.000000000000000000 ) ) ;
#3065 = DIRECTION ( 'NONE',  ( 0.000000000000000000, 0.000000000000000000, 1.000000000000000000 ) ) ;
#3066 = AXIS2_PLACEMENT_3D ( 'NONE', #1938, #2726, #3045 ) ;
#3067 = VECTOR ( 'NONE', #258, 39.37007874015748143 ) ;
#3068 = VERTEX_POINT ( 'NONE', #2122 ) ;
#3069 = PLANE ( 'NONE',  #3066 ) ;
#3070 = VECTOR ( 'NONE', #1208, 39.37007874015748143 ) ;
#3071 = LINE ( 'NONE', #3090, #2757 ) ;
#3072 = LINE ( 'NONE', #3705, #2692 ) ;
#3073 = ORIENTED_EDGE ( 'NONE', *, *, #3638, .T. ) ;
#3074 =( LENGTH_UNIT ( ) NAMED_UNIT ( * ) SI_UNIT ( $, .METRE. ) );
#3075 = PLANE ( 'NONE',  #2200 ) ;
#3076 = EDGE_LOOP ( 'NONE', ( #1700, #73, #3209, #2234 ) ) ;
#3077 = DIRECTION ( 'NONE',  ( 0.000000000000000000, 1.000000000000000000, 0.000000000000000000 ) ) ;
#3078 = EDGE_CURVE ( 'NONE', #2795, #565, #1989, .T. ) ;
#3079 = CARTESIAN_POINT ( 'NONE',  ( -0.05905511811023622659, 0.02480314960629921572, -0.07874015748031495954 ) ) ;
#3080 = VECTOR ( 'NONE', #2099, 39.37007874015748143 ) ;
#3081 = CARTESIAN_POINT ( 'NONE',  ( 0.000000000000000000, 0.02480314960629921572, -0.07874015748031495954 ) ) ;
#3082 = CARTESIAN_POINT ( 'NONE',  ( 0.01673228346456692717, -0.01417322834645669272, 0.02657480314960630058 ) ) ;
#3083 = ORIENTED_EDGE ( 'NONE', *, *, #1780, .F. ) ;
#3084 = LINE ( 'NONE', #1314, #2625 ) ;
#3085 = DIRECTION ( 'NONE',  ( 0.000000000000000000, 0.000000000000000000, -1.000000000000000000 ) ) ;
#3086 = LINE ( 'NONE', #449, #123 ) ;
#3087 = CARTESIAN_POINT ( 'NONE',  ( 0.007874015748031495954, -0.01456692913385826751, 0.02657480314960630058 ) ) ;
#3088 = VERTEX_POINT ( 'NONE', #814 ) ;
#3089 = CARTESIAN_POINT ( 'NONE',  ( -0.04724409448818897572, 0.03070866141732283769, 0.05314960629921260116 ) ) ;
#3090 = CARTESIAN_POINT ( 'NONE',  ( 0.02362204724409448786, -0.01417322834645669272, 0.06299212598425196763 ) ) ;
#3091 = PLANE ( 'NONE',  #1464 ) ;
#3092 = FACE_OUTER_BOUND ( 'NONE', #862, .T. ) ;
#3093 = FACE_OUTER_BOUND ( 'NONE', #1637, .T. ) ;
#3094 = CARTESIAN_POINT ( 'NONE',  ( -0.05511811023622047168, -0.01417322834645669272, 0.04527559055118110520 ) ) ;
#3095 = DIRECTION ( 'NONE',  ( -0.7071067811865474617, 0.000000000000000000, 0.7071067811865474617 ) ) ;
#3096 = FILL_AREA_STYLE ('',( #2552 ) ) ;
#3097 = DIRECTION ( 'NONE',  ( 0.000000000000000000, 0.000000000000000000, -1.000000000000000000 ) ) ;
#3098 = EDGE_CURVE ( 'NONE', #47, #3650, #3736, .T. ) ;
#3099 = ADVANCED_FACE ( 'NONE', ( #2539 ), #1129, .F. ) ;
#3100 = ORIENTED_EDGE ( 'NONE', *, *, #1452, .T. ) ;
#3101 = DIRECTION ( 'NONE',  ( -1.000000000000000000, 0.000000000000000000, 0.000000000000000000 ) ) ;
#3102 = EDGE_CURVE ( 'NONE', #2654, #405, #3699, .T. ) ;
#3103 = DIRECTION ( 'NONE',  ( 0.000000000000000000, 0.000000000000000000, 1.000000000000000000 ) ) ;
#3104 = ORIENTED_EDGE ( 'NONE', *, *, #1856, .T. ) ;
#3105 = FACE_OUTER_BOUND ( 'NONE', #1077, .T. ) ;
#3106 = EDGE_CURVE ( 'NONE', #3395, #1895, #3714, .T. ) ;
#3107 = CARTESIAN_POINT ( 'NONE',  ( 0.02559055118110236879, -0.01456692913385826751, -0.06496062992125983815 ) ) ;
#3108 = VECTOR ( 'NONE', #3212, 39.37007874015748143 ) ;
#3109 = ORIENTED_EDGE ( 'NONE', *, *, #2228, .T. ) ;
#3110 = FACE_OUTER_BOUND ( 'NONE', #3284, .T. ) ;
#3111 = LINE ( 'NONE', #1939, #1109 ) ;
#3112 = CARTESIAN_POINT ( 'NONE',  ( -0.04133858267716536417, -0.01417322834645669272, -0.04133858267716537110 ) ) ;
#3113 = LINE ( 'NONE', #3450, #1710 ) ;
#3114 = ORIENTED_EDGE ( 'NONE', *, *, #3129, .T. ) ;
#3115 = LINE ( 'NONE', #1966, #981 ) ;
#3116 = SURFACE_STYLE_USAGE ( .BOTH. , #1985 ) ;
#3117 = LINE ( 'NONE', #3391, #2564 ) ;
#3118 = ORIENTED_EDGE ( 'NONE', *, *, #2786, .F. ) ;
#3119 = DIRECTION ( 'NONE',  ( 1.000000000000000000, 0.000000000000000000, 0.000000000000000000 ) ) ;
#3120 = DIRECTION ( 'NONE',  ( 1.000000000000000000, 0.000000000000000000, 0.000000000000000000 ) ) ;
#3121 = DIRECTION ( 'NONE',  ( 0.000000000000000000, 0.000000000000000000, 1.000000000000000000 ) ) ;
#3122 = DIRECTION ( 'NONE',  ( 0.000000000000000000, 0.000000000000000000, 1.000000000000000000 ) ) ;
#3123 = VECTOR ( 'NONE', #2177, 39.37007874015748143 ) ;
#3124 = ORIENTED_EDGE ( 'NONE', *, *, #2721, .F. ) ;
#3125 = DIRECTION ( 'NONE',  ( 0.000000000000000000, 0.000000000000000000, -1.000000000000000000 ) ) ;
#3126 = VECTOR ( 'NONE', #445, 39.37007874015748143 ) ;
#3127 = EDGE_CURVE ( 'NONE', #1174, #2707, #524, .T. ) ;
#3128 = AXIS2_PLACEMENT_3D ( 'NONE', #2000, #2651, #3522 ) ;
#3129 = EDGE_CURVE ( 'NONE', #1662, #3464, #2558, .T. ) ;
#3130 = FACE_OUTER_BOUND ( 'NONE', #503, .T. ) ;
#3131 = PLANE ( 'NONE',  #1043 ) ;
#3132 = DIRECTION ( 'NONE',  ( 0.000000000000000000, 0.000000000000000000, -1.000000000000000000 ) ) ;
#3133 = VECTOR ( 'NONE', #3139, 39.37007874015748143 ) ;
#3134 = AXIS2_PLACEMENT_3D ( 'NONE', #3164, #237, #1701 ) ;
#3135 = AXIS2_PLACEMENT_3D ( 'NONE', #773, #485, #195 ) ;
#3136 = ORIENTED_EDGE ( 'NONE', *, *, #1178, .F. ) ;
#3137 = CARTESIAN_POINT ( 'NONE',  ( 0.000000000000000000, -0.01456692913385826751, -0.07874015748031495954 ) ) ;
#3138 = ORIENTED_EDGE ( 'NONE', *, *, #2182, .F. ) ;
#3139 = DIRECTION ( 'NONE',  ( 0.000000000000000000, -1.000000000000000000, 0.000000000000000000 ) ) ;
#3140 = LINE ( 'NONE', #788, #421 ) ;
#3141 = ORIENTED_EDGE ( 'NONE', *, *, #2307, .F. ) ;
#3142 = FACE_OUTER_BOUND ( 'NONE', #3151, .T. ) ;
#3143 = FACE_BOUND ( 'NONE', #994, .T. ) ;
#3144 = EDGE_LOOP ( 'NONE', ( #1626, #1934, #525, #687 ) ) ;
#3145 = FACE_BOUND ( 'NONE', #2280, .T. ) ;
#3146 = EDGE_CURVE ( 'NONE', #1852, #1137, #795, .T. ) ;
#3147 = DIRECTION ( 'NONE',  ( 1.000000000000000000, 0.000000000000000000, 0.000000000000000000 ) ) ;
#3148 = ADVANCED_FACE ( 'NONE', ( #1112, #256, #1699, #1971, #1640, #3143, #2279, #1678, #1933, #2221 ), #234, .F. ) ;
#3149 = VERTEX_POINT ( 'NONE', #3762 ) ;
#3150 = EDGE_CURVE ( 'NONE', #932, #2604, #2806, .T. ) ;
#3151 = EDGE_LOOP ( 'NONE', ( #198, #3383, #3073, #510 ) ) ;
#3152 = APPLICATION_PROTOCOL_DEFINITION ( 'draft international standard', 'automotive_design', 1998, #1425 ) ;
#3153 = ORIENTED_EDGE ( 'NONE', *, *, #718, .F. ) ;
#3154 = LINE ( 'NONE', #515, #3061 ) ;
#3155 = LINE ( 'NONE', #884, #295 ) ;
#3156 = DIRECTION ( 'NONE',  ( 0.7071067811865475727, 0.000000000000000000, 0.7071067811865475727 ) ) ;
#3157 =( LENGTH_UNIT ( ) NAMED_UNIT ( * ) SI_UNIT ( $, .METRE. ) );
#3158 = LINE ( 'NONE', #520, #916 ) ;
#3159 = ORIENTED_EDGE ( 'NONE', *, *, #718, .T. ) ;
#3160 = DIRECTION ( 'NONE',  ( 0.000000000000000000, 0.000000000000000000, 1.000000000000000000 ) ) ;
#3161 = PLANE ( 'NONE',  #2325 ) ;
#3162 = DIRECTION ( 'NONE',  ( 0.000000000000000000, 1.000000000000000000, 0.000000000000000000 ) ) ;
#3163 = ORIENTED_EDGE ( 'NONE', *, *, #2863, .T. ) ;
#3164 = CARTESIAN_POINT ( 'NONE',  ( 0.000000000000000000, 0.02480314960629921572, 0.000000000000000000 ) ) ;
#3165 = DIRECTION ( 'NONE',  ( 0.000000000000000000, 0.000000000000000000, 1.000000000000000000 ) ) ;
#3166 = CARTESIAN_POINT ( 'NONE',  ( 0.04724409448818897572, 0.03070866141732283769, 0.000000000000000000 ) ) ;
#3167 = ORIENTED_EDGE ( 'NONE', *, *, #1007, .F. ) ;
#3168 = VECTOR ( 'NONE', #2352, 39.37007874015748143 ) ;
#3169 = EDGE_CURVE ( 'NONE', #3247, #1662, #544, .T. ) ;
#3170 = ORIENTED_EDGE ( 'NONE', *, *, #2929, .F. ) ;
#3171 = EDGE_LOOP ( 'NONE', ( #2111, #3311, #3528, #3386 ) ) ;
#3172 = DIRECTION ( 'NONE',  ( -1.000000000000000000, 0.000000000000000000, 0.000000000000000000 ) ) ;
#3173 = LINE ( 'NONE', #284, #2444 ) ;
#3174 = EDGE_CURVE ( 'NONE', #319, #3491, #2005, .T. ) ;
#3175 = EDGE_CURVE ( 'NONE', #826, #3210, #2889, .T. ) ;
#3176 = LINE ( 'NONE', #3255, #793 ) ;
#3177 = ORIENTED_EDGE ( 'NONE', *, *, #3294, .F. ) ;
#3178 = DIRECTION ( 'NONE',  ( 0.000000000000000000, 0.000000000000000000, 1.000000000000000000 ) ) ;
#3179 = EDGE_CURVE ( 'NONE', #3021, #3181, #1052, .T. ) ;
#3180 = CARTESIAN_POINT ( 'NONE',  ( 0.02559055118110236879, -0.01437007874015748012, 0.007874015748031495954 ) ) ;
#3181 = VERTEX_POINT ( 'NONE', #754 ) ;
#3182 = DIRECTION ( 'NONE',  ( 1.000000000000000000, 0.000000000000000000, 0.000000000000000000 ) ) ;
#3183 = VECTOR ( 'NONE', #2805, 39.37007874015748143 ) ;
#3184 = ORIENTED_EDGE ( 'NONE', *, *, #2182, .T. ) ;
#3185 = DIRECTION ( 'NONE',  ( 0.000000000000000000, 1.000000000000000000, 0.000000000000000000 ) ) ;
#3186 =( CONVERSION_BASED_UNIT ( 'INCH', #820 ) LENGTH_UNIT ( ) NAMED_UNIT ( #1530 ) );
#3187 = ORIENTED_EDGE ( 'NONE', *, *, #3666, .F. ) ;
#3188 =( GEOMETRIC_REPRESENTATION_CONTEXT ( 3 ) GLOBAL_UNCERTAINTY_ASSIGNED_CONTEXT ( ( #2129 ) ) GLOBAL_UNIT_ASSIGNED_CONTEXT ( ( #1882, #95, #2433 ) ) REPRESENTATION_CONTEXT ( 'NONE', 'WORKASPACE' ) );
#3189 = VECTOR ( 'NONE', #1846, 39.37007874015748143 ) ;
#3190 = EDGE_LOOP ( 'NONE', ( #882, #3689, #860, #803 ) ) ;
#3191 = AXIS2_PLACEMENT_3D ( 'NONE', #2525, #3417, #3441 ) ;
#3192 = VECTOR ( 'NONE', #3442, 39.37007874015748143 ) ;
#3193 = VERTEX_POINT ( 'NONE', #465 ) ;
#3194 = DIRECTION ( 'NONE',  ( -1.000000000000000000, 0.000000000000000000, 0.000000000000000000 ) ) ;
#3195 = ADVANCED_FACE ( 'NONE', ( #1071 ), #3411, .T. ) ;
#3196 = VECTOR ( 'NONE', #102, 39.37007874015748143 ) ;
#3197 = VECTOR ( 'NONE', #411, 39.37007874015748143 ) ;
#3198 = CARTESIAN_POINT ( 'NONE',  ( -0.01673228346456692717, -0.01456692913385826751, 0.007874015748031495954 ) ) ;
#3199 = CARTESIAN_POINT ( 'NONE',  ( 0.02559055118110236879, -0.01417322834645669272, -0.07480314960629921850 ) ) ;
#3200 = ORIENTED_EDGE ( 'NONE', *, *, #1297, .F. ) ;
#3201 = CARTESIAN_POINT ( 'NONE',  ( 0.000000000000000000, -0.01456692913385826751, -0.06102362204724411099 ) ) ;
#3202 = DIRECTION ( 'NONE',  ( 0.000000000000000000, 0.000000000000000000, 1.000000000000000000 ) ) ;
#3203 = EDGE_LOOP ( 'NONE', ( #1438, #651, #1557, #1875 ) ) ;
#3204 = DIRECTION ( 'NONE',  ( 0.000000000000000000, 1.000000000000000000, 0.000000000000000000 ) ) ;
#3205 = CARTESIAN_POINT ( 'NONE',  ( 0.007874015748031495954, -0.01417322834645669272, -0.007874015748031495954 ) ) ;
#3206 = AXIS2_PLACEMENT_3D ( 'NONE', #3483, #1712, #2362 ) ;
#3207 = FILL_AREA_STYLE_COLOUR ( '', #2085 ) ;
#3208 = ORIENTED_EDGE ( 'NONE', *, *, #697, .F. ) ;
#3209 = ORIENTED_EDGE ( 'NONE', *, *, #259, .T. ) ;
#3210 = VERTEX_POINT ( 'NONE', #1737 ) ;
#3211 = CARTESIAN_POINT ( 'NONE',  ( 0.04822834645669291098, -0.01456692913385826751, 0.06791338582677165780 ) ) ;
#3212 = DIRECTION ( 'NONE',  ( 1.000000000000000000, 0.000000000000000000, 0.000000000000000000 ) ) ;
#3213 = CARTESIAN_POINT ( 'NONE',  ( -0.03346456692913385433, 0.03070866141732283769, 0.06692913385826770867 ) ) ;
#3214 = CARTESIAN_POINT ( 'NONE',  ( -0.01673228346456692717, -0.01456692913385826751, 0.02657480314960630058 ) ) ;
#3215 = EDGE_LOOP ( 'NONE', ( #1539, #1447, #3044, #29 ) ) ;
#3216 = PLANE ( 'NONE',  #973 ) ;
#3217 = EDGE_CURVE ( 'NONE', #663, #1901, #564, .T. ) ;
#3218 = EDGE_CURVE ( 'NONE', #2789, #1098, #580, .T. ) ;
#3219 = CARTESIAN_POINT ( 'NONE',  ( 0.02559055118110236879, -0.01456692913385826751, 0.000000000000000000 ) ) ;
#3220 = ORIENTED_EDGE ( 'NONE', *, *, #602, .T. ) ;
#3221 = CARTESIAN_POINT ( 'NONE',  ( 0.05019685039370078150, -0.01437007874015748012, 0.04527559055118110520 ) ) ;
#3222 = EDGE_CURVE ( 'NONE', #3647, #1380, #2821, .T. ) ;
#3223 = LINE ( 'NONE', #67, #3070 ) ;
#3224 = EDGE_CURVE ( 'NONE', #565, #2974, #3511, .T. ) ;
#3225 =( NAMED_UNIT ( * ) SI_UNIT ( $, .STERADIAN. ) SOLID_ANGLE_UNIT ( ) );
#3226 = EDGE_LOOP ( 'NONE', ( #1053, #3702 ) ) ;
#3227 = VERTEX_POINT ( 'NONE', #3545 ) ;
#3228 = FACE_OUTER_BOUND ( 'NONE', #3763, .T. ) ;
#3229 = ORIENTED_EDGE ( 'NONE', *, *, #2434, .F. ) ;
#3230 = FACE_OUTER_BOUND ( 'NONE', #1952, .T. ) ;
#3231 = AXIS2_PLACEMENT_3D ( 'NONE', #3237, #875, #931 ) ;
#3232 = CYLINDRICAL_SURFACE ( 'NONE', #3206, 0.01377952755905511965 ) ;
#3233 = LINE ( 'NONE', #2941, #605 ) ;
#3234 = LINE ( 'NONE', #2383, #482 ) ;
#3235 = ORIENTED_EDGE ( 'NONE', *, *, #913, .T. ) ;
#3236 = CARTESIAN_POINT ( 'NONE',  ( -0.01673228346456692717, -0.01417322834645669272, -0.04527559055118110520 ) ) ;
#3237 = CARTESIAN_POINT ( 'NONE',  ( 0.000000000000000000, 0.005118110236220473237, 0.07874015748031495954 ) ) ;
#3238 = ORIENTED_EDGE ( 'NONE', *, *, #2041, .T. ) ;
#3239 = CARTESIAN_POINT ( 'NONE',  ( 0.02165354330708661734, -0.01417322834645669272, 0.04527559055118110520 ) ) ;
#3240 = ADVANCED_FACE ( 'NONE', ( #621 ), #1772, .F. ) ;
#3241 = DIRECTION ( 'NONE',  ( 0.000000000000000000, 0.000000000000000000, 1.000000000000000000 ) ) ;
#3242 =( CONVERSION_BASED_UNIT ( 'INCH', #3283 ) LENGTH_UNIT ( ) NAMED_UNIT ( #1824 ) );
#3243 = ORIENTED_EDGE ( 'NONE', *, *, #2960, .F. ) ;
#3244 = EDGE_CURVE ( 'NONE', #990, #2053, #1795, .T. ) ;
#3245 = ORIENTED_EDGE ( 'NONE', *, *, #3338, .T. ) ;
#3246 = DIRECTION ( 'NONE',  ( 0.7071067811865475727, 0.000000000000000000, 0.7071067811865475727 ) ) ;
#3247 = VERTEX_POINT ( 'NONE', #38 ) ;
#3248 = LINE ( 'NONE', #3327, #3189 ) ;
#3250 = CARTESIAN_POINT ( 'NONE',  ( -0.04133858267716536417, -0.01437007874015748012, 0.04133858267716536417 ) ) ;
#3249 = VECTOR ( 'NONE', #3813, 39.37007874015748143 ) ;
#3251 = VECTOR ( 'NONE', #1967, 39.37007874015748854 ) ;
#3252 = CIRCLE ( 'NONE', #1288, 0.01377952755905511965 ) ;
#3253 = VECTOR ( 'NONE', #1647, 39.37007874015748143 ) ;
#3254 = CARTESIAN_POINT ( 'NONE',  ( 0.02559055118110236879, -0.01417322834645669272, -0.06988188976377952832 ) ) ;
#3255 = CARTESIAN_POINT ( 'NONE',  ( 0.01771653543307086937, 0.02480314960629921572, 0.06692913385826770867 ) ) ;
#3256 = ORIENTED_EDGE ( 'NONE', *, *, #180, .T. ) ;
#3257 = CARTESIAN_POINT ( 'NONE',  ( 0.05905511811023622659, 0.005118110236220473237, 0.07874015748031495954 ) ) ;
#3258 = AXIS2_PLACEMENT_3D ( 'NONE', #3492, #2584, #1134 ) ;
#3259 = AXIS2_PLACEMENT_3D ( 'NONE', #395, #379, #971 ) ;
#3260 = AXIS2_PLACEMENT_3D ( 'NONE', #2498, #3298, #698 ) ;
#3261 = LINE ( 'NONE', #638, #3293 ) ;
#3262 = ORIENTED_EDGE ( 'NONE', *, *, #209, .F. ) ;
#3263 = DIRECTION ( 'NONE',  ( 1.000000000000000000, 0.000000000000000000, 0.000000000000000000 ) ) ;
#3264 = FACE_OUTER_BOUND ( 'NONE', #2131, .T. ) ;
#3265 = EDGE_CURVE ( 'NONE', #2967, #3068, #2921, .T. ) ;
#3266 = ORIENTED_EDGE ( 'NONE', *, *, #2551, .T. ) ;
#3267 = ORIENTED_EDGE ( 'NONE', *, *, #1409, .T. ) ;
#3268 = DIRECTION ( 'NONE',  ( 0.000000000000000000, 0.000000000000000000, -1.000000000000000000 ) ) ;
#3269 = EDGE_CURVE ( 'NONE', #577, #552, #528, .T. ) ;
#3270 = ADVANCED_FACE ( 'NONE', ( #1187 ), #1223, .T. ) ;
#3271 = VERTEX_POINT ( 'NONE', #2907 ) ;
#3272 = DIRECTION ( 'NONE',  ( 0.000000000000000000, 0.000000000000000000, 1.000000000000000000 ) ) ;
#3273 = EDGE_CURVE ( 'NONE', #668, #565, #3793, .T. ) ;
#3274 = CARTESIAN_POINT ( 'NONE',  ( 0.007874015748031495954, -0.01437007874015748012, -0.007874015748031495954 ) ) ;
#3275 = LINE ( 'NONE', #58, #2878 ) ;
#3276 = CARTESIAN_POINT ( 'NONE',  ( -0.02559055118110236879, -0.01456692913385826751, 0.000000000000000000 ) ) ;
#3277 = ORIENTED_EDGE ( 'NONE', *, *, #1894, .F. ) ;
#3278 = DIRECTION ( 'NONE',  ( 0.000000000000000000, -1.000000000000000000, 0.000000000000000000 ) ) ;
#3279 = CARTESIAN_POINT ( 'NONE',  ( 0.000000000000000000, -0.01417322834645669272, -0.06102362204724411099 ) ) ;
#3280 = ORIENTED_EDGE ( 'NONE', *, *, #800, .T. ) ;
#3281 = CARTESIAN_POINT ( 'NONE',  ( 0.007874015748031495954, -0.01437007874015748012, 0.007874015748031495954 ) ) ;
#3282 = CARTESIAN_POINT ( 'NONE',  ( -0.02559055118110236879, -0.01437007874015748012, 0.07480314960629921850 ) ) ;
#3283 = LENGTH_MEASURE_WITH_UNIT ( LENGTH_MEASURE( 0.02539999999999999897 ), #2341 );
#3284 = EDGE_LOOP ( 'NONE', ( #977, #3267, #1004, #1001 ) ) ;
#3285 = ORIENTED_EDGE ( 'NONE', *, *, #3621, .F. ) ;
#3286 = LINE ( 'NONE', #72, #2818 ) ;
#3287 = ORIENTED_EDGE ( 'NONE', *, *, #296, .F. ) ;
#3288 = LINE ( 'NONE', #1567, #857 ) ;
#3289 = CARTESIAN_POINT ( 'NONE',  ( 0.03346456692913385433, 0.02480314960629921572, -0.06692913385826770867 ) ) ;
#3290 = DIRECTION ( 'NONE',  ( 0.000000000000000000, -1.000000000000000000, 0.000000000000000000 ) ) ;
#3291 = ORIENTED_EDGE ( 'NONE', *, *, #1617, .F. ) ;
#3292 = CARTESIAN_POINT ( 'NONE',  ( 0.000000000000000000, 0.02440944881889763746, -0.01692913385826772671 ) ) ;
#3293 = VECTOR ( 'NONE', #2029, 39.37007874015748143 ) ;
#3294 = EDGE_CURVE ( 'NONE', #1743, #1175, #1485, .T. ) ;
#3295 = DIRECTION ( 'NONE',  ( -0.000000000000000000, -1.000000000000000000, -0.000000000000000000 ) ) ;
#3296 = VERTEX_POINT ( 'NONE', #2657 ) ;
#3297 = LINE ( 'NONE', #1558, #1649 ) ;
#3298 = DIRECTION ( 'NONE',  ( 0.000000000000000000, 1.000000000000000000, 0.000000000000000000 ) ) ;
#3299 =( NAMED_UNIT ( * ) PLANE_ANGLE_UNIT ( ) SI_UNIT ( $, .RADIAN. ) );
#3300 = ORIENTED_EDGE ( 'NONE', *, *, #353, .T. ) ;
#3301 = LINE ( 'NONE', #2723, #1466 ) ;
#3302 = ORIENTED_EDGE ( 'NONE', *, *, #1936, .F. ) ;
#3303 = FACE_OUTER_BOUND ( 'NONE', #1069, .T. ) ;
#3304 = EDGE_LOOP ( 'NONE', ( #358, #1041, #1548, #2285 ) ) ;
#3305 = DIRECTION ( 'NONE',  ( 0.000000000000000000, 0.000000000000000000, 1.000000000000000000 ) ) ;
#3306 = VECTOR ( 'NONE', #2405, 39.37007874015748143 ) ;
#3307 = CARTESIAN_POINT ( 'NONE',  ( -0.02559055118110236879, -0.01456692913385826751, -0.06496062992125983815 ) ) ;
#3308 = AXIS2_PLACEMENT_3D ( 'NONE', #1669, #185, #200 ) ;
#3309 = EDGE_CURVE ( 'NONE', #901, #2827, #2313, .T. ) ;
#3310 = CARTESIAN_POINT ( 'NONE',  ( 0.02165354330708661734, -0.01417322834645669272, 0.04527559055118110520 ) ) ;
#3311 = ORIENTED_EDGE ( 'NONE', *, *, #2414, .F. ) ;
#3312 = DIRECTION ( 'NONE',  ( 0.000000000000000000, 0.000000000000000000, -1.000000000000000000 ) ) ;
#3313 = VECTOR ( 'NONE', #1412, 39.37007874015748143 ) ;
#3314 =( GEOMETRIC_REPRESENTATION_CONTEXT ( 3 ) GLOBAL_UNCERTAINTY_ASSIGNED_CONTEXT ( ( #2208 ) ) GLOBAL_UNIT_ASSIGNED_CONTEXT ( ( #2851, #569, #1094 ) ) REPRESENTATION_CONTEXT ( 'NONE', 'WORKASPACE' ) );
#3315 = CARTESIAN_POINT ( 'NONE',  ( 0.02559055118110236879, -0.01437007874015748012, 0.04133858267716536417 ) ) ;
#3316 = VECTOR ( 'NONE', #2239, 39.37007874015748143 ) ;
#3317 = VERTEX_POINT ( 'NONE', #892 ) ;
#3318 = CARTESIAN_POINT ( 'NONE',  ( 0.000000000000000000, -0.01456692913385826751, 0.04527559055118110520 ) ) ;
#3319 = VECTOR ( 'NONE', #3641, 39.37007874015748143 ) ;
#3320 = VECTOR ( 'NONE', #1028, 39.37007874015748143 ) ;
#3321 = LINE ( 'NONE', #661, #614 ) ;
#3322 = CARTESIAN_POINT ( 'NONE',  ( 0.02165354330708751940, -0.01417322834645669272, 0.06102362204724319505 ) ) ;
#3323 = VERTEX_POINT ( 'NONE', #2044 ) ;
#3324 = ORIENTED_EDGE ( 'NONE', *, *, #3403, .F. ) ;
#3325 = CARTESIAN_POINT ( 'NONE',  ( -0.04133858267716536417, -0.01437007874015748012, -0.04133858267716536417 ) ) ;
#3326 = ORIENTED_EDGE ( 'NONE', *, *, #2888, .F. ) ;
#3327 = CARTESIAN_POINT ( 'NONE',  ( -0.02559055118110236879, -0.01417322834645669272, 0.06988188976377952832 ) ) ;
#3328 = LINE ( 'NONE', #3274, #1854 ) ;
#3329 = VECTOR ( 'NONE', #2902, 39.37007874015748143 ) ;
#3330 = EDGE_LOOP ( 'NONE', ( #2767, #2265, #2705, #2953 ) ) ;
#3331 = DIRECTION ( 'NONE',  ( 1.000000000000000000, 0.000000000000000000, 0.000000000000000000 ) ) ;
#3332 = VERTEX_POINT ( 'NONE', #1203 ) ;
#3333 = LINE ( 'NONE', #3318, #235 ) ;
#3334 = ADVANCED_FACE ( 'NONE', ( #2061 ), #20, .F. ) ;
#3335 = EDGE_CURVE ( 'NONE', #3247, #3603, #594, .T. ) ;
#3336 = DIRECTION ( 'NONE',  ( 0.000000000000000000, 0.000000000000000000, 1.000000000000000000 ) ) ;
#3337 = DIRECTION ( 'NONE',  ( 0.7071067811865475727, 0.000000000000000000, -0.7071067811865475727 ) ) ;
#3338 = EDGE_CURVE ( 'NONE', #264, #990, #3261, .T. ) ;
#3339 = VERTEX_POINT ( 'NONE', #2368 ) ;
#3340 = ADVANCED_FACE ( 'NONE', ( #910 ), #2081, .F. ) ;
#3341 = ORIENTED_EDGE ( 'NONE', *, *, #2178, .T. ) ;
#3342 = DIRECTION ( 'NONE',  ( 0.7071067811865483499, 0.000000000000000000, 0.7071067811865467956 ) ) ;
#3343 = DIRECTION ( 'NONE',  ( 0.000000000000000000, 1.000000000000000000, 0.000000000000000000 ) ) ;
#3344 = PLANE ( 'NONE',  #3308 ) ;
#3345 = EDGE_CURVE ( 'NONE', #2124, #3227, #2463, .T. ) ;
#3346 = CARTESIAN_POINT ( 'NONE',  ( -0.02559055118110236879, -0.01456692913385826751, -0.06496062992125983815 ) ) ;
#3347 = ORIENTED_EDGE ( 'NONE', *, *, #1718, .F. ) ;
#3348 = CARTESIAN_POINT ( 'NONE',  ( 0.007874015748031495954, -0.01456692913385826751, 0.007874015748031495954 ) ) ;
#3349 = ORIENTED_EDGE ( 'NONE', *, *, #3461, .F. ) ;
#3350 = DIRECTION ( 'NONE',  ( 0.000000000000000000, 0.000000000000000000, -1.000000000000000000 ) ) ;
#3351 = FACE_OUTER_BOUND ( 'NONE', #2095, .T. ) ;
#3352 = MECHANICAL_DESIGN_GEOMETRIC_PRESENTATION_REPRESENTATION (  '', ( #898 ), #3042 ) ;
#3353 = DIRECTION ( 'NONE',  ( 0.000000000000000000, 0.000000000000000000, 1.000000000000000000 ) ) ;
#3354 = ORIENTED_EDGE ( 'NONE', *, *, #3265, .F. ) ;
#3355 = CARTESIAN_POINT ( 'NONE',  ( 0.02165354330708661734, -0.01437007874015748012, 0.04527559055118111214 ) ) ;
#3356 = DIRECTION ( 'NONE',  ( 0.000000000000000000, 0.000000000000000000, -1.000000000000000000 ) ) ;
#3357 = EDGE_CURVE ( 'NONE', #3317, #1753, #2194, .T. ) ;
#3358 = UNCERTAINTY_MEASURE_WITH_UNIT (LENGTH_MEASURE( 1.000000000000000082E-05 ), #368, 'distance_accuracy_value', 'NONE');
#3359 = DIRECTION ( 'NONE',  ( 1.000000000000000000, 0.000000000000000000, 0.000000000000000000 ) ) ;
#3360 = CARTESIAN_POINT ( 'NONE',  ( 0.02559055118110236879, -0.01417322834645669272, 0.06988188976377952832 ) ) ;
#3361 = ORIENTED_EDGE ( 'NONE', *, *, #941, .F. ) ;
#3362 = CARTESIAN_POINT ( 'NONE',  ( 0.02559055118110236879, -0.01456692913385826751, 0.000000000000000000 ) ) ;
#3363 = AXIS2_PLACEMENT_3D ( 'NONE', #2102, #619, #36 ) ;
#3364 = DIRECTION ( 'NONE',  ( 0.000000000000000000, -1.000000000000000000, 0.000000000000000000 ) ) ;
#3365 = CARTESIAN_POINT ( 'NONE',  ( 0.000000000000000000, 0.02440944881889763746, -0.02578740157480315792 ) ) ;
#3366 = CARTESIAN_POINT ( 'NONE',  ( -0.05019685039370078150, -0.01417322834645669272, -0.04527559055118110520 ) ) ;
#3367 = VERTEX_POINT ( 'NONE', #3365 ) ;
#3368 = DIRECTION ( 'NONE',  ( 0.000000000000000000, 0.000000000000000000, 1.000000000000000000 ) ) ;
#3369 = AXIS2_PLACEMENT_3D ( 'NONE', #3422, #781, #498 ) ;
#3370 = AXIS2_PLACEMENT_3D ( 'NONE', #2826, #1371, #2536 ) ;
#3371 = AXIS2_PLACEMENT_3D ( 'NONE', #576, #1749, #2652 ) ;
#3372 = PLANE ( 'NONE',  #1596 ) ;
#3373 = MANIFOLD_SOLID_BREP ( 'solid-1', #1643 ) ;
#3374 = DIRECTION ( 'NONE',  ( 0.000000000000000000, 0.000000000000000000, -1.000000000000000000 ) ) ;
#3375 = AXIS2_PLACEMENT_3D ( 'NONE', #2052, #667, #2931 ) ;
#3376 = VECTOR ( 'NONE', #1264, 39.37007874015748143 ) ;
#3377 = EDGE_LOOP ( 'NONE', ( #3163, #283, #1845, #2109 ) ) ;
#3378 = DIRECTION ( 'NONE',  ( -0.000000000000000000, -1.000000000000000000, -0.000000000000000000 ) ) ;
#3379 = CARTESIAN_POINT ( 'NONE',  ( 0.000000000000000000, 0.02480314960629921572, 0.07874015748031495954 ) ) ;
#3380 = CARTESIAN_POINT ( 'NONE',  ( -0.02559055118110236879, -0.01437007874015748012, -0.04527559055118110520 ) ) ;
#3381 = EDGE_CURVE ( 'NONE', #1207, #3181, #1885, .T. ) ;
#3382 = EDGE_CURVE ( 'NONE', #581, #908, #694, .T. ) ;
#3383 = ORIENTED_EDGE ( 'NONE', *, *, #2605, .F. ) ;
#3384 = CARTESIAN_POINT ( 'NONE',  ( 0.01673228346456692717, -0.01417322834645669272, -0.02657480314960630058 ) ) ;
#3385 = CARTESIAN_POINT ( 'NONE',  ( 0.02559055118110236879, -0.01417322834645669272, -0.06988188976377952832 ) ) ;
#3386 = ORIENTED_EDGE ( 'NONE', *, *, #2327, .F. ) ;
#3387 = EDGE_CURVE ( 'NONE', #270, #932, #427, .T. ) ;
#3388 = CARTESIAN_POINT ( 'NONE',  ( 0.05511811023622047168, -0.01417322834645669272, 0.04527559055118110520 ) ) ;
#3389 = VECTOR ( 'NONE', #2746, 39.37007874015748143 ) ;
#3390 = EDGE_CURVE ( 'NONE', #2169, #581, #1598, .T. ) ;
#3391 = CARTESIAN_POINT ( 'NONE',  ( -0.04527559055118110520, -0.01437007874015748012, -0.04527559055118110520 ) ) ;
#3392 = ORIENTED_EDGE ( 'NONE', *, *, #632, .T. ) ;
#3393 = LINE ( 'NONE', #1930, #2563 ) ;
#3394 = CARTESIAN_POINT ( 'NONE',  ( -0.04822834645669292486, -0.01456692913385826751, 0.04527559055118110520 ) ) ;
#3395 = VERTEX_POINT ( 'NONE', #679 ) ;
#3396 = DIRECTION ( 'NONE',  ( 1.000000000000000000, 0.000000000000000000, 0.000000000000000000 ) ) ;
#3397 = ORIENTED_EDGE ( 'NONE', *, *, #2047, .T. ) ;
#3398 = PLANE ( 'NONE',  #922 ) ;
#3399 = LINE ( 'NONE', #1516, #1414 ) ;
#3400 = LINE ( 'NONE', #2817, #363 ) ;
#3401 = FACE_OUTER_BOUND ( 'NONE', #2980, .T. ) ;
#3402 = ORIENTED_EDGE ( 'NONE', *, *, #1568, .T. ) ;
#3403 = EDGE_CURVE ( 'NONE', #533, #2400, #1556, .T. ) ;
#3404 = CARTESIAN_POINT ( 'NONE',  ( 0.02559055118110236879, -0.01437007874015748012, 0.04133858267716536417 ) ) ;
#3405 = EDGE_CURVE ( 'NONE', #243, #1822, #1851, .T. ) ;
#3406 = DIRECTION ( 'NONE',  ( -1.000000000000000000, 0.000000000000000000, 0.000000000000000000 ) ) ;
#3407 = ORIENTED_EDGE ( 'NONE', *, *, #1639, .T. ) ;
#3408 = FACE_OUTER_BOUND ( 'NONE', #571, .T. ) ;
#3409 = DIRECTION ( 'NONE',  ( 0.000000000000000000, 0.000000000000000000, -1.000000000000000000 ) ) ;
#3410 = EDGE_CURVE ( 'NONE', #207, #2124, #1311, .T. ) ;
#3411 = PLANE ( 'NONE',  #3135 ) ;
#3413 = MANIFOLD_SOLID_BREP ( 'Cut-Extrude1', #2252 ) ;
#3412 = ORIENTED_EDGE ( 'NONE', *, *, #1340, .T. ) ;
#3414 = DIRECTION ( 'NONE',  ( 0.000000000000000000, 1.000000000000000000, 0.000000000000000000 ) ) ;
#3415 = CARTESIAN_POINT ( 'NONE',  ( -0.02559055118110236879, -0.01456692913385826751, -0.02657480314960630058 ) ) ;
#3416 = EDGE_LOOP ( 'NONE', ( #225, #1245, #3177, #2097 ) ) ;
#3417 = DIRECTION ( 'NONE',  ( 0.000000000000000000, 0.000000000000000000, 1.000000000000000000 ) ) ;
#3418 = PRESENTATION_STYLE_ASSIGNMENT (( #3704 ) ) ;
#3419 = PLANE ( 'NONE',  #1771 ) ;
#3420 = ORIENTED_EDGE ( 'NONE', *, *, #772, .F. ) ;
#3421 = CARTESIAN_POINT ( 'NONE',  ( 0.000000000000000000, 0.000000000000000000, 0.000000000000000000 ) ) ;
#3422 = CARTESIAN_POINT ( 'NONE',  ( 0.02362204724409448786, -0.01437007874015748012, -0.06299212598425196763 ) ) ;
#3423 = DIRECTION ( 'NONE',  ( 0.000000000000000000, 1.000000000000000000, 0.000000000000000000 ) ) ;
#3424 = MANIFOLD_SOLID_BREP ( 'solid-4', #3792 ) ;
#3425 = PLANE ( 'NONE',  #2945 ) ;
#3426 = EDGE_CURVE ( 'NONE', #3052, #107, #950, .T. ) ;
#3427 =( NAMED_UNIT ( * ) PLANE_ANGLE_UNIT ( ) SI_UNIT ( $, .RADIAN. ) );
#3428 = DIRECTION ( 'NONE',  ( 0.000000000000000000, 0.000000000000000000, -1.000000000000000000 ) ) ;
#3429 = ORIENTED_EDGE ( 'NONE', *, *, #2792, .F. ) ;
#3430 = DIRECTION ( 'NONE',  ( -0.000000000000000000, -1.000000000000000000, -0.000000000000000000 ) ) ;
#3431 = AXIS2_PLACEMENT_3D ( 'NONE', #1123, #1197, #227 ) ;
#3432 = DIRECTION ( 'NONE',  ( -1.000000000000000000, 0.000000000000000000, 0.000000000000000000 ) ) ;
#3433 = VECTOR ( 'NONE', #3430, 39.37007874015748143 ) ;
#3434 = ORIENTED_EDGE ( 'NONE', *, *, #3026, .T. ) ;
#3435 = LINE ( 'NONE', #3458, #1417 ) ;
#3436 = AXIS2_PLACEMENT_3D ( 'NONE', #402, #3606, #2995 ) ;
#3437 = ADVANCED_FACE ( 'NONE', ( #478 ), #461, .T. ) ;
#3438 = VECTOR ( 'NONE', #2173, 39.37007874015748854 ) ;
#3439 = PRESENTATION_LAYER_ASSIGNMENT (  '', '', ( #483 ) ) ;
#3440 = ORIENTED_EDGE ( 'NONE', *, *, #1644, .F. ) ;
#3441 = DIRECTION ( 'NONE',  ( 1.000000000000000000, 0.000000000000000000, 0.000000000000000000 ) ) ;
#3442 = DIRECTION ( 'NONE',  ( 0.000000000000000000, 0.000000000000000000, -1.000000000000000000 ) ) ;
#3443 = ORIENTED_EDGE ( 'NONE', *, *, #2307, .T. ) ;
#3444 = VECTOR ( 'NONE', #3604, 39.37007874015748143 ) ;
#3445 = VECTOR ( 'NONE', #1489, 39.37007874015748143 ) ;
#3446 = MANIFOLD_SOLID_BREP ( 'solid-2', #1765 ) ;
#3447 = VECTOR ( 'NONE', #394, 39.37007874015748143 ) ;
#3448 = ORIENTED_EDGE ( 'NONE', *, *, #1589, .F. ) ;
#3449 = ORIENTED_EDGE ( 'NONE', *, *, #1011, .F. ) ;
#3450 = CARTESIAN_POINT ( 'NONE',  ( 0.000000000000000000, -0.01456692913385826751, -0.07480314960629921850 ) ) ;
#3451 = ORIENTED_EDGE ( 'NONE', *, *, #1740, .T. ) ;
#3452 = DIRECTION ( 'NONE',  ( 0.000000000000000000, -1.000000000000000000, 0.000000000000000000 ) ) ;
#3453 = CARTESIAN_POINT ( 'NONE',  ( 0.05019685039370078150, -0.01417322834645669272, 0.04527559055118110520 ) ) ;
#3454 = ORIENTED_EDGE ( 'NONE', *, *, #3175, .T. ) ;
#3455 = DIRECTION ( 'NONE',  ( 0.000000000000000000, 1.000000000000000000, 0.000000000000000000 ) ) ;
#3456 = DIRECTION ( 'NONE',  ( 0.000000000000000000, 0.000000000000000000, 1.000000000000000000 ) ) ;
#3457 = VERTEX_POINT ( 'NONE', #212 ) ;
#3458 = CARTESIAN_POINT ( 'NONE',  ( -0.007874015748031495954, -0.01437007874015748012, -0.04527559055118110520 ) ) ;
#3459 = EDGE_CURVE ( 'NONE', #627, #3733, #3673, .T. ) ;
#3460 = CARTESIAN_POINT ( 'NONE',  ( -0.007874015748031495954, -0.01417322834645669272, 0.007874015748031495954 ) ) ;
#3461 = EDGE_CURVE ( 'NONE', #644, #2396, #885, .T. ) ;
#3462 = DIRECTION ( 'NONE',  ( 0.000000000000000000, 0.000000000000000000, -1.000000000000000000 ) ) ;
#3463 = EDGE_LOOP ( 'NONE', ( #2943, #514, #2567, #1490 ) ) ;
#3464 = VERTEX_POINT ( 'NONE', #905 ) ;
#3465 = ORIENTED_EDGE ( 'NONE', *, *, #1687, .T. ) ;
#3466 = FACE_OUTER_BOUND ( 'NONE', #110, .T. ) ;
#3467 = CARTESIAN_POINT ( 'NONE',  ( 0.02559055118110236879, -0.01417322834645669272, -0.04527559055118110520 ) ) ;
#3468 = FACE_OUTER_BOUND ( 'NONE', #2994, .T. ) ;
#3469 = FACE_OUTER_BOUND ( 'NONE', #397, .T. ) ;
#3470 = VERTEX_POINT ( 'NONE', #848 ) ;
#3471 = LINE ( 'NONE', #3698, #1162 ) ;
#3472 = DIRECTION ( 'NONE',  ( 0.000000000000000000, 1.000000000000000000, 0.000000000000000000 ) ) ;
#3473 = ORIENTED_EDGE ( 'NONE', *, *, #3621, .T. ) ;
#3474 = LINE ( 'NONE', #2582, #1534 ) ;
#3475 = CARTESIAN_POINT ( 'NONE',  ( 0.000000000000000000, 0.02480314960629921572, -0.06692913385826770867 ) ) ;
#3476 = EDGE_CURVE ( 'NONE', #2384, #3210, #1142, .T. ) ;
#3477 = ORIENTED_EDGE ( 'NONE', *, *, #3613, .T. ) ;
#3478 = VECTOR ( 'NONE', #63, 39.37007874015748143 ) ;
#3479 = ORIENTED_EDGE ( 'NONE', *, *, #1266, .T. ) ;
#3480 = EDGE_LOOP ( 'NONE', ( #1384, #143, #356, #2714 ) ) ;
#3481 = DIRECTION ( 'NONE',  ( 0.000000000000000000, 1.000000000000000000, 0.000000000000000000 ) ) ;
#3482 = EDGE_CURVE ( 'NONE', #1733, #2974, #615, .T. ) ;
#3483 = CARTESIAN_POINT ( 'NONE',  ( 0.03346456692913385433, 0.02480314960629921572, -0.05314960629921260116 ) ) ;
#3484 = DIRECTION ( 'NONE',  ( 0.000000000000000000, 0.000000000000000000, -1.000000000000000000 ) ) ;
#3485 = ORIENTED_EDGE ( 'NONE', *, *, #3781, .T. ) ;
#3486 = LINE ( 'NONE', #637, #2263 ) ;
#3487 = DIRECTION ( 'NONE',  ( 0.000000000000000000, 1.000000000000000000, 0.000000000000000000 ) ) ;
#3488 = ORIENTED_EDGE ( 'NONE', *, *, #380, .F. ) ;
#3489 = CARTESIAN_POINT ( 'NONE',  ( 0.05511811023622047168, -0.01437007874015748012, 0.04527559055118110520 ) ) ;
#3490 = VECTOR ( 'NONE', #2577, 39.37007874015748143 ) ;
#3491 = VERTEX_POINT ( 'NONE', #1481 ) ;
#3492 = CARTESIAN_POINT ( 'NONE',  ( -0.04133858267716536417, -0.01437007874015748012, 0.000000000000000000 ) ) ;
#3493 = VECTOR ( 'NONE', #3272, 39.37007874015748143 ) ;
#3494 = ORIENTED_EDGE ( 'NONE', *, *, #2988, .F. ) ;
#3495 = PRESENTATION_LAYER_ASSIGNMENT (  '', '', ( #1525 ) ) ;
#3496 = ORIENTED_EDGE ( 'NONE', *, *, #1030, .F. ) ;
#3497 = AXIS2_PLACEMENT_3D ( 'NONE', #199, #3766, #492 ) ;
#3498 = STYLED_ITEM ( 'NONE', ( #1978 ), #838 ) ;
#3499 = EDGE_LOOP ( 'NONE', ( #3496, #3448, #1800, #1220, #2245, #1292 ) ) ;
#3500 = DIRECTION ( 'NONE',  ( 0.000000000000000000, -1.000000000000000000, 0.000000000000000000 ) ) ;
#3501 = EDGE_CURVE ( 'NONE', #643, #1098, #2381, .T. ) ;
#3502 = EDGE_CURVE ( 'NONE', #1175, #2231, #2668, .T. ) ;
#3503 = VECTOR ( 'NONE', #3121, 39.37007874015748143 ) ;
#3504 = VECTOR ( 'NONE', #2105, 39.37007874015748143 ) ;
#3505 = DIRECTION ( 'NONE',  ( 0.000000000000000000, 0.000000000000000000, 1.000000000000000000 ) ) ;
#3506 = CARTESIAN_POINT ( 'NONE',  ( 0.04133858267716536417, -0.01456692913385826751, 0.000000000000000000 ) ) ;
#3507 = ADVANCED_FACE ( 'NONE', ( #308 ), #2940, .F. ) ;
#3508 = ORIENTED_EDGE ( 'NONE', *, *, #1452, .F. ) ;
#3509 = LINE ( 'NONE', #1734, #3249 ) ;
#3510 = ADVANCED_FACE ( 'NONE', ( #2347 ), #3232, .T. ) ;
#3511 = LINE ( 'NONE', #312, #2575 ) ;
#3512 = ORIENTED_EDGE ( 'NONE', *, *, #1874, .T. ) ;
#3513 = FACE_OUTER_BOUND ( 'NONE', #1194, .T. ) ;
#3514 = FACE_OUTER_BOUND ( 'NONE', #2344, .T. ) ;
#3515 = CIRCLE ( 'NONE', #3630, 0.004921259842519680634 ) ;
#3516 = CARTESIAN_POINT ( 'NONE',  ( -0.04527559055118110520, -0.01456692913385826751, -0.04527559055118110520 ) ) ;
#3517 = VERTEX_POINT ( 'NONE', #2039 ) ;
#3518 = ORIENTED_EDGE ( 'NONE', *, *, #2535, .T. ) ;
#3519 = VERTEX_POINT ( 'NONE', #1217 ) ;
#3520 = CARTESIAN_POINT ( 'NONE',  ( 0.04133858267716536417, -0.01417322834645669272, -0.04133858267716536417 ) ) ;
#3521 = CARTESIAN_POINT ( 'NONE',  ( -0.02559055118110236879, -0.01456692913385826751, -0.06791338582677165780 ) ) ;
#3522 = DIRECTION ( 'NONE',  ( 0.000000000000000000, 0.000000000000000000, -1.000000000000000000 ) ) ;
#3523 = EDGE_CURVE ( 'NONE', #2886, #196, #268, .T. ) ;
#3524 = ORIENTED_EDGE ( 'NONE', *, *, #1946, .F. ) ;
#3525 = CARTESIAN_POINT ( 'NONE',  ( -0.02559055118110236879, -0.01456692913385826751, 0.04527559055118110520 ) ) ;
#3526 = ADVANCED_FACE ( 'NONE', ( #2650 ), #2020, .T. ) ;
#3527 = CARTESIAN_POINT ( 'NONE',  ( -0.02559055118110236879, -0.01456692913385826751, 0.000000000000000000 ) ) ;
#3528 = ORIENTED_EDGE ( 'NONE', *, *, #2324, .F. ) ;
#3529 = CARTESIAN_POINT ( 'NONE',  ( 0.000000000000000000, -0.01456692913385826751, -0.007874015748031495954 ) ) ;
#3530 = EDGE_CURVE ( 'NONE', #1867, #2486, #1181, .T. ) ;
#3531 = CARTESIAN_POINT ( 'NONE',  ( -0.04527559055118110520, -0.01456692913385826751, -0.04527559055118110520 ) ) ;
#3532 = DIRECTION ( 'NONE',  ( 0.000000000000000000, -1.000000000000000000, 0.000000000000000000 ) ) ;
#3533 = ORIENTED_EDGE ( 'NONE', *, *, #377, .T. ) ;
#3534 = ORIENTED_EDGE ( 'NONE', *, *, #3382, .T. ) ;
#3535 = DIRECTION ( 'NONE',  ( 1.000000000000000000, 0.000000000000000000, 0.000000000000000000 ) ) ;
#3536 = ORIENTED_EDGE ( 'NONE', *, *, #767, .T. ) ;
#3537 = PLANE ( 'NONE',  #665 ) ;
#3538 = PRESENTATION_LAYER_ASSIGNMENT (  '', '', ( #2183 ) ) ;
#3539 = DIRECTION ( 'NONE',  ( 0.000000000000000000, 0.000000000000000000, 1.000000000000000000 ) ) ;
#3540 = LINE ( 'NONE', #906, #2392 ) ;
#3541 = CARTESIAN_POINT ( 'NONE',  ( -0.02559055118110236879, -0.01417322834645669272, 0.07480314960629921850 ) ) ;
#3542 = ORIENTED_EDGE ( 'NONE', *, *, #1333, .F. ) ;
#3543 = DIRECTION ( 'NONE',  ( 1.000000000000000000, 0.000000000000000000, 0.000000000000000000 ) ) ;
#3544 = EDGE_CURVE ( 'NONE', #1510, #1513, #2917, .T. ) ;
#3545 = CARTESIAN_POINT ( 'NONE',  ( -0.02559055118110236879, -0.01456692913385826751, 0.07480314960629921850 ) ) ;
#3546 = VERTEX_POINT ( 'NONE', #325 ) ;
#3547 = CARTESIAN_POINT ( 'NONE',  ( 0.000000000000000000, -0.01417322834645669272, -0.06102362204724411099 ) ) ;
#3548 = EDGE_CURVE ( 'NONE', #100, #3367, #2643, .T. ) ;
#3549 = PLANE ( 'NONE',  #2947 ) ;
#3550 = DIRECTION ( 'NONE',  ( 0.000000000000000000, 0.000000000000000000, 1.000000000000000000 ) ) ;
#3551 = EDGE_CURVE ( 'NONE', #3332, #622, #870, .T. ) ;
#3552 = EDGE_LOOP ( 'NONE', ( #3715, #1309, #3494, #246 ) ) ;
#3553 = ORIENTED_EDGE ( 'NONE', *, *, #2888, .T. ) ;
#3554 = CARTESIAN_POINT ( 'NONE',  ( 0.01673228346456692717, -0.01417322834645669272, 0.04527559055118110520 ) ) ;
#3555 = ORIENTED_EDGE ( 'NONE', *, *, #88, .T. ) ;
#3556 = DIRECTION ( 'NONE',  ( -1.000000000000000000, 0.000000000000000000, 0.000000000000000000 ) ) ;
#3557 = VECTOR ( 'NONE', #2736, 39.37007874015748143 ) ;
#3558 = VECTOR ( 'NONE', #867, 39.37007874015748143 ) ;
#3559 = VECTOR ( 'NONE', #1925, 39.37007874015748143 ) ;
#3560 = DIRECTION ( 'NONE',  ( 0.000000000000000000, 1.000000000000000000, 0.000000000000000000 ) ) ;
#3561 = SURFACE_STYLE_FILL_AREA ( #2455 ) ;
#3562 = ORIENTED_EDGE ( 'NONE', *, *, #1007, .T. ) ;
#3563 = DIRECTION ( 'NONE',  ( 0.000000000000000000, -1.000000000000000000, 0.000000000000000000 ) ) ;
#3564 = AXIS2_PLACEMENT_3D ( 'NONE', #1741, #568, #2702 ) ;
#3565 = DIRECTION ( 'NONE',  ( 0.000000000000000000, 0.000000000000000000, 1.000000000000000000 ) ) ;
#3566 = ORIENTED_EDGE ( 'NONE', *, *, #944, .T. ) ;
#3567 = DIRECTION ( 'NONE',  ( 0.000000000000000000, 1.000000000000000000, 0.000000000000000000 ) ) ;
#3568 = DIRECTION ( 'NONE',  ( 0.7071067811865474617, 0.000000000000000000, 0.7071067811865474617 ) ) ;
#3569 = DIRECTION ( 'NONE',  ( 0.7071067811865474617, 0.000000000000000000, -0.7071067811865474617 ) ) ;
#3570 = ORIENTED_EDGE ( 'NONE', *, *, #824, .T. ) ;
#3571 = DIMENSIONAL_EXPONENTS ( 1.000000000000000000, 0.000000000000000000, 0.000000000000000000, 0.000000000000000000, 0.000000000000000000, 0.000000000000000000, 0.000000000000000000 ) ;
#3572 = VECTOR ( 'NONE', #1866, 39.37007874015748143 ) ;
#3573 = EDGE_CURVE ( 'NONE', #956, #1420, #537, .T. ) ;
#3574 = ORIENTED_EDGE ( 'NONE', *, *, #2022, .T. ) ;
#3575 = CARTESIAN_POINT ( 'NONE',  ( -0.04822834645669292486, -0.01456692913385826751, 0.000000000000000000 ) ) ;
#3576 = EDGE_LOOP ( 'NONE', ( #1828, #1154, #797, #1318 ) ) ;
#3577 = CARTESIAN_POINT ( 'NONE',  ( -0.01673228346456692717, -0.01456692913385826751, -0.007874015748031495954 ) ) ;
#3578 = EDGE_CURVE ( 'NONE', #247, #2384, #3772, .T. ) ;
#3579 = CARTESIAN_POINT ( 'NONE',  ( -0.04133858267716536417, -0.01417322834645669272, -0.04133858267716537110 ) ) ;
#3580 = ORIENTED_EDGE ( 'NONE', *, *, #3224, .F. ) ;
#3581 = DIRECTION ( 'NONE',  ( -0.7071067811865474617, 0.000000000000000000, -0.7071067811865474617 ) ) ;
#3582 = FACE_OUTER_BOUND ( 'NONE', #2398, .T. ) ;
#3583 = CARTESIAN_POINT ( 'NONE',  ( -0.02165354330708661734, -0.01456692913385826751, 0.06102362204724411099 ) ) ;
#3584 = VERTEX_POINT ( 'NONE', #2611 ) ;
#3585 = PLANE ( 'NONE',  #554 ) ;
#3586 = FACE_OUTER_BOUND ( 'NONE', #2120, .T. ) ;
#3587 = CARTESIAN_POINT ( 'NONE',  ( 0.02559055118109971466, -0.01437007874015748012, -0.06496062992126248881 ) ) ;
#3588 = VERTEX_POINT ( 'NONE', #13 ) ;
#3589 = EDGE_CURVE ( 'NONE', #1662, #1554, #3788, .T. ) ;
#3590 = ORIENTED_EDGE ( 'NONE', *, *, #3127, .T. ) ;
#3591 = PLANE ( 'NONE',  #2025 ) ;
#3592 = ORIENTED_EDGE ( 'NONE', *, *, #109, .F. ) ;
#3593 = LINE ( 'NONE', #2154, #3493 ) ;
#3594 = DIRECTION ( 'NONE',  ( 0.000000000000000000, 1.000000000000000000, 0.000000000000000000 ) ) ;
#3595 = ORIENTED_EDGE ( 'NONE', *, *, #89, .T. ) ;
#3596 = DIRECTION ( 'NONE',  ( -1.000000000000000000, 0.000000000000000000, 0.000000000000000000 ) ) ;
#3597 = AXIS2_PLACEMENT_3D ( 'NONE', #2055, #2074, #32 ) ;
#3598 = VERTEX_POINT ( 'NONE', #3631 ) ;
#3599 = CARTESIAN_POINT ( 'NONE',  ( -0.02559055118110236879, -0.01437007874015748012, 0.007874015748031495954 ) ) ;
#3600 = CARTESIAN_POINT ( 'NONE',  ( -0.01673228346456692717, -0.01417322834645669272, -0.04527559055118110520 ) ) ;
#3601 = LINE ( 'NONE', #1602, #1591 ) ;
#3602 = VERTEX_POINT ( 'NONE', #3579 ) ;
#3603 = VERTEX_POINT ( 'NONE', #367 ) ;
#3604 = DIRECTION ( 'NONE',  ( 0.000000000000000000, 1.000000000000000000, 0.000000000000000000 ) ) ;
#3605 = ORIENTED_EDGE ( 'NONE', *, *, #3273, .F. ) ;
#3606 = DIRECTION ( 'NONE',  ( 0.000000000000000000, 0.000000000000000000, 1.000000000000000000 ) ) ;
#3607 = VECTOR ( 'NONE', #3563, 39.37007874015748143 ) ;
#3608 = FACE_OUTER_BOUND ( 'NONE', #1562, .T. ) ;
#3609 = VECTOR ( 'NONE', #3406, 39.37007874015748143 ) ;
#3610 = VERTEX_POINT ( 'NONE', #945 ) ;
#3611 = LINE ( 'NONE', #134, #597 ) ;
#3612 = EDGE_CURVE ( 'NONE', #3733, #1679, #94, .T. ) ;
#3613 = EDGE_CURVE ( 'NONE', #2174, #1394, #1553, .T. ) ;
#3614 = VECTOR ( 'NONE', #2330, 39.37007874015748143 ) ;
#3615 = EDGE_CURVE ( 'NONE', #3584, #3794, #3515, .T. ) ;
#3616 = LENGTH_MEASURE_WITH_UNIT ( LENGTH_MEASURE( 0.02539999999999999897 ), #2422 );
#3617 = VECTOR ( 'NONE', #2359, 39.37007874015748143 ) ;
#3618 = ORIENTED_EDGE ( 'NONE', *, *, #3129, .F. ) ;
#3619 = CARTESIAN_POINT ( 'NONE',  ( 0.03346456692913385433, 0.02480314960629921572, -0.06692913385826770867 ) ) ;
#3620 = VECTOR ( 'NONE', #1509, 39.37007874015748143 ) ;
#3621 = EDGE_CURVE ( 'NONE', #2317, #1055, #1272, .T. ) ;
#3622 = AXIS2_PLACEMENT_3D ( 'NONE', #1446, #2948, #1504 ) ;
#3623 = DIRECTION ( 'NONE',  ( 1.000000000000000000, 0.000000000000000000, 0.000000000000000000 ) ) ;
#3624 = DIRECTION ( 'NONE',  ( 0.000000000000000000, 1.000000000000000000, 0.000000000000000000 ) ) ;
#3625 = ORIENTED_EDGE ( 'NONE', *, *, #719, .T. ) ;
#3626 = ORIENTED_EDGE ( 'NONE', *, *, #1006, .F. ) ;
#3627 = PLANE ( 'NONE',  #609 ) ;
#3628 = LINE ( 'NONE', #928, #55 ) ;
#3629 = DIRECTION ( 'NONE',  ( 0.7071067811865483499, 0.000000000000000000, -0.7071067811865467956 ) ) ;
#3630 = AXIS2_PLACEMENT_3D ( 'NONE', #1308, #2130, #2475 ) ;
#3631 = CARTESIAN_POINT ( 'NONE',  ( 0.04724409448818897572, 0.02480314960629921572, 0.03740157480314960925 ) ) ;
#3632 = CARTESIAN_POINT ( 'NONE',  ( 0.007874015748031495954, -0.01417322834645669272, -0.007874015748031495954 ) ) ;
#3633 = EDGE_LOOP ( 'NONE', ( #3566, #7, #1107, #1476, #1119, #2369, #446, #666 ) ) ;
#3634 = DIRECTION ( 'NONE',  ( 0.000000000000000000, 0.000000000000000000, 1.000000000000000000 ) ) ;
#3635 =( CONVERSION_BASED_UNIT ( 'INCH', #3616 ) LENGTH_UNIT ( ) NAMED_UNIT ( #155 ) );
#3636 = ORIENTED_EDGE ( 'NONE', *, *, #3780, .T. ) ;
#3637 = CARTESIAN_POINT ( 'NONE',  ( 0.04133858267716536417, -0.01417322834645669272, 0.000000000000000000 ) ) ;
#3638 = EDGE_CURVE ( 'NONE', #1380, #3367, #1537, .T. ) ;
#3639 = CARTESIAN_POINT ( 'NONE',  ( -0.007874015748031495954, -0.01417322834645669272, -0.02657480314960630058 ) ) ;
#3640 = EDGE_CURVE ( 'NONE', #3470, #3247, #404, .T. ) ;
#3641 = DIRECTION ( 'NONE',  ( 0.000000000000000000, -1.000000000000000000, 0.000000000000000000 ) ) ;
#3642 = DIMENSIONAL_EXPONENTS ( 1.000000000000000000, 0.000000000000000000, 0.000000000000000000, 0.000000000000000000, 0.000000000000000000, 0.000000000000000000, 0.000000000000000000 ) ;
#3643 = ORIENTED_EDGE ( 'NONE', *, *, #1735, .T. ) ;
#3644 = LINE ( 'NONE', #2778, #2759 ) ;
#3645 =( NAMED_UNIT ( * ) PLANE_ANGLE_UNIT ( ) SI_UNIT ( $, .RADIAN. ) );
#3646 = CARTESIAN_POINT ( 'NONE',  ( 0.04724409448818897572, 0.02480314960629921572, 0.03740157480314960925 ) ) ;
#3647 = VERTEX_POINT ( 'NONE', #2115 ) ;
#3648 = DIRECTION ( 'NONE',  ( -0.7071067811865474617, 0.000000000000000000, -0.7071067811865474617 ) ) ;
#3649 = DIRECTION ( 'NONE',  ( 0.000000000000000000, 0.000000000000000000, -1.000000000000000000 ) ) ;
#3650 = VERTEX_POINT ( 'NONE', #2997 ) ;
#3651 = DIRECTION ( 'NONE',  ( -1.000000000000000000, 0.000000000000000000, 0.000000000000000000 ) ) ;
#3652 = FACE_OUTER_BOUND ( 'NONE', #3377, .T. ) ;
#3653 = CARTESIAN_POINT ( 'NONE',  ( 0.000000000000000000, -0.01456692913385826751, -0.04527559055118110520 ) ) ;
#3654 = EDGE_LOOP ( 'NONE', ( #1193, #1486, #556, #3643 ) ) ;
#3655 = DIRECTION ( 'NONE',  ( 0.000000000000000000, 0.000000000000000000, -1.000000000000000000 ) ) ;
#3656 = COLOUR_RGB ( '',0.7921568627450980005, 0.8196078431372548767, 0.9333333333333333481 ) ;
#3657 = EDGE_CURVE ( 'NONE', #1819, #2751, #999, .T. ) ;
#3658 = DIRECTION ( 'NONE',  ( 0.000000000000000000, 0.000000000000000000, -1.000000000000000000 ) ) ;
#3659 = CARTESIAN_POINT ( 'NONE',  ( -0.007874015748031495954, -0.01437007874015748012, 0.02657480314960630058 ) ) ;
#3660 = EDGE_CURVE ( 'NONE', #2547, #1474, #1242, .T. ) ;
#3661 = EDGE_CURVE ( 'NONE', #2127, #3519, #387, .T. ) ;
#3662 = ORIENTED_EDGE ( 'NONE', *, *, #1597, .T. ) ;
#3663 = DIRECTION ( 'NONE',  ( 0.000000000000000000, 0.000000000000000000, 1.000000000000000000 ) ) ;
#3664 = EDGE_CURVE ( 'NONE', #2992, #270, #1290, .T. ) ;
#3665 = CARTESIAN_POINT ( 'NONE',  ( -0.007874015748031495954, -0.01417322834645669272, -0.04527559055118110520 ) ) ;
#3666 = EDGE_CURVE ( 'NONE', #321, #2554, #2686, .T. ) ;
#3667 = ORIENTED_EDGE ( 'NONE', *, *, #1611, .T. ) ;
#3668 = DIRECTION ( 'NONE',  ( 0.000000000000000000, 1.000000000000000000, 0.000000000000000000 ) ) ;
#3669 = CARTESIAN_POINT ( 'NONE',  ( -0.02165354330708661040, -0.01417322834645669272, 0.06102362204724411099 ) ) ;
#3670 = CARTESIAN_POINT ( 'NONE',  ( 0.04724409448818897572, 0.02480314960629921572, 0.03740157480314960925 ) ) ;
#3671 = VECTOR ( 'NONE', #2043, 39.37007874015748143 ) ;
#3672 = DIRECTION ( 'NONE',  ( 0.000000000000000000, 1.000000000000000000, 0.000000000000000000 ) ) ;
#3673 = LINE ( 'NONE', #3521, #156 ) ;
#3674 = PLANE ( 'NONE',  #3798 ) ;
#3675 = ORIENTED_EDGE ( 'NONE', *, *, #66, .T. ) ;
#3676 = CARTESIAN_POINT ( 'NONE',  ( -0.02559055118110236879, -0.01417322834645669272, 0.04527559055118110520 ) ) ;
#3677 = VECTOR ( 'NONE', #3356, 39.37007874015748143 ) ;
#3678 = VECTOR ( 'NONE', #3758, 39.37007874015748143 ) ;
#3679 = CARTESIAN_POINT ( 'NONE',  ( -0.007874015748031495954, -0.01417322834645669272, -0.007874015748031495954 ) ) ;
#3680 = COLOUR_RGB ( '',0.7921568627450980005, 0.8196078431372548767, 0.9333333333333333481 ) ;
#3681 = ORIENTED_EDGE ( 'NONE', *, *, #276, .F. ) ;
#3682 = CARTESIAN_POINT ( 'NONE',  ( -0.04133858267716536417, -0.01456692913385826751, 0.04133858267716536417 ) ) ;
#3683 = VECTOR ( 'NONE', #1757, 39.37007874015748143 ) ;
#3684 = VECTOR ( 'NONE', #1523, 39.37007874015748143 ) ;
#3685 = ORIENTED_EDGE ( 'NONE', *, *, #1740, .F. ) ;
#3686 = CARTESIAN_POINT ( 'NONE',  ( -0.02559055118110236879, -0.01417322834645669272, 0.07480314960629921850 ) ) ;
#3687 = DIRECTION ( 'NONE',  ( 0.7071067811871976083, 0.000000000000000000, -0.7071067811858975372 ) ) ;
#3688 = LINE ( 'NONE', #2227, #1527 ) ;
#3689 = ORIENTED_EDGE ( 'NONE', *, *, #2300, .T. ) ;
#3690 = FACE_OUTER_BOUND ( 'NONE', #1566, .T. ) ;
#3691 = FACE_OUTER_BOUND ( 'NONE', #1793, .T. ) ;
#3692 = EDGE_LOOP ( 'NONE', ( #2423, #2991, #1147, #3420 ) ) ;
#3693 = ADVANCED_FACE ( 'NONE', ( #3608 ), #649, .T. ) ;
#3694 = CARTESIAN_POINT ( 'NONE',  ( 0.04330708661417323468, -0.01437007874015748012, 0.04330708661417323468 ) ) ;
#3695 = PRESENTATION_STYLE_ASSIGNMENT (( #519 ) ) ;
#3696 = DIRECTION ( 'NONE',  ( 0.000000000000000000, 1.000000000000000000, 0.000000000000000000 ) ) ;
#3697 = ORIENTED_EDGE ( 'NONE', *, *, #3078, .F. ) ;
#3698 = CARTESIAN_POINT ( 'NONE',  ( 0.007874015748031495954, -0.01417322834645669272, 0.02657480314960630058 ) ) ;
#3699 = LINE ( 'NONE', #1720, #1047 ) ;
#3700 = EDGE_LOOP ( 'NONE', ( #1224, #1418, #611, #2532 ) ) ;
#3701 = LINE ( 'NONE', #219, #923 ) ;
#3702 = ORIENTED_EDGE ( 'NONE', *, *, #3548, .T. ) ;
#3703 = LINE ( 'NONE', #2316, #2634 ) ;
#3704 = SURFACE_STYLE_USAGE ( .BOTH. , #279 ) ;
#3705 = CARTESIAN_POINT ( 'NONE',  ( -0.007874015748031495954, -0.01437007874015748012, -0.04527559055118110520 ) ) ;
#3706 = EDGE_CURVE ( 'NONE', #3395, #2876, #983, .T. ) ;
#3707 = DIRECTION ( 'NONE',  ( 0.000000000000000000, 0.000000000000000000, 1.000000000000000000 ) ) ;
#3708 = PLANE ( 'NONE',  #3369 ) ;
#3709 = EDGE_LOOP ( 'NONE', ( #2479, #1763, #436, #1820 ) ) ;
#3710 = DIRECTION ( 'NONE',  ( 0.7071067811865475727, 0.000000000000000000, -0.7071067811865475727 ) ) ;
#3711 = LINE ( 'NONE', #1695, #3609 ) ;
#3712 = EDGE_LOOP ( 'NONE', ( #1690, #1569, #496, #1676 ) ) ;
#3713 = LINE ( 'NONE', #2235, #2079 ) ;
#3714 = LINE ( 'NONE', #1356, #1117 ) ;
#3715 = ORIENTED_EDGE ( 'NONE', *, *, #2859, .T. ) ;
#3716 = PLANE ( 'NONE',  #372 ) ;
#3717 = VECTOR ( 'NONE', #2693, 39.37007874015748143 ) ;
#3718 = VERTEX_POINT ( 'NONE', #75 ) ;
#3719 = LINE ( 'NONE', #3475, #2209 ) ;
#3720 = CARTESIAN_POINT ( 'NONE',  ( -0.05905511811023622659, 0.02480314960629921572, 0.07874015748031495954 ) ) ;
#3721 = ORIENTED_EDGE ( 'NONE', *, *, #1756, .T. ) ;
#3722 = EDGE_LOOP ( 'NONE', ( #855, #86, #3592, #2268 ) ) ;
#3723 = LINE ( 'NONE', #780, #2895 ) ;
#3724 = ORIENTED_EDGE ( 'NONE', *, *, #1926, .F. ) ;
#3725 = CARTESIAN_POINT ( 'NONE',  ( -0.04724409448818897572, 0.02480314960629921572, 0.05314960629921260116 ) ) ;
#3726 = ORIENTED_EDGE ( 'NONE', *, *, #2859, .F. ) ;
#3727 = DIRECTION ( 'NONE',  ( 1.000000000000000000, 0.000000000000000000, 0.000000000000000000 ) ) ;
#3728 = LENGTH_MEASURE_WITH_UNIT ( LENGTH_MEASURE( 0.02539999999999999897 ), #3157 );
#3729 = CLOSED_SHELL ( 'NONE', ( #3784, #285, #2649, #2578, #1183, #3340, #1332, #3693 ) ) ;
#3730 = DIRECTION ( 'NONE',  ( 0.000000000000000000, 1.000000000000000000, 0.000000000000000000 ) ) ;
#3731 = EDGE_CURVE ( 'NONE', #2053, #727, #3328, .T. ) ;
#3732 = ADVANCED_FACE ( 'NONE', ( #2418 ), #342, .T. ) ;
#3733 = VERTEX_POINT ( 'NONE', #3307 ) ;
#3734 = CARTESIAN_POINT ( 'NONE',  ( -0.02559055118110236879, -0.01417322834645669272, -0.07480314960629921850 ) ) ;
#3735 = EDGE_CURVE ( 'NONE', #298, #1733, #674, .T. ) ;
#3736 = LINE ( 'NONE', #1664, #2276 ) ;
#3737 = FACE_OUTER_BOUND ( 'NONE', #3576, .T. ) ;
#3738 = VECTOR ( 'NONE', #2365, 39.37007874015748143 ) ;
#3739 = ORIENTED_EDGE ( 'NONE', *, *, #3294, .T. ) ;
#3740 = CARTESIAN_POINT ( 'NONE',  ( 0.05905511811023622659, 0.005118110236220473237, 0.000000000000000000 ) ) ;
#3741 = VECTOR ( 'NONE', #2591, 39.37007874015748143 ) ;
#3742 = ADVANCED_FACE ( 'NONE', ( #3034 ), #1571, .F. ) ;
#3743 = AXIS2_PLACEMENT_3D ( 'NONE', #2531, #1904, #1322 ) ;
#3744 = VECTOR ( 'NONE', #2779, 39.37007874015748143 ) ;
#3745 = CARTESIAN_POINT ( 'NONE',  ( 0.04133858267716536417, -0.01417322834645669272, 0.000000000000000000 ) ) ;
#3746 =( NAMED_UNIT ( * ) SI_UNIT ( $, .STERADIAN. ) SOLID_ANGLE_UNIT ( ) );
#3747 = ORIENTED_EDGE ( 'NONE', *, *, #1686, .F. ) ;
#3748 = CIRCLE ( 'NONE', #1168, 0.004921259842519684971 ) ;
#3749 = ADVANCED_FACE ( 'NONE', ( #761 ), #1038, .T. ) ;
#3750 = VECTOR ( 'NONE', #125, 39.37007874015748143 ) ;
#3751 = VECTOR ( 'NONE', #1088, 39.37007874015748143 ) ;
#3752 = ORIENTED_EDGE ( 'NONE', *, *, #228, .T. ) ;
#3753 = FACE_OUTER_BOUND ( 'NONE', #3692, .T. ) ;
#3754 = EDGE_LOOP ( 'NONE', ( #3553, #844, #763, #2286 ) ) ;
#3755 = DIRECTION ( 'NONE',  ( 0.000000000000000000, 0.000000000000000000, 1.000000000000000000 ) ) ;
#3756 = CARTESIAN_POINT ( 'NONE',  ( 0.000000000000000000, 0.02086614173228347122, -0.03070866141732284463 ) ) ;
#3757 = CARTESIAN_POINT ( 'NONE',  ( 0.01771653543307086937, 0.02480314960629921572, 0.06692913385826770867 ) ) ;
#3758 = DIRECTION ( 'NONE',  ( -1.000000000000000000, 0.000000000000000000, 0.000000000000000000 ) ) ;
#3759 = DIRECTION ( 'NONE',  ( 0.000000000000000000, 0.000000000000000000, 1.000000000000000000 ) ) ;
#3760 = VERTEX_POINT ( 'NONE', #725 ) ;
#3761 = CARTESIAN_POINT ( 'NONE',  ( 0.04527559055118110520, -0.01456692913385826751, -0.04527559055118110520 ) ) ;
#3762 = CARTESIAN_POINT ( 'NONE',  ( 0.05905511811023622659, -0.01456692913385826751, -0.07874015748031495954 ) ) ;
#3763 = EDGE_LOOP ( 'NONE', ( #1267, #585, #2839, #3354 ) ) ;
#3764 = LINE ( 'NONE', #3489, #245 ) ;
#3765 = ADVANCED_FACE ( 'NONE', ( #3690 ), #1920, .T. ) ;
#3766 = DIRECTION ( 'NONE',  ( 0.7071067811865475727, 0.000000000000000000, 0.7071067811865475727 ) ) ;
#3767 = SURFACE_SIDE_STYLE ('',( #2526 ) ) ;
#3768 = ORIENTED_EDGE ( 'NONE', *, *, #2982, .T. ) ;
#3769 = VERTEX_POINT ( 'NONE', #1610 ) ;
#3770 = ORIENTED_EDGE ( 'NONE', *, *, #1368, .F. ) ;
#3771 = FACE_OUTER_BOUND ( 'NONE', #3171, .T. ) ;
#3772 = LINE ( 'NONE', #1731, #3329 ) ;
#3773 = PLANE ( 'NONE',  #2697 ) ;
#3774 = ORIENTED_EDGE ( 'NONE', *, *, #1036, .T. ) ;
#3775 = CYLINDRICAL_SURFACE ( 'NONE', #3363, 0.004921259842519684971 ) ;
#3776 = DIRECTION ( 'NONE',  ( 0.000000000000000000, 0.000000000000000000, 1.000000000000000000 ) ) ;
#3777 = VERTEX_POINT ( 'NONE', #1062 ) ;
#3778 = DIRECTION ( 'NONE',  ( 0.000000000000000000, 1.000000000000000000, 0.000000000000000000 ) ) ;
#3779 = PLANE ( 'NONE',  #54 ) ;
#3780 = EDGE_CURVE ( 'NONE', #1654, #2219, #3723, .T. ) ;
#3781 = EDGE_CURVE ( 'NONE', #804, #3149, #186, .T. ) ;
#3782 = ORIENTED_EDGE ( 'NONE', *, *, #2926, .T. ) ;
#3783 = VECTOR ( 'NONE', #2630, 39.37007874015748143 ) ;
#3784 = ADVANCED_FACE ( 'NONE', ( #3092 ), #2799, .F. ) ;
#3785 = ORIENTED_EDGE ( 'NONE', *, *, #919, .T. ) ;
#3786 = ORIENTED_EDGE ( 'NONE', *, *, #3410, .F. ) ;
#3787 = CARTESIAN_POINT ( 'NONE',  ( 0.02559055118110236879, -0.01437007874015748012, -0.07480314960629921850 ) ) ;
#3788 = LINE ( 'NONE', #2328, #500 ) ;
#3789 = CARTESIAN_POINT ( 'NONE',  ( -0.01673228346456692717, -0.01417322834645669272, 0.04527559055118110520 ) ) ;
#3790 = ORIENTED_EDGE ( 'NONE', *, *, #1133, .F. ) ;
#3791 = CARTESIAN_POINT ( 'NONE',  ( 0.04822834645669291098, -0.01437007874015748012, 0.06791338582677165780 ) ) ;
#3792 = CLOSED_SHELL ( 'NONE', ( #2955, #2706, #1478, #376, #3437, #3526, #2529, #1256 ) ) ;
#3793 = LINE ( 'NONE', #3279, #3168 ) ;
#3794 = VERTEX_POINT ( 'NONE', #1689 ) ;
#3795 = CARTESIAN_POINT ( 'NONE',  ( 0.007874015748031495954, -0.01437007874015748012, 0.02657480314960630058 ) ) ;
#3796 = AXIS2_PLACEMENT_3D ( 'NONE', #370, #1275, #3331 ) ;
#3797 = FACE_OUTER_BOUND ( 'NONE', #2932, .T. ) ;
#3798 = AXIS2_PLACEMENT_3D ( 'NONE', #1106, #462, #811 ) ;
#3799 = FACE_OUTER_BOUND ( 'NONE', #876, .T. ) ;
#3800 = ORIENTED_EDGE ( 'NONE', *, *, #3657, .F. ) ;
#3801 = VECTOR ( 'NONE', #2192, 39.37007874015748143 ) ;
#3802 = VECTOR ( 'NONE', #2040, 39.37007874015748143 ) ;
#3803 = EDGE_LOOP ( 'NONE', ( #1190, #709, #1561, #3443 ) ) ;
#3804 = VECTOR ( 'NONE', #3378, 39.37007874015748143 ) ;
#3805 = ORIENTED_EDGE ( 'NONE', *, *, #2091, .T. ) ;
#3806 = CARTESIAN_POINT ( 'NONE',  ( 0.04527559055118110520, -0.01417322834645669272, -0.04527559055118110520 ) ) ;
#3807 = ADVANCED_FACE ( 'NONE', ( #3753 ), #2212, .T. ) ;
#3808 = VECTOR ( 'NONE', #2866, 39.37007874015748143 ) ;
#3809 = ADVANCED_FACE ( 'NONE', ( #148 ), #2822, .F. ) ;
#3810 = DIRECTION ( 'NONE',  ( 0.000000000000000000, 0.000000000000000000, 1.000000000000000000 ) ) ;
#3811 = PLANE ( 'NONE',  #366 ) ;
#3812 = ORIENTED_EDGE ( 'NONE', *, *, #768, .F. ) ;
#3813 = DIRECTION ( 'NONE',  ( 0.7071067811865483499, 0.000000000000000000, -0.7071067811865467956 ) ) ;
ENDSEC;
END-ISO-10303-21;
