ISO-10303-21;
HEADER;
/* Generated by software containing ST-Developer
 * from STEP Tools, Inc. (www.steptools.com) 
 */
/* OPTION: using custom renumber hook */

FILE_DESCRIPTION(
/* description */ ('STEP AP214'),
/* implementation_level */ '2;1');

FILE_NAME(
/* name */ 'NANOT160BP',
/* time_stamp */ '2025-03-25T08:57:25+01:00',
/* author */ ('License CC BY-ND 4.0'),
/* organization */ ('CADENAS'),
/* preprocessor_version */ 'ST-DEVELOPER v19.3',
/* originating_system */ 'PARTsolutions',
/* authorisation */ '  ');

FILE_SCHEMA (('AUTOMOTIVE_DESIGN {1 0 10303 214 3 1 1}'));
ENDSEC;

DATA;
#10=PROPERTY_DEFINITION_REPRESENTATION(#14,#12);
#11=PROPERTY_DEFINITION_REPRESENTATION(#15,#13);
#12=REPRESENTATION('',(#16),#6021);
#13=REPRESENTATION('',(#17),#6021);
#14=PROPERTY_DEFINITION('pmi validation property','',#6028);
#15=PROPERTY_DEFINITION('pmi validation property','',#6028);
#16=VALUE_REPRESENTATION_ITEM('number of annotations',COUNT_MEASURE(0.));
#17=VALUE_REPRESENTATION_ITEM('number of views',COUNT_MEASURE(0.));
#18=CONTEXT_DEPENDENT_SHAPE_REPRESENTATION(#20,#6030);
#19=NEXT_ASSEMBLY_USAGE_OCCURRENCE('NAUO1','NANOT160BP_PART1',
'NANOT160BP_PART1',#6031,#6032,'');
#20=(
REPRESENTATION_RELATIONSHIP(' ',' ',#3470,#3469)
REPRESENTATION_RELATIONSHIP_WITH_TRANSFORMATION(#21)
SHAPE_REPRESENTATION_RELATIONSHIP()
);
#21=ITEM_DEFINED_TRANSFORMATION(' ',' ',#3471,#3822);
#22=SHAPE_REPRESENTATION_RELATIONSHIP('','',#3470,#23);
#23=ADVANCED_BREP_SHAPE_REPRESENTATION('',(#3466),#6022);
#24=ORIENTED_CLOSED_SHELL('',*,#3464,.F.);
#25=ORIENTED_CLOSED_SHELL('',*,#3465,.F.);
#26=VERTEX_LOOP('',#1928);
#27=CONICAL_SURFACE('',#3640,0.0602034,1.5141901979);
#28=TOROIDAL_SURFACE('',#3598,0.2037244,0.13);
#29=TOROIDAL_SURFACE('',#3627,0.6860211,0.2);
#30=TOROIDAL_SURFACE('',#3745,0.6419502,0.1);
#31=TOROIDAL_SURFACE('',#3809,0.175,0.1);
#32=B_SPLINE_CURVE_WITH_KNOTS('',3,(#5308,#5309,#5310,#5311),
 .UNSPECIFIED.,.F.,.F.,(4,4),(5.79037024454703E-15,8.03632656819818E-5),
 .UNSPECIFIED.);
#33=B_SPLINE_CURVE_WITH_KNOTS('',3,(#5594,#5595,#5596,#5597,#5598,#5599),
 .UNSPECIFIED.,.F.,.F.,(4,1,1,4),(0.,0.3333333333333,0.6666666666667,1.),
 .UNSPECIFIED.);
#34=B_SPLINE_CURVE_WITH_KNOTS('',3,(#5600,#5601,#5602,#5603,#5604,#5605),
 .UNSPECIFIED.,.F.,.F.,(4,1,1,4),(0.,0.3333333333333,0.6666666666667,1.),
 .UNSPECIFIED.);
#35=B_SPLINE_CURVE_WITH_KNOTS('',3,(#5647,#5648,#5649,#5650,#5651,#5652,
#5653),.UNSPECIFIED.,.F.,.F.,(4,1,1,1,4),(0.,0.25,0.5,0.75,1.),
 .UNSPECIFIED.);
#36=B_SPLINE_CURVE_WITH_KNOTS('',3,(#5654,#5655,#5656,#5657,#5658,#5659,
#5660),.UNSPECIFIED.,.F.,.F.,(4,1,1,1,4),(0.,0.25,0.5,0.75,1.),
 .UNSPECIFIED.);
#37=B_SPLINE_CURVE_WITH_KNOTS('',3,(#5699,#5700,#5701,#5702,#5703,#5704,
#5705),.UNSPECIFIED.,.F.,.F.,(4,1,1,1,4),(0.,0.25,0.5,0.75,1.),
 .UNSPECIFIED.);
#38=B_SPLINE_CURVE_WITH_KNOTS('',3,(#5710,#5711,#5712,#5713,#5714,#5715,
#5716),.UNSPECIFIED.,.F.,.F.,(4,1,1,1,4),(0.,0.25,0.5,0.75,1.),
 .UNSPECIFIED.);
#39=B_SPLINE_CURVE_WITH_KNOTS('',3,(#5760,#5761,#5762,#5763,#5764,#5765,
#5766),.UNSPECIFIED.,.F.,.F.,(4,1,1,1,4),(0.,0.25,0.5,0.75,1.),
 .UNSPECIFIED.);
#40=B_SPLINE_CURVE_WITH_KNOTS('',3,(#5767,#5768,#5769,#5770,#5771,#5772,
#5773),.UNSPECIFIED.,.F.,.F.,(4,1,1,1,4),(0.,0.25,0.5,0.75,1.),
 .UNSPECIFIED.);
#41=B_SPLINE_CURVE_WITH_KNOTS('',3,(#5837,#5838,#5839,#5840,#5841,#5842,
#5843),.UNSPECIFIED.,.F.,.F.,(4,1,1,1,4),(0.,0.25,0.5,0.75,1.),
 .UNSPECIFIED.);
#42=B_SPLINE_CURVE_WITH_KNOTS('',3,(#5847,#5848,#5849,#5850,#5851,#5852,
#5853),.UNSPECIFIED.,.F.,.F.,(4,1,1,1,4),(0.,0.25,0.5,0.75,1.),
 .UNSPECIFIED.);
#43=B_SPLINE_CURVE_WITH_KNOTS('',3,(#5890,#5891,#5892,#5893,#5894,#5895,
#5896),.UNSPECIFIED.,.F.,.F.,(4,1,1,1,4),(0.,0.25,0.5,0.75,1.),
 .UNSPECIFIED.);
#44=B_SPLINE_CURVE_WITH_KNOTS('',3,(#5899,#5900,#5901,#5902,#5903,#5904,
#5905),.UNSPECIFIED.,.F.,.F.,(4,1,1,1,4),(0.,0.25,0.5,0.75,1.),
 .UNSPECIFIED.);
#45=B_SPLINE_CURVE_WITH_KNOTS('',3,(#5906,#5907,#5908,#5909,#5910,#5911,
#5912),.UNSPECIFIED.,.F.,.F.,(4,1,1,1,4),(0.,0.25,0.5,0.75,1.),
 .UNSPECIFIED.);
#46=B_SPLINE_CURVE_WITH_KNOTS('',3,(#5913,#5914,#5915,#5916,#5917,#5918,
#5919),.UNSPECIFIED.,.F.,.F.,(4,1,1,1,4),(0.,0.25,0.5,0.75,1.),
 .UNSPECIFIED.);
#47=B_SPLINE_CURVE_WITH_KNOTS('',3,(#5930,#5931,#5932,#5933,#5934,#5935,
#5936),.UNSPECIFIED.,.F.,.F.,(4,1,1,1,4),(0.,0.25,0.5,0.75,1.),
 .UNSPECIFIED.);
#48=B_SPLINE_CURVE_WITH_KNOTS('',3,(#5975,#5976,#5977,#5978,#5979,#5980,
#5981),.UNSPECIFIED.,.F.,.F.,(4,1,1,1,4),(0.,0.25,0.5,0.75,1.),
 .UNSPECIFIED.);
#49=B_SPLINE_CURVE_WITH_KNOTS('',3,(#5990,#5991,#5992,#5993,#5994,#5995,
#5996),.UNSPECIFIED.,.F.,.F.,(4,1,1,1,4),(0.,0.25,0.5,0.75,1.),
 .UNSPECIFIED.);
#50=B_SPLINE_CURVE_WITH_KNOTS('',3,(#5997,#5998,#5999,#6000,#6001,#6002,
#6003),.UNSPECIFIED.,.F.,.F.,(4,1,1,1,4),(0.,0.25,0.5,0.75,1.),
 .UNSPECIFIED.);
#51=ELLIPSE('',#3581,2.00561711201336,0.15);
#52=ELLIPSE('',#3614,2.00561711201336,0.15);
#53=(
BOUNDED_SURFACE()
B_SPLINE_SURFACE(3,3,((#5166,#5167,#5168,#5169),(#5170,#5171,#5172,#5173),
(#5174,#5175,#5176,#5177),(#5178,#5179,#5180,#5181),(#5182,#5183,#5184,
#5185),(#5186,#5187,#5188,#5189),(#5190,#5191,#5192,#5193)),
 .TOROIDAL_SURF.,.F.,.F.,.F.)
B_SPLINE_SURFACE_WITH_KNOTS((4,3,4),(4,4),(0.,1.,2.),(0.,1.),
 .PIECEWISE_BEZIER_KNOTS.)
GEOMETRIC_REPRESENTATION_ITEM()
RATIONAL_B_SPLINE_SURFACE(((1.188742197139,1.186769577615,1.186769577615,
1.188742197139),(0.9387474195424,0.9371896457101,0.9371896457101,0.9387474195424),
(0.9387474195424,0.9371896457101,0.9371896457101,0.9387474195424),(1.188742197139,
1.186769577615,1.186769577615,1.188742197139),(0.9387474195424,0.9371896457101,
0.9371896457101,0.9387474195424),(0.9387474195424,0.9371896457101,0.9371896457101,
0.9387474195424),(1.188742197139,1.186769577615,1.186769577615,1.188742197139)))
REPRESENTATION_ITEM('')
SURFACE()
);
#54=(
BOUNDED_SURFACE()
B_SPLINE_SURFACE(3,3,((#5341,#5342,#5343,#5344),(#5345,#5346,#5347,#5348),
(#5349,#5350,#5351,#5352),(#5353,#5354,#5355,#5356),(#5357,#5358,#5359,
#5360),(#5361,#5362,#5363,#5364),(#5365,#5366,#5367,#5368)),
 .TOROIDAL_SURF.,.F.,.F.,.F.)
B_SPLINE_SURFACE_WITH_KNOTS((4,3,4),(4,4),(0.,1.,2.),(0.,1.),
 .PIECEWISE_BEZIER_KNOTS.)
GEOMETRIC_REPRESENTATION_ITEM()
RATIONAL_B_SPLINE_SURFACE(((1.188742197139,1.186769577615,1.186769577615,
1.188742197139),(0.9387474195424,0.9371896457101,0.9371896457101,0.9387474195424),
(0.9387474195424,0.9371896457101,0.9371896457101,0.9387474195424),(1.188742197139,
1.186769577615,1.186769577615,1.188742197139),(0.9387474195424,0.9371896457101,
0.9371896457101,0.9387474195424),(0.9387474195424,0.9371896457101,0.9371896457101,
0.9387474195424),(1.188742197139,1.186769577615,1.186769577615,1.188742197139)))
REPRESENTATION_ITEM('')
SURFACE()
);
#55=SPHERICAL_SURFACE('',#3529,1.0765625);
#56=SPHERICAL_SURFACE('',#3637,1.03025);
#57=SPHERICAL_SURFACE('',#3648,1.03025);
#58=SPHERICAL_SURFACE('',#3780,3.535);
#59=SPHERICAL_SURFACE('',#3808,3.535);
#60=CYLINDRICAL_SURFACE('',#3476,0.15);
#61=CYLINDRICAL_SURFACE('',#3491,0.05);
#62=CYLINDRICAL_SURFACE('',#3494,0.15);
#63=CYLINDRICAL_SURFACE('',#3500,0.15);
#64=CYLINDRICAL_SURFACE('',#3507,0.15);
#65=CYLINDRICAL_SURFACE('',#3533,0.15);
#66=CYLINDRICAL_SURFACE('',#3535,0.15);
#67=CYLINDRICAL_SURFACE('',#3553,0.05);
#68=CYLINDRICAL_SURFACE('',#3559,0.15);
#69=CYLINDRICAL_SURFACE('',#3572,0.15);
#70=CYLINDRICAL_SURFACE('',#3574,0.1);
#71=CYLINDRICAL_SURFACE('',#3579,0.06);
#72=CYLINDRICAL_SURFACE('',#3584,0.1);
#73=CYLINDRICAL_SURFACE('',#3586,0.05);
#74=CYLINDRICAL_SURFACE('',#3596,0.1);
#75=CYLINDRICAL_SURFACE('',#3600,0.15);
#76=CYLINDRICAL_SURFACE('',#3601,0.1);
#77=CYLINDRICAL_SURFACE('',#3603,0.1);
#78=CYLINDRICAL_SURFACE('',#3607,0.1);
#79=CYLINDRICAL_SURFACE('',#3609,0.05);
#80=CYLINDRICAL_SURFACE('',#3613,0.15);
#81=CYLINDRICAL_SURFACE('',#3619,0.1);
#82=CYLINDRICAL_SURFACE('',#3620,0.15);
#83=CYLINDRICAL_SURFACE('',#3628,0.1);
#84=CYLINDRICAL_SURFACE('',#3630,0.15);
#85=CYLINDRICAL_SURFACE('',#3632,0.1);
#86=CYLINDRICAL_SURFACE('',#3636,0.05);
#87=CYLINDRICAL_SURFACE('',#3642,0.06);
#88=CYLINDRICAL_SURFACE('',#3645,0.65);
#89=CYLINDRICAL_SURFACE('',#3661,0.75);
#90=CYLINDRICAL_SURFACE('',#3664,0.75);
#91=CYLINDRICAL_SURFACE('',#3690,0.1);
#92=CYLINDRICAL_SURFACE('',#3692,0.1);
#93=CYLINDRICAL_SURFACE('',#3695,0.12);
#94=CYLINDRICAL_SURFACE('',#3700,0.25);
#95=CYLINDRICAL_SURFACE('',#3704,0.1);
#96=CYLINDRICAL_SURFACE('',#3706,0.15);
#97=CYLINDRICAL_SURFACE('',#3712,0.15);
#98=CYLINDRICAL_SURFACE('',#3717,0.1);
#99=CYLINDRICAL_SURFACE('',#3720,0.15);
#100=CYLINDRICAL_SURFACE('',#3724,0.175);
#101=CYLINDRICAL_SURFACE('',#3729,0.775);
#102=CYLINDRICAL_SURFACE('',#3732,0.75);
#103=CYLINDRICAL_SURFACE('',#3735,0.05);
#104=CYLINDRICAL_SURFACE('',#3736,0.1);
#105=CYLINDRICAL_SURFACE('',#3749,0.15);
#106=CYLINDRICAL_SURFACE('',#3751,0.775);
#107=CYLINDRICAL_SURFACE('',#3754,0.775);
#108=CYLINDRICAL_SURFACE('',#3756,0.775);
#109=CYLINDRICAL_SURFACE('',#3757,0.15);
#110=CYLINDRICAL_SURFACE('',#3760,0.775);
#111=CYLINDRICAL_SURFACE('',#3764,0.05);
#112=CYLINDRICAL_SURFACE('',#3765,0.1);
#113=CYLINDRICAL_SURFACE('',#3769,0.275);
#114=CYLINDRICAL_SURFACE('',#3771,0.1);
#115=CYLINDRICAL_SURFACE('',#3778,0.65);
#116=CYLINDRICAL_SURFACE('',#3784,0.1);
#117=CYLINDRICAL_SURFACE('',#3786,0.1);
#118=CYLINDRICAL_SURFACE('',#3787,0.1);
#119=CYLINDRICAL_SURFACE('',#3788,0.05);
#120=CYLINDRICAL_SURFACE('',#3792,0.15);
#121=CYLINDRICAL_SURFACE('',#3795,0.75);
#122=CYLINDRICAL_SURFACE('',#3803,0.15);
#123=CYLINDRICAL_SURFACE('',#3804,0.775);
#124=CYLINDRICAL_SURFACE('',#3813,0.15);
#125=CYLINDRICAL_SURFACE('',#3815,0.05);
#126=CYLINDRICAL_SURFACE('',#3816,0.1);
#127=CYLINDRICAL_SURFACE('',#3821,0.1);
#128=CIRCLE('',#3474,0.05);
#129=CIRCLE('',#3477,0.15);
#130=CIRCLE('',#3478,0.15);
#131=CIRCLE('',#3483,0.06);
#132=CIRCLE('',#3488,0.15);
#133=CIRCLE('',#3490,0.15);
#134=CIRCLE('',#3492,0.05);
#135=CIRCLE('',#3493,0.05);
#136=CIRCLE('',#3495,0.15);
#137=CIRCLE('',#3496,0.15);
#138=CIRCLE('',#3498,0.15);
#139=CIRCLE('',#3499,0.1);
#140=CIRCLE('',#3501,0.15);
#141=CIRCLE('',#3502,0.15);
#142=CIRCLE('',#3503,0.15);
#143=CIRCLE('',#3504,0.15);
#144=CIRCLE('',#3508,0.15);
#145=CIRCLE('',#3509,0.15);
#146=CIRCLE('',#3513,0.05);
#147=CIRCLE('',#3516,0.06);
#148=CIRCLE('',#3517,0.05);
#149=CIRCLE('',#3518,0.05);
#150=CIRCLE('',#3519,0.05);
#151=CIRCLE('',#3520,0.1);
#152=CIRCLE('',#3521,0.1);
#153=CIRCLE('',#3522,0.1);
#154=CIRCLE('',#3523,0.1);
#155=CIRCLE('',#3524,0.1);
#156=CIRCLE('',#3525,0.15);
#157=CIRCLE('',#3526,0.15);
#158=CIRCLE('',#3527,0.1);
#159=CIRCLE('',#3528,0.1);
#160=CIRCLE('',#3530,0.5785417);
#161=CIRCLE('',#3531,0.386778);
#162=CIRCLE('',#3532,0.386778);
#163=CIRCLE('',#3534,0.15);
#164=CIRCLE('',#3536,0.15);
#165=CIRCLE('',#3537,0.15);
#166=CIRCLE('',#3539,0.15);
#167=CIRCLE('',#3542,0.15);
#168=CIRCLE('',#3546,0.15);
#169=CIRCLE('',#3549,1.);
#170=CIRCLE('',#3550,0.2661158);
#171=CIRCLE('',#3551,1.);
#172=CIRCLE('',#3554,0.05);
#173=CIRCLE('',#3556,0.15);
#174=CIRCLE('',#3560,0.15);
#175=CIRCLE('',#3561,0.15);
#176=CIRCLE('',#3563,0.1);
#177=CIRCLE('',#3564,0.1);
#178=CIRCLE('',#3565,0.15);
#179=CIRCLE('',#3566,0.15);
#180=CIRCLE('',#3567,0.1);
#181=CIRCLE('',#3568,0.1);
#182=CIRCLE('',#3569,0.15);
#183=CIRCLE('',#3570,0.15);
#184=CIRCLE('',#3575,0.1);
#185=CIRCLE('',#3576,0.1);
#186=CIRCLE('',#3578,0.2037244);
#187=CIRCLE('',#3585,0.1);
#188=CIRCLE('',#3588,0.05);
#189=CIRCLE('',#3594,0.6860211);
#190=CIRCLE('',#3595,0.15);
#191=CIRCLE('',#3599,0.2661158);
#192=CIRCLE('',#3604,0.1);
#193=CIRCLE('',#3606,0.15);
#194=CIRCLE('',#3611,0.1);
#195=CIRCLE('',#3615,0.15);
#196=CIRCLE('',#3638,0.1163879);
#197=CIRCLE('',#3639,0.1631487);
#198=CIRCLE('',#3643,0.06);
#199=CIRCLE('',#3644,0.06);
#200=CIRCLE('',#3646,0.65);
#201=CIRCLE('',#3647,0.65);
#202=CIRCLE('',#3649,0.585153);
#203=CIRCLE('',#3650,0.2202314);
#204=CIRCLE('',#3652,3.4935118);
#205=CIRCLE('',#3653,3.4935118);
#206=CIRCLE('',#3655,0.175);
#207=CIRCLE('',#3656,0.1);
#208=CIRCLE('',#3657,0.25);
#209=CIRCLE('',#3658,0.1);
#210=CIRCLE('',#3662,0.75);
#211=CIRCLE('',#3663,0.75);
#212=CIRCLE('',#3665,0.75);
#213=CIRCLE('',#3666,0.75);
#214=CIRCLE('',#3668,0.775);
#215=CIRCLE('',#3669,0.1);
#216=CIRCLE('',#3671,0.1);
#217=CIRCLE('',#3672,0.25);
#218=CIRCLE('',#3673,0.1);
#219=CIRCLE('',#3674,0.1);
#220=CIRCLE('',#3675,0.1);
#221=CIRCLE('',#3676,0.1);
#222=CIRCLE('',#3677,0.775);
#223=CIRCLE('',#3678,0.1);
#224=CIRCLE('',#3679,0.775);
#225=CIRCLE('',#3680,0.1);
#226=CIRCLE('',#3681,0.1);
#227=CIRCLE('',#3682,0.1);
#228=CIRCLE('',#3683,0.1);
#229=CIRCLE('',#3684,0.775);
#230=CIRCLE('',#3685,0.65);
#231=CIRCLE('',#3686,0.1);
#232=CIRCLE('',#3687,0.775);
#233=CIRCLE('',#3688,0.1);
#234=CIRCLE('',#3691,0.1);
#235=CIRCLE('',#3693,0.1);
#236=CIRCLE('',#3694,0.1);
#237=CIRCLE('',#3696,0.12);
#238=CIRCLE('',#3697,0.12);
#239=CIRCLE('',#3703,0.175);
#240=CIRCLE('',#3705,0.1);
#241=CIRCLE('',#3709,0.15);
#242=CIRCLE('',#3710,0.775);
#243=CIRCLE('',#3713,0.15);
#244=CIRCLE('',#3715,0.1);
#245=CIRCLE('',#3718,0.1);
#246=CIRCLE('',#3719,0.1);
#247=CIRCLE('',#3722,0.1681221);
#248=CIRCLE('',#3723,0.275);
#249=CIRCLE('',#3726,0.775);
#250=CIRCLE('',#3727,0.15);
#251=CIRCLE('',#3730,0.775);
#252=CIRCLE('',#3731,0.775);
#253=CIRCLE('',#3733,0.75);
#254=CIRCLE('',#3734,0.75);
#255=CIRCLE('',#3738,0.6419482);
#256=CIRCLE('',#3739,0.15);
#257=CIRCLE('',#3740,0.775);
#258=CIRCLE('',#3741,0.1);
#259=CIRCLE('',#3742,0.775);
#260=CIRCLE('',#3744,0.6419502);
#261=CIRCLE('',#3746,0.6419502);
#262=CIRCLE('',#3747,0.6419482);
#263=CIRCLE('',#3750,0.15);
#264=CIRCLE('',#3752,0.775);
#265=CIRCLE('',#3755,0.775);
#266=CIRCLE('',#3758,0.15);
#267=CIRCLE('',#3759,0.15);
#268=CIRCLE('',#3761,0.775);
#269=CIRCLE('',#3762,0.775);
#270=CIRCLE('',#3763,0.775);
#271=CIRCLE('',#3766,0.1);
#272=CIRCLE('',#3770,0.275);
#273=CIRCLE('',#3772,0.1);
#274=CIRCLE('',#3775,0.1);
#275=CIRCLE('',#3776,0.1);
#276=CIRCLE('',#3777,0.1);
#277=CIRCLE('',#3779,0.65);
#278=CIRCLE('',#3781,3.4935118);
#279=CIRCLE('',#3782,0.75);
#280=CIRCLE('',#3783,0.775);
#281=CIRCLE('',#3793,0.15);
#282=CIRCLE('',#3796,0.75);
#283=CIRCLE('',#3799,3.4935118);
#284=CIRCLE('',#3805,0.775);
#285=ORIENTED_EDGE('',*,*,#1267,.F.);
#286=ORIENTED_EDGE('',*,*,#1268,.F.);
#287=ORIENTED_EDGE('',*,*,#1269,.T.);
#288=ORIENTED_EDGE('',*,*,#1270,.F.);
#289=ORIENTED_EDGE('',*,*,#1271,.T.);
#290=ORIENTED_EDGE('',*,*,#1272,.F.);
#291=ORIENTED_EDGE('',*,*,#1273,.F.);
#292=ORIENTED_EDGE('',*,*,#1274,.T.);
#293=ORIENTED_EDGE('',*,*,#1275,.F.);
#294=ORIENTED_EDGE('',*,*,#1276,.F.);
#295=ORIENTED_EDGE('',*,*,#1277,.T.);
#296=ORIENTED_EDGE('',*,*,#1278,.T.);
#297=ORIENTED_EDGE('',*,*,#1279,.T.);
#298=ORIENTED_EDGE('',*,*,#1280,.T.);
#299=ORIENTED_EDGE('',*,*,#1281,.F.);
#300=ORIENTED_EDGE('',*,*,#1282,.T.);
#301=ORIENTED_EDGE('',*,*,#1283,.F.);
#302=ORIENTED_EDGE('',*,*,#1284,.F.);
#303=ORIENTED_EDGE('',*,*,#1285,.F.);
#304=ORIENTED_EDGE('',*,*,#1286,.T.);
#305=ORIENTED_EDGE('',*,*,#1287,.T.);
#306=ORIENTED_EDGE('',*,*,#1288,.F.);
#307=ORIENTED_EDGE('',*,*,#1278,.F.);
#308=ORIENTED_EDGE('',*,*,#1289,.F.);
#309=ORIENTED_EDGE('',*,*,#1290,.T.);
#310=ORIENTED_EDGE('',*,*,#1291,.F.);
#311=ORIENTED_EDGE('',*,*,#1292,.T.);
#312=ORIENTED_EDGE('',*,*,#1293,.F.);
#313=ORIENTED_EDGE('',*,*,#1294,.T.);
#314=ORIENTED_EDGE('',*,*,#1295,.F.);
#315=ORIENTED_EDGE('',*,*,#1296,.T.);
#316=ORIENTED_EDGE('',*,*,#1297,.F.);
#317=ORIENTED_EDGE('',*,*,#1298,.T.);
#318=ORIENTED_EDGE('',*,*,#1299,.F.);
#319=ORIENTED_EDGE('',*,*,#1300,.T.);
#320=ORIENTED_EDGE('',*,*,#1295,.T.);
#321=ORIENTED_EDGE('',*,*,#1301,.F.);
#322=ORIENTED_EDGE('',*,*,#1302,.F.);
#323=ORIENTED_EDGE('',*,*,#1303,.F.);
#324=ORIENTED_EDGE('',*,*,#1304,.T.);
#325=ORIENTED_EDGE('',*,*,#1305,.F.);
#326=ORIENTED_EDGE('',*,*,#1306,.F.);
#327=ORIENTED_EDGE('',*,*,#1307,.F.);
#328=ORIENTED_EDGE('',*,*,#1308,.T.);
#329=ORIENTED_EDGE('',*,*,#1309,.T.);
#330=ORIENTED_EDGE('',*,*,#1310,.T.);
#331=ORIENTED_EDGE('',*,*,#1311,.T.);
#332=ORIENTED_EDGE('',*,*,#1312,.T.);
#333=ORIENTED_EDGE('',*,*,#1313,.F.);
#334=ORIENTED_EDGE('',*,*,#1314,.F.);
#335=ORIENTED_EDGE('',*,*,#1315,.F.);
#336=ORIENTED_EDGE('',*,*,#1283,.T.);
#337=ORIENTED_EDGE('',*,*,#1316,.T.);
#338=ORIENTED_EDGE('',*,*,#1317,.F.);
#339=ORIENTED_EDGE('',*,*,#1318,.T.);
#340=ORIENTED_EDGE('',*,*,#1319,.T.);
#341=ORIENTED_EDGE('',*,*,#1306,.T.);
#342=ORIENTED_EDGE('',*,*,#1320,.F.);
#343=ORIENTED_EDGE('',*,*,#1321,.F.);
#344=ORIENTED_EDGE('',*,*,#1322,.T.);
#345=ORIENTED_EDGE('',*,*,#1323,.F.);
#346=ORIENTED_EDGE('',*,*,#1324,.T.);
#347=ORIENTED_EDGE('',*,*,#1275,.T.);
#348=ORIENTED_EDGE('',*,*,#1325,.F.);
#349=ORIENTED_EDGE('',*,*,#1326,.T.);
#350=ORIENTED_EDGE('',*,*,#1327,.F.);
#351=ORIENTED_EDGE('',*,*,#1328,.T.);
#352=ORIENTED_EDGE('',*,*,#1329,.T.);
#353=ORIENTED_EDGE('',*,*,#1330,.T.);
#354=ORIENTED_EDGE('',*,*,#1331,.T.);
#355=ORIENTED_EDGE('',*,*,#1329,.F.);
#356=ORIENTED_EDGE('',*,*,#1332,.T.);
#357=ORIENTED_EDGE('',*,*,#1333,.F.);
#358=ORIENTED_EDGE('',*,*,#1334,.F.);
#359=ORIENTED_EDGE('',*,*,#1335,.T.);
#360=ORIENTED_EDGE('',*,*,#1336,.F.);
#361=ORIENTED_EDGE('',*,*,#1337,.F.);
#362=ORIENTED_EDGE('',*,*,#1338,.F.);
#363=ORIENTED_EDGE('',*,*,#1339,.F.);
#364=ORIENTED_EDGE('',*,*,#1334,.T.);
#365=ORIENTED_EDGE('',*,*,#1340,.T.);
#366=ORIENTED_EDGE('',*,*,#1276,.T.);
#367=ORIENTED_EDGE('',*,*,#1341,.F.);
#368=ORIENTED_EDGE('',*,*,#1342,.F.);
#369=ORIENTED_EDGE('',*,*,#1343,.F.);
#370=ORIENTED_EDGE('',*,*,#1344,.T.);
#371=ORIENTED_EDGE('',*,*,#1345,.T.);
#372=ORIENTED_EDGE('',*,*,#1346,.T.);
#373=ORIENTED_EDGE('',*,*,#1347,.F.);
#374=ORIENTED_EDGE('',*,*,#1348,.F.);
#375=ORIENTED_EDGE('',*,*,#1349,.F.);
#376=ORIENTED_EDGE('',*,*,#1330,.F.);
#377=ORIENTED_EDGE('',*,*,#1350,.F.);
#378=ORIENTED_EDGE('',*,*,#1351,.F.);
#379=ORIENTED_EDGE('',*,*,#1352,.T.);
#380=ORIENTED_EDGE('',*,*,#1353,.F.);
#381=ORIENTED_EDGE('',*,*,#1354,.T.);
#382=ORIENTED_EDGE('',*,*,#1339,.T.);
#383=ORIENTED_EDGE('',*,*,#1355,.F.);
#384=ORIENTED_EDGE('',*,*,#1347,.T.);
#385=ORIENTED_EDGE('',*,*,#1335,.F.);
#386=ORIENTED_EDGE('',*,*,#1356,.F.);
#387=ORIENTED_EDGE('',*,*,#1316,.F.);
#388=ORIENTED_EDGE('',*,*,#1357,.F.);
#389=ORIENTED_EDGE('',*,*,#1358,.F.);
#390=ORIENTED_EDGE('',*,*,#1359,.F.);
#391=ORIENTED_EDGE('',*,*,#1360,.T.);
#392=ORIENTED_EDGE('',*,*,#1361,.T.);
#393=ORIENTED_EDGE('',*,*,#1362,.F.);
#394=ORIENTED_EDGE('',*,*,#1291,.T.);
#395=ORIENTED_EDGE('',*,*,#1363,.F.);
#396=ORIENTED_EDGE('',*,*,#1364,.T.);
#397=ORIENTED_EDGE('',*,*,#1365,.F.);
#398=ORIENTED_EDGE('',*,*,#1366,.T.);
#399=ORIENTED_EDGE('',*,*,#1367,.F.);
#400=ORIENTED_EDGE('',*,*,#1368,.T.);
#401=ORIENTED_EDGE('',*,*,#1369,.T.);
#402=ORIENTED_EDGE('',*,*,#1281,.T.);
#403=ORIENTED_EDGE('',*,*,#1370,.F.);
#404=ORIENTED_EDGE('',*,*,#1371,.F.);
#405=ORIENTED_EDGE('',*,*,#1372,.T.);
#406=ORIENTED_EDGE('',*,*,#1373,.T.);
#407=ORIENTED_EDGE('',*,*,#1374,.T.);
#408=ORIENTED_EDGE('',*,*,#1375,.T.);
#409=ORIENTED_EDGE('',*,*,#1376,.T.);
#410=ORIENTED_EDGE('',*,*,#1377,.F.);
#411=ORIENTED_EDGE('',*,*,#1268,.T.);
#412=ORIENTED_EDGE('',*,*,#1378,.F.);
#413=ORIENTED_EDGE('',*,*,#1379,.T.);
#414=ORIENTED_EDGE('',*,*,#1380,.F.);
#415=ORIENTED_EDGE('',*,*,#1298,.F.);
#416=ORIENTED_EDGE('',*,*,#1294,.F.);
#417=ORIENTED_EDGE('',*,*,#1381,.T.);
#418=ORIENTED_EDGE('',*,*,#1382,.F.);
#419=ORIENTED_EDGE('',*,*,#1383,.F.);
#420=ORIENTED_EDGE('',*,*,#1384,.T.);
#421=ORIENTED_EDGE('',*,*,#1336,.T.);
#422=ORIENTED_EDGE('',*,*,#1333,.T.);
#423=ORIENTED_EDGE('',*,*,#1385,.F.);
#424=ORIENTED_EDGE('',*,*,#1386,.F.);
#425=ORIENTED_EDGE('',*,*,#1387,.T.);
#426=ORIENTED_EDGE('',*,*,#1388,.F.);
#427=ORIENTED_EDGE('',*,*,#1378,.T.);
#428=ORIENTED_EDGE('',*,*,#1267,.T.);
#429=ORIENTED_EDGE('',*,*,#1389,.T.);
#430=ORIENTED_EDGE('',*,*,#1390,.F.);
#431=ORIENTED_EDGE('',*,*,#1391,.T.);
#432=ORIENTED_EDGE('',*,*,#1350,.T.);
#433=ORIENTED_EDGE('',*,*,#1392,.T.);
#434=ORIENTED_EDGE('',*,*,#1393,.F.);
#435=ORIENTED_EDGE('',*,*,#1394,.T.);
#436=ORIENTED_EDGE('',*,*,#1395,.T.);
#437=ORIENTED_EDGE('',*,*,#1396,.F.);
#438=ORIENTED_EDGE('',*,*,#1397,.F.);
#439=ORIENTED_EDGE('',*,*,#1398,.F.);
#440=ORIENTED_EDGE('',*,*,#1399,.F.);
#441=ORIENTED_EDGE('',*,*,#1400,.T.);
#442=ORIENTED_EDGE('',*,*,#1401,.F.);
#443=ORIENTED_EDGE('',*,*,#1402,.F.);
#444=ORIENTED_EDGE('',*,*,#1403,.T.);
#445=ORIENTED_EDGE('',*,*,#1398,.T.);
#446=ORIENTED_EDGE('',*,*,#1404,.F.);
#447=ORIENTED_EDGE('',*,*,#1405,.F.);
#448=ORIENTED_EDGE('',*,*,#1406,.T.);
#449=ORIENTED_EDGE('',*,*,#1407,.T.);
#450=ORIENTED_EDGE('',*,*,#1408,.T.);
#451=ORIENTED_EDGE('',*,*,#1409,.T.);
#452=ORIENTED_EDGE('',*,*,#1410,.F.);
#453=ORIENTED_EDGE('',*,*,#1390,.T.);
#454=ORIENTED_EDGE('',*,*,#1411,.F.);
#455=ORIENTED_EDGE('',*,*,#1412,.F.);
#456=ORIENTED_EDGE('',*,*,#1413,.F.);
#457=ORIENTED_EDGE('',*,*,#1348,.T.);
#458=ORIENTED_EDGE('',*,*,#1355,.T.);
#459=ORIENTED_EDGE('',*,*,#1338,.T.);
#460=ORIENTED_EDGE('',*,*,#1414,.T.);
#461=ORIENTED_EDGE('',*,*,#1415,.F.);
#462=ORIENTED_EDGE('',*,*,#1416,.F.);
#463=ORIENTED_EDGE('',*,*,#1417,.T.);
#464=ORIENTED_EDGE('',*,*,#1326,.F.);
#465=ORIENTED_EDGE('',*,*,#1404,.T.);
#466=ORIENTED_EDGE('',*,*,#1401,.T.);
#467=ORIENTED_EDGE('',*,*,#1418,.T.);
#468=ORIENTED_EDGE('',*,*,#1419,.T.);
#469=ORIENTED_EDGE('',*,*,#1360,.F.);
#470=ORIENTED_EDGE('',*,*,#1332,.F.);
#471=ORIENTED_EDGE('',*,*,#1328,.F.);
#472=ORIENTED_EDGE('',*,*,#1420,.F.);
#473=ORIENTED_EDGE('',*,*,#1421,.F.);
#474=ORIENTED_EDGE('',*,*,#1422,.F.);
#475=ORIENTED_EDGE('',*,*,#1423,.T.);
#476=ORIENTED_EDGE('',*,*,#1424,.T.);
#477=ORIENTED_EDGE('',*,*,#1425,.T.);
#478=ORIENTED_EDGE('',*,*,#1387,.F.);
#479=ORIENTED_EDGE('',*,*,#1426,.T.);
#480=ORIENTED_EDGE('',*,*,#1343,.T.);
#481=ORIENTED_EDGE('',*,*,#1427,.F.);
#482=ORIENTED_EDGE('',*,*,#1428,.F.);
#483=ORIENTED_EDGE('',*,*,#1359,.T.);
#484=ORIENTED_EDGE('',*,*,#1429,.F.);
#485=ORIENTED_EDGE('',*,*,#1430,.T.);
#486=ORIENTED_EDGE('',*,*,#1431,.F.);
#487=ORIENTED_EDGE('',*,*,#1311,.F.);
#488=ORIENTED_EDGE('',*,*,#1432,.T.);
#489=ORIENTED_EDGE('',*,*,#1299,.T.);
#490=ORIENTED_EDGE('',*,*,#1380,.T.);
#491=ORIENTED_EDGE('',*,*,#1433,.T.);
#492=ORIENTED_EDGE('',*,*,#1407,.F.);
#493=ORIENTED_EDGE('',*,*,#1434,.T.);
#494=ORIENTED_EDGE('',*,*,#1374,.F.);
#495=ORIENTED_EDGE('',*,*,#1435,.T.);
#496=ORIENTED_EDGE('',*,*,#1436,.T.);
#497=ORIENTED_EDGE('',*,*,#1437,.T.);
#498=ORIENTED_EDGE('',*,*,#1342,.T.);
#499=ORIENTED_EDGE('',*,*,#1438,.T.);
#500=ORIENTED_EDGE('',*,*,#1439,.T.);
#501=ORIENTED_EDGE('',*,*,#1440,.F.);
#502=ORIENTED_EDGE('',*,*,#1285,.T.);
#503=ORIENTED_EDGE('',*,*,#1441,.F.);
#504=ORIENTED_EDGE('',*,*,#1442,.T.);
#505=ORIENTED_EDGE('',*,*,#1443,.F.);
#506=ORIENTED_EDGE('',*,*,#1444,.T.);
#507=ORIENTED_EDGE('',*,*,#1445,.T.);
#508=ORIENTED_EDGE('',*,*,#1446,.F.);
#509=ORIENTED_EDGE('',*,*,#1447,.T.);
#510=ORIENTED_EDGE('',*,*,#1389,.F.);
#511=ORIENTED_EDGE('',*,*,#1270,.T.);
#512=ORIENTED_EDGE('',*,*,#1448,.T.);
#513=ORIENTED_EDGE('',*,*,#1449,.T.);
#514=ORIENTED_EDGE('',*,*,#1341,.T.);
#515=ORIENTED_EDGE('',*,*,#1279,.F.);
#516=ORIENTED_EDGE('',*,*,#1288,.T.);
#517=ORIENTED_EDGE('',*,*,#1450,.F.);
#518=ORIENTED_EDGE('',*,*,#1427,.T.);
#519=ORIENTED_EDGE('',*,*,#1346,.F.);
#520=ORIENTED_EDGE('',*,*,#1451,.T.);
#521=ORIENTED_EDGE('',*,*,#1438,.F.);
#522=ORIENTED_EDGE('',*,*,#1429,.T.);
#523=ORIENTED_EDGE('',*,*,#1269,.F.);
#524=ORIENTED_EDGE('',*,*,#1377,.T.);
#525=ORIENTED_EDGE('',*,*,#1452,.F.);
#526=ORIENTED_EDGE('',*,*,#1448,.F.);
#527=ORIENTED_EDGE('',*,*,#1453,.F.);
#528=ORIENTED_EDGE('',*,*,#1395,.F.);
#529=ORIENTED_EDGE('',*,*,#1454,.T.);
#530=ORIENTED_EDGE('',*,*,#1455,.T.);
#531=ORIENTED_EDGE('',*,*,#1399,.T.);
#532=ORIENTED_EDGE('',*,*,#1403,.F.);
#533=ORIENTED_EDGE('',*,*,#1456,.F.);
#534=ORIENTED_EDGE('',*,*,#1442,.F.);
#535=ORIENTED_EDGE('',*,*,#1457,.T.);
#536=ORIENTED_EDGE('',*,*,#1458,.F.);
#537=ORIENTED_EDGE('',*,*,#1459,.T.);
#538=ORIENTED_EDGE('',*,*,#1412,.T.);
#539=ORIENTED_EDGE('',*,*,#1460,.F.);
#540=ORIENTED_EDGE('',*,*,#1356,.T.);
#541=ORIENTED_EDGE('',*,*,#1293,.T.);
#542=ORIENTED_EDGE('',*,*,#1461,.T.);
#543=ORIENTED_EDGE('',*,*,#1397,.T.);
#544=ORIENTED_EDGE('',*,*,#1462,.T.);
#545=ORIENTED_EDGE('',*,*,#1463,.F.);
#546=ORIENTED_EDGE('',*,*,#1464,.F.);
#547=ORIENTED_EDGE('',*,*,#1465,.F.);
#548=ORIENTED_EDGE('',*,*,#1454,.F.);
#549=ORIENTED_EDGE('',*,*,#1394,.F.);
#550=ORIENTED_EDGE('',*,*,#1466,.F.);
#551=ORIENTED_EDGE('',*,*,#1408,.F.);
#552=ORIENTED_EDGE('',*,*,#1435,.F.);
#553=ORIENTED_EDGE('',*,*,#1373,.F.);
#554=ORIENTED_EDGE('',*,*,#1467,.T.);
#555=ORIENTED_EDGE('',*,*,#1290,.F.);
#556=ORIENTED_EDGE('',*,*,#1468,.T.);
#557=ORIENTED_EDGE('',*,*,#1469,.T.);
#558=ORIENTED_EDGE('',*,*,#1363,.T.);
#559=ORIENTED_EDGE('',*,*,#1357,.T.);
#560=ORIENTED_EDGE('',*,*,#1271,.F.);
#561=ORIENTED_EDGE('',*,*,#1365,.T.);
#562=ORIENTED_EDGE('',*,*,#1470,.T.);
#563=ORIENTED_EDGE('',*,*,#1471,.T.);
#564=ORIENTED_EDGE('',*,*,#1466,.T.);
#565=ORIENTED_EDGE('',*,*,#1393,.T.);
#566=ORIENTED_EDGE('',*,*,#1461,.F.);
#567=ORIENTED_EDGE('',*,*,#1472,.T.);
#568=ORIENTED_EDGE('',*,*,#1458,.T.);
#569=ORIENTED_EDGE('',*,*,#1473,.T.);
#570=ORIENTED_EDGE('',*,*,#1318,.F.);
#571=ORIENTED_EDGE('',*,*,#1474,.F.);
#572=ORIENTED_EDGE('',*,*,#1475,.F.);
#573=ORIENTED_EDGE('',*,*,#1476,.F.);
#574=ORIENTED_EDGE('',*,*,#1477,.F.);
#575=ORIENTED_EDGE('',*,*,#1470,.F.);
#576=ORIENTED_EDGE('',*,*,#1364,.F.);
#577=ORIENTED_EDGE('',*,*,#1469,.F.);
#578=ORIENTED_EDGE('',*,*,#1452,.T.);
#579=ORIENTED_EDGE('',*,*,#1376,.F.);
#580=ORIENTED_EDGE('',*,*,#1478,.T.);
#581=ORIENTED_EDGE('',*,*,#1409,.F.);
#582=ORIENTED_EDGE('',*,*,#1467,.F.);
#583=ORIENTED_EDGE('',*,*,#1372,.F.);
#584=ORIENTED_EDGE('',*,*,#1479,.T.);
#585=ORIENTED_EDGE('',*,*,#1449,.F.);
#586=ORIENTED_EDGE('',*,*,#1375,.F.);
#587=ORIENTED_EDGE('',*,*,#1434,.F.);
#588=ORIENTED_EDGE('',*,*,#1406,.F.);
#589=ORIENTED_EDGE('',*,*,#1478,.F.);
#590=ORIENTED_EDGE('',*,*,#1451,.F.);
#591=ORIENTED_EDGE('',*,*,#1345,.F.);
#592=ORIENTED_EDGE('',*,*,#1480,.T.);
#593=ORIENTED_EDGE('',*,*,#1436,.F.);
#594=ORIENTED_EDGE('',*,*,#1481,.F.);
#595=ORIENTED_EDGE('',*,*,#1480,.F.);
#596=ORIENTED_EDGE('',*,*,#1344,.F.);
#597=ORIENTED_EDGE('',*,*,#1426,.F.);
#598=ORIENTED_EDGE('',*,*,#1482,.F.);
#599=ORIENTED_EDGE('',*,*,#1286,.F.);
#600=ORIENTED_EDGE('',*,*,#1277,.F.);
#601=ORIENTED_EDGE('',*,*,#1340,.F.);
#602=ORIENTED_EDGE('',*,*,#1437,.F.);
#603=ORIENTED_EDGE('',*,*,#1483,.F.);
#604=ORIENTED_EDGE('',*,*,#1475,.T.);
#605=ORIENTED_EDGE('',*,*,#1367,.T.);
#606=ORIENTED_EDGE('',*,*,#1321,.T.);
#607=ORIENTED_EDGE('',*,*,#1484,.T.);
#608=ORIENTED_EDGE('',*,*,#1313,.T.);
#609=ORIENTED_EDGE('',*,*,#1485,.T.);
#610=ORIENTED_EDGE('',*,*,#1368,.F.);
#611=ORIENTED_EDGE('',*,*,#1474,.T.);
#612=ORIENTED_EDGE('',*,*,#1460,.T.);
#613=ORIENTED_EDGE('',*,*,#1424,.F.);
#614=ORIENTED_EDGE('',*,*,#1486,.F.);
#615=ORIENTED_EDGE('',*,*,#1287,.F.);
#616=ORIENTED_EDGE('',*,*,#1482,.T.);
#617=ORIENTED_EDGE('',*,*,#1428,.T.);
#618=ORIENTED_EDGE('',*,*,#1450,.T.);
#619=ORIENTED_EDGE('',*,*,#1479,.F.);
#620=ORIENTED_EDGE('',*,*,#1371,.T.);
#621=ORIENTED_EDGE('',*,*,#1487,.F.);
#622=ORIENTED_EDGE('',*,*,#1439,.F.);
#623=ORIENTED_EDGE('',*,*,#1304,.F.);
#624=ORIENTED_EDGE('',*,*,#1488,.F.);
#625=ORIENTED_EDGE('',*,*,#1489,.T.);
#626=ORIENTED_EDGE('',*,*,#1322,.F.);
#627=ORIENTED_EDGE('',*,*,#1331,.F.);
#628=ORIENTED_EDGE('',*,*,#1490,.T.);
#629=ORIENTED_EDGE('',*,*,#1491,.T.);
#630=ORIENTED_EDGE('',*,*,#1492,.T.);
#631=ORIENTED_EDGE('',*,*,#1420,.T.);
#632=ORIENTED_EDGE('',*,*,#1327,.T.);
#633=ORIENTED_EDGE('',*,*,#1417,.F.);
#634=ORIENTED_EDGE('',*,*,#1421,.T.);
#635=ORIENTED_EDGE('',*,*,#1492,.F.);
#636=ORIENTED_EDGE('',*,*,#1416,.T.);
#637=ORIENTED_EDGE('',*,*,#1493,.F.);
#638=ORIENTED_EDGE('',*,*,#1273,.T.);
#639=ORIENTED_EDGE('',*,*,#1494,.T.);
#640=ORIENTED_EDGE('',*,*,#1495,.F.);
#641=ORIENTED_EDGE('',*,*,#1488,.T.);
#642=ORIENTED_EDGE('',*,*,#1496,.F.);
#643=ORIENTED_EDGE('',*,*,#1497,.F.);
#644=ORIENTED_EDGE('',*,*,#1383,.T.);
#645=ORIENTED_EDGE('',*,*,#1498,.F.);
#646=ORIENTED_EDGE('',*,*,#1445,.F.);
#647=ORIENTED_EDGE('',*,*,#1489,.F.);
#648=ORIENTED_EDGE('',*,*,#1495,.T.);
#649=ORIENTED_EDGE('',*,*,#1499,.T.);
#650=ORIENTED_EDGE('',*,*,#1323,.T.);
#651=ORIENTED_EDGE('',*,*,#1358,.T.);
#652=ORIENTED_EDGE('',*,*,#1354,.F.);
#653=ORIENTED_EDGE('',*,*,#1425,.F.);
#654=ORIENTED_EDGE('',*,*,#1486,.T.);
#655=ORIENTED_EDGE('',*,*,#1423,.F.);
#656=ORIENTED_EDGE('',*,*,#1386,.T.);
#657=ORIENTED_EDGE('',*,*,#1500,.F.);
#658=ORIENTED_EDGE('',*,*,#1501,.T.);
#659=ORIENTED_EDGE('',*,*,#1418,.F.);
#660=ORIENTED_EDGE('',*,*,#1400,.F.);
#661=ORIENTED_EDGE('',*,*,#1455,.F.);
#662=ORIENTED_EDGE('',*,*,#1465,.T.);
#663=ORIENTED_EDGE('',*,*,#1471,.F.);
#664=ORIENTED_EDGE('',*,*,#1477,.T.);
#665=ORIENTED_EDGE('',*,*,#1468,.F.);
#666=ORIENTED_EDGE('',*,*,#1289,.T.);
#667=ORIENTED_EDGE('',*,*,#1485,.F.);
#668=ORIENTED_EDGE('',*,*,#1312,.F.);
#669=ORIENTED_EDGE('',*,*,#1282,.F.);
#670=ORIENTED_EDGE('',*,*,#1369,.F.);
#671=ORIENTED_EDGE('',*,*,#1456,.T.);
#672=ORIENTED_EDGE('',*,*,#1402,.T.);
#673=ORIENTED_EDGE('',*,*,#1502,.T.);
#674=ORIENTED_EDGE('',*,*,#1302,.T.);
#675=ORIENTED_EDGE('',*,*,#1503,.T.);
#676=ORIENTED_EDGE('',*,*,#1490,.F.);
#677=ORIENTED_EDGE('',*,*,#1349,.T.);
#678=ORIENTED_EDGE('',*,*,#1413,.T.);
#679=ORIENTED_EDGE('',*,*,#1504,.F.);
#680=ORIENTED_EDGE('',*,*,#1443,.T.);
#681=ORIENTED_EDGE('',*,*,#1309,.F.);
#682=ORIENTED_EDGE('',*,*,#1505,.F.);
#683=ORIENTED_EDGE('',*,*,#1506,.T.);
#684=ORIENTED_EDGE('',*,*,#1351,.T.);
#685=ORIENTED_EDGE('',*,*,#1391,.F.);
#686=ORIENTED_EDGE('',*,*,#1410,.T.);
#687=ORIENTED_EDGE('',*,*,#1459,.F.);
#688=ORIENTED_EDGE('',*,*,#1472,.F.);
#689=ORIENTED_EDGE('',*,*,#1464,.T.);
#690=ORIENTED_EDGE('',*,*,#1473,.F.);
#691=ORIENTED_EDGE('',*,*,#1457,.F.);
#692=ORIENTED_EDGE('',*,*,#1411,.T.);
#693=ORIENTED_EDGE('',*,*,#1392,.F.);
#694=ORIENTED_EDGE('',*,*,#1353,.T.);
#695=ORIENTED_EDGE('',*,*,#1507,.T.);
#696=ORIENTED_EDGE('',*,*,#1508,.F.);
#697=ORIENTED_EDGE('',*,*,#1307,.T.);
#698=ORIENTED_EDGE('',*,*,#1319,.F.);
#699=ORIENTED_EDGE('',*,*,#1509,.T.);
#700=ORIENTED_EDGE('',*,*,#1314,.T.);
#701=ORIENTED_EDGE('',*,*,#1484,.F.);
#702=ORIENTED_EDGE('',*,*,#1320,.T.);
#703=ORIENTED_EDGE('',*,*,#1510,.T.);
#704=ORIENTED_EDGE('',*,*,#1500,.T.);
#705=ORIENTED_EDGE('',*,*,#1292,.F.);
#706=ORIENTED_EDGE('',*,*,#1362,.T.);
#707=ORIENTED_EDGE('',*,*,#1274,.F.);
#708=ORIENTED_EDGE('',*,*,#1493,.T.);
#709=ORIENTED_EDGE('',*,*,#1415,.T.);
#710=ORIENTED_EDGE('',*,*,#1325,.T.);
#711=ORIENTED_EDGE('',*,*,#1463,.T.);
#712=ORIENTED_EDGE('',*,*,#1511,.T.);
#713=ORIENTED_EDGE('',*,*,#1430,.F.);
#714=ORIENTED_EDGE('',*,*,#1310,.F.);
#715=ORIENTED_EDGE('',*,*,#1317,.T.);
#716=ORIENTED_EDGE('',*,*,#1361,.F.);
#717=ORIENTED_EDGE('',*,*,#1419,.F.);
#718=ORIENTED_EDGE('',*,*,#1501,.F.);
#719=ORIENTED_EDGE('',*,*,#1510,.F.);
#720=ORIENTED_EDGE('',*,*,#1512,.F.);
#721=ORIENTED_EDGE('',*,*,#1505,.T.);
#722=ORIENTED_EDGE('',*,*,#1308,.F.);
#723=ORIENTED_EDGE('',*,*,#1508,.T.);
#724=ORIENTED_EDGE('',*,*,#1503,.F.);
#725=ORIENTED_EDGE('',*,*,#1301,.T.);
#726=ORIENTED_EDGE('',*,*,#1491,.F.);
#727=ORIENTED_EDGE('',*,*,#1296,.F.);
#728=ORIENTED_EDGE('',*,*,#1300,.F.);
#729=ORIENTED_EDGE('',*,*,#1432,.F.);
#730=ORIENTED_EDGE('',*,*,#1513,.F.);
#731=ORIENTED_EDGE('',*,*,#1385,.T.);
#732=ORIENTED_EDGE('',*,*,#1481,.T.);
#733=ORIENTED_EDGE('',*,*,#1498,.T.);
#734=ORIENTED_EDGE('',*,*,#1382,.T.);
#735=ORIENTED_EDGE('',*,*,#1514,.F.);
#736=ORIENTED_EDGE('',*,*,#1446,.T.);
#737=ORIENTED_EDGE('',*,*,#1504,.T.);
#738=ORIENTED_EDGE('',*,*,#1414,.F.);
#739=ORIENTED_EDGE('',*,*,#1337,.T.);
#740=ORIENTED_EDGE('',*,*,#1384,.F.);
#741=ORIENTED_EDGE('',*,*,#1497,.T.);
#742=ORIENTED_EDGE('',*,*,#1444,.F.);
#743=ORIENTED_EDGE('',*,*,#1284,.T.);
#744=ORIENTED_EDGE('',*,*,#1315,.T.);
#745=ORIENTED_EDGE('',*,*,#1509,.F.);
#746=ORIENTED_EDGE('',*,*,#1305,.T.);
#747=ORIENTED_EDGE('',*,*,#1431,.T.);
#748=ORIENTED_EDGE('',*,*,#1511,.F.);
#749=ORIENTED_EDGE('',*,*,#1462,.F.);
#750=ORIENTED_EDGE('',*,*,#1396,.T.);
#751=ORIENTED_EDGE('',*,*,#1453,.T.);
#752=ORIENTED_EDGE('',*,*,#1441,.T.);
#753=ORIENTED_EDGE('',*,*,#1352,.F.);
#754=ORIENTED_EDGE('',*,*,#1506,.F.);
#755=ORIENTED_EDGE('',*,*,#1512,.T.);
#756=ORIENTED_EDGE('',*,*,#1507,.F.);
#757=ORIENTED_EDGE('',*,*,#1487,.T.);
#758=ORIENTED_EDGE('',*,*,#1370,.T.);
#759=ORIENTED_EDGE('',*,*,#1280,.F.);
#760=ORIENTED_EDGE('',*,*,#1440,.T.);
#761=ORIENTED_EDGE('',*,*,#1303,.T.);
#762=ORIENTED_EDGE('',*,*,#1502,.F.);
#763=ORIENTED_EDGE('',*,*,#1405,.T.);
#764=ORIENTED_EDGE('',*,*,#1422,.T.);
#765=ORIENTED_EDGE('',*,*,#1496,.T.);
#766=ORIENTED_EDGE('',*,*,#1499,.F.);
#767=ORIENTED_EDGE('',*,*,#1494,.F.);
#768=ORIENTED_EDGE('',*,*,#1272,.T.);
#769=ORIENTED_EDGE('',*,*,#1324,.F.);
#770=ORIENTED_EDGE('',*,*,#1514,.T.);
#771=ORIENTED_EDGE('',*,*,#1381,.F.);
#772=ORIENTED_EDGE('',*,*,#1297,.T.);
#773=ORIENTED_EDGE('',*,*,#1513,.T.);
#774=ORIENTED_EDGE('',*,*,#1433,.F.);
#775=ORIENTED_EDGE('',*,*,#1379,.F.);
#776=ORIENTED_EDGE('',*,*,#1388,.T.);
#777=ORIENTED_EDGE('',*,*,#1447,.F.);
#778=ORIENTED_EDGE('',*,*,#1483,.T.);
#779=ORIENTED_EDGE('',*,*,#1366,.F.);
#780=ORIENTED_EDGE('',*,*,#1476,.T.);
#781=ORIENTED_EDGE('',*,*,#1515,.T.);
#782=ORIENTED_EDGE('',*,*,#1516,.F.);
#783=ORIENTED_EDGE('',*,*,#1515,.F.);
#784=ORIENTED_EDGE('',*,*,#1516,.T.);
#785=ORIENTED_EDGE('',*,*,#1517,.T.);
#786=ORIENTED_EDGE('',*,*,#1518,.F.);
#787=ORIENTED_EDGE('',*,*,#1519,.T.);
#788=ORIENTED_EDGE('',*,*,#1520,.F.);
#789=ORIENTED_EDGE('',*,*,#1521,.T.);
#790=ORIENTED_EDGE('',*,*,#1522,.T.);
#791=ORIENTED_EDGE('',*,*,#1523,.F.);
#792=ORIENTED_EDGE('',*,*,#1524,.T.);
#793=ORIENTED_EDGE('',*,*,#1525,.F.);
#794=ORIENTED_EDGE('',*,*,#1526,.T.);
#795=ORIENTED_EDGE('',*,*,#1527,.T.);
#796=ORIENTED_EDGE('',*,*,#1528,.T.);
#797=ORIENTED_EDGE('',*,*,#1529,.F.);
#798=ORIENTED_EDGE('',*,*,#1530,.F.);
#799=ORIENTED_EDGE('',*,*,#1531,.F.);
#800=ORIENTED_EDGE('',*,*,#1532,.F.);
#801=ORIENTED_EDGE('',*,*,#1533,.F.);
#802=ORIENTED_EDGE('',*,*,#1534,.F.);
#803=ORIENTED_EDGE('',*,*,#1535,.F.);
#804=ORIENTED_EDGE('',*,*,#1536,.F.);
#805=ORIENTED_EDGE('',*,*,#1537,.F.);
#806=ORIENTED_EDGE('',*,*,#1538,.T.);
#807=ORIENTED_EDGE('',*,*,#1539,.F.);
#808=ORIENTED_EDGE('',*,*,#1540,.F.);
#809=ORIENTED_EDGE('',*,*,#1541,.F.);
#810=ORIENTED_EDGE('',*,*,#1542,.F.);
#811=ORIENTED_EDGE('',*,*,#1543,.F.);
#812=ORIENTED_EDGE('',*,*,#1544,.T.);
#813=ORIENTED_EDGE('',*,*,#1545,.F.);
#814=ORIENTED_EDGE('',*,*,#1546,.F.);
#815=ORIENTED_EDGE('',*,*,#1547,.T.);
#816=ORIENTED_EDGE('',*,*,#1548,.T.);
#817=ORIENTED_EDGE('',*,*,#1549,.F.);
#818=ORIENTED_EDGE('',*,*,#1550,.F.);
#819=ORIENTED_EDGE('',*,*,#1551,.F.);
#820=ORIENTED_EDGE('',*,*,#1552,.T.);
#821=ORIENTED_EDGE('',*,*,#1553,.F.);
#822=ORIENTED_EDGE('',*,*,#1554,.T.);
#823=ORIENTED_EDGE('',*,*,#1555,.T.);
#824=ORIENTED_EDGE('',*,*,#1556,.T.);
#825=ORIENTED_EDGE('',*,*,#1557,.T.);
#826=ORIENTED_EDGE('',*,*,#1558,.T.);
#827=ORIENTED_EDGE('',*,*,#1559,.F.);
#828=ORIENTED_EDGE('',*,*,#1560,.F.);
#829=ORIENTED_EDGE('',*,*,#1561,.F.);
#830=ORIENTED_EDGE('',*,*,#1562,.F.);
#831=ORIENTED_EDGE('',*,*,#1563,.T.);
#832=ORIENTED_EDGE('',*,*,#1517,.F.);
#833=ORIENTED_EDGE('',*,*,#1564,.F.);
#834=ORIENTED_EDGE('',*,*,#1565,.T.);
#835=ORIENTED_EDGE('',*,*,#1566,.T.);
#836=ORIENTED_EDGE('',*,*,#1567,.T.);
#837=ORIENTED_EDGE('',*,*,#1568,.F.);
#838=ORIENTED_EDGE('',*,*,#1569,.F.);
#839=ORIENTED_EDGE('',*,*,#1570,.F.);
#840=ORIENTED_EDGE('',*,*,#1571,.T.);
#841=ORIENTED_EDGE('',*,*,#1572,.F.);
#842=ORIENTED_EDGE('',*,*,#1541,.T.);
#843=ORIENTED_EDGE('',*,*,#1573,.T.);
#844=ORIENTED_EDGE('',*,*,#1519,.F.);
#845=ORIENTED_EDGE('',*,*,#1574,.T.);
#846=ORIENTED_EDGE('',*,*,#1575,.F.);
#847=ORIENTED_EDGE('',*,*,#1576,.F.);
#848=ORIENTED_EDGE('',*,*,#1577,.F.);
#849=ORIENTED_EDGE('',*,*,#1578,.T.);
#850=ORIENTED_EDGE('',*,*,#1534,.T.);
#851=ORIENTED_EDGE('',*,*,#1579,.T.);
#852=ORIENTED_EDGE('',*,*,#1580,.F.);
#853=ORIENTED_EDGE('',*,*,#1581,.F.);
#854=ORIENTED_EDGE('',*,*,#1582,.F.);
#855=ORIENTED_EDGE('',*,*,#1583,.T.);
#856=ORIENTED_EDGE('',*,*,#1584,.F.);
#857=ORIENTED_EDGE('',*,*,#1585,.T.);
#858=ORIENTED_EDGE('',*,*,#1586,.T.);
#859=ORIENTED_EDGE('',*,*,#1587,.F.);
#860=ORIENTED_EDGE('',*,*,#1588,.T.);
#861=ORIENTED_EDGE('',*,*,#1589,.F.);
#862=ORIENTED_EDGE('',*,*,#1590,.F.);
#863=ORIENTED_EDGE('',*,*,#1574,.F.);
#864=ORIENTED_EDGE('',*,*,#1522,.F.);
#865=ORIENTED_EDGE('',*,*,#1591,.T.);
#866=ORIENTED_EDGE('',*,*,#1592,.T.);
#867=ORIENTED_EDGE('',*,*,#1593,.F.);
#868=ORIENTED_EDGE('',*,*,#1594,.T.);
#869=ORIENTED_EDGE('',*,*,#1581,.T.);
#870=ORIENTED_EDGE('',*,*,#1595,.F.);
#871=ORIENTED_EDGE('',*,*,#1596,.T.);
#872=ORIENTED_EDGE('',*,*,#1595,.T.);
#873=ORIENTED_EDGE('',*,*,#1580,.T.);
#874=ORIENTED_EDGE('',*,*,#1597,.T.);
#875=ORIENTED_EDGE('',*,*,#1598,.F.);
#876=ORIENTED_EDGE('',*,*,#1559,.T.);
#877=ORIENTED_EDGE('',*,*,#1599,.T.);
#878=ORIENTED_EDGE('',*,*,#1600,.F.);
#879=ORIENTED_EDGE('',*,*,#1530,.T.);
#880=ORIENTED_EDGE('',*,*,#1601,.T.);
#881=ORIENTED_EDGE('',*,*,#1602,.T.);
#882=ORIENTED_EDGE('',*,*,#1603,.F.);
#883=ORIENTED_EDGE('',*,*,#1579,.F.);
#884=ORIENTED_EDGE('',*,*,#1537,.T.);
#885=ORIENTED_EDGE('',*,*,#1604,.T.);
#886=ORIENTED_EDGE('',*,*,#1605,.F.);
#887=ORIENTED_EDGE('',*,*,#1606,.T.);
#888=ORIENTED_EDGE('',*,*,#1607,.F.);
#889=ORIENTED_EDGE('',*,*,#1608,.T.);
#890=ORIENTED_EDGE('',*,*,#1609,.T.);
#891=ORIENTED_EDGE('',*,*,#1610,.T.);
#892=ORIENTED_EDGE('',*,*,#1520,.T.);
#893=ORIENTED_EDGE('',*,*,#1573,.F.);
#894=ORIENTED_EDGE('',*,*,#1540,.T.);
#895=ORIENTED_EDGE('',*,*,#1611,.F.);
#896=ORIENTED_EDGE('',*,*,#1612,.T.);
#897=ORIENTED_EDGE('',*,*,#1613,.F.);
#898=ORIENTED_EDGE('',*,*,#1614,.T.);
#899=ORIENTED_EDGE('',*,*,#1562,.T.);
#900=ORIENTED_EDGE('',*,*,#1615,.F.);
#901=ORIENTED_EDGE('',*,*,#1532,.T.);
#902=ORIENTED_EDGE('',*,*,#1616,.F.);
#903=ORIENTED_EDGE('',*,*,#1558,.F.);
#904=ORIENTED_EDGE('',*,*,#1617,.T.);
#905=ORIENTED_EDGE('',*,*,#1599,.F.);
#906=ORIENTED_EDGE('',*,*,#1618,.F.);
#907=ORIENTED_EDGE('',*,*,#1619,.T.);
#908=ORIENTED_EDGE('',*,*,#1620,.T.);
#909=ORIENTED_EDGE('',*,*,#1576,.T.);
#910=ORIENTED_EDGE('',*,*,#1621,.F.);
#911=ORIENTED_EDGE('',*,*,#1622,.F.);
#912=ORIENTED_EDGE('',*,*,#1527,.F.);
#913=ORIENTED_EDGE('',*,*,#1623,.T.);
#914=ORIENTED_EDGE('',*,*,#1546,.T.);
#915=ORIENTED_EDGE('',*,*,#1624,.F.);
#916=ORIENTED_EDGE('',*,*,#1597,.F.);
#917=ORIENTED_EDGE('',*,*,#1603,.T.);
#918=ORIENTED_EDGE('',*,*,#1610,.F.);
#919=ORIENTED_EDGE('',*,*,#1625,.F.);
#920=ORIENTED_EDGE('',*,*,#1626,.F.);
#921=ORIENTED_EDGE('',*,*,#1591,.F.);
#922=ORIENTED_EDGE('',*,*,#1521,.F.);
#923=ORIENTED_EDGE('',*,*,#1604,.F.);
#924=ORIENTED_EDGE('',*,*,#1536,.T.);
#925=ORIENTED_EDGE('',*,*,#1627,.T.);
#926=ORIENTED_EDGE('',*,*,#1628,.F.);
#927=ORIENTED_EDGE('',*,*,#1629,.F.);
#928=ORIENTED_EDGE('',*,*,#1630,.F.);
#929=ORIENTED_EDGE('',*,*,#1625,.T.);
#930=ORIENTED_EDGE('',*,*,#1609,.F.);
#931=ORIENTED_EDGE('',*,*,#1631,.F.);
#932=ORIENTED_EDGE('',*,*,#1632,.F.);
#933=ORIENTED_EDGE('',*,*,#1633,.F.);
#934=ORIENTED_EDGE('',*,*,#1634,.T.);
#935=ORIENTED_EDGE('',*,*,#1635,.F.);
#936=ORIENTED_EDGE('',*,*,#1636,.T.);
#937=ORIENTED_EDGE('',*,*,#1637,.T.);
#938=ORIENTED_EDGE('',*,*,#1638,.F.);
#939=ORIENTED_EDGE('',*,*,#1639,.F.);
#940=ORIENTED_EDGE('',*,*,#1640,.T.);
#941=ORIENTED_EDGE('',*,*,#1564,.T.);
#942=ORIENTED_EDGE('',*,*,#1641,.T.);
#943=ORIENTED_EDGE('',*,*,#1642,.T.);
#944=ORIENTED_EDGE('',*,*,#1643,.T.);
#945=ORIENTED_EDGE('',*,*,#1644,.F.);
#946=ORIENTED_EDGE('',*,*,#1645,.F.);
#947=ORIENTED_EDGE('',*,*,#1646,.T.);
#948=ORIENTED_EDGE('',*,*,#1647,.F.);
#949=ORIENTED_EDGE('',*,*,#1618,.T.);
#950=ORIENTED_EDGE('',*,*,#1529,.T.);
#951=ORIENTED_EDGE('',*,*,#1648,.T.);
#952=ORIENTED_EDGE('',*,*,#1649,.F.);
#953=ORIENTED_EDGE('',*,*,#1650,.F.);
#954=ORIENTED_EDGE('',*,*,#1651,.T.);
#955=ORIENTED_EDGE('',*,*,#1652,.F.);
#956=ORIENTED_EDGE('',*,*,#1653,.F.);
#957=ORIENTED_EDGE('',*,*,#1556,.F.);
#958=ORIENTED_EDGE('',*,*,#1654,.T.);
#959=ORIENTED_EDGE('',*,*,#1651,.F.);
#960=ORIENTED_EDGE('',*,*,#1655,.T.);
#961=ORIENTED_EDGE('',*,*,#1656,.T.);
#962=ORIENTED_EDGE('',*,*,#1657,.T.);
#963=ORIENTED_EDGE('',*,*,#1658,.T.);
#964=ORIENTED_EDGE('',*,*,#1659,.T.);
#965=ORIENTED_EDGE('',*,*,#1660,.F.);
#966=ORIENTED_EDGE('',*,*,#1661,.F.);
#967=ORIENTED_EDGE('',*,*,#1662,.F.);
#968=ORIENTED_EDGE('',*,*,#1663,.F.);
#969=ORIENTED_EDGE('',*,*,#1656,.F.);
#970=ORIENTED_EDGE('',*,*,#1664,.T.);
#971=ORIENTED_EDGE('',*,*,#1662,.T.);
#972=ORIENTED_EDGE('',*,*,#1665,.T.);
#973=ORIENTED_EDGE('',*,*,#1561,.T.);
#974=ORIENTED_EDGE('',*,*,#1666,.F.);
#975=ORIENTED_EDGE('',*,*,#1601,.F.);
#976=ORIENTED_EDGE('',*,*,#1533,.T.);
#977=ORIENTED_EDGE('',*,*,#1615,.T.);
#978=ORIENTED_EDGE('',*,*,#1608,.F.);
#979=ORIENTED_EDGE('',*,*,#1667,.F.);
#980=ORIENTED_EDGE('',*,*,#1668,.F.);
#981=ORIENTED_EDGE('',*,*,#1669,.T.);
#982=ORIENTED_EDGE('',*,*,#1670,.F.);
#983=ORIENTED_EDGE('',*,*,#1593,.T.);
#984=ORIENTED_EDGE('',*,*,#1596,.F.);
#985=ORIENTED_EDGE('',*,*,#1671,.F.);
#986=ORIENTED_EDGE('',*,*,#1672,.T.);
#987=ORIENTED_EDGE('',*,*,#1619,.F.);
#988=ORIENTED_EDGE('',*,*,#1673,.F.);
#989=ORIENTED_EDGE('',*,*,#1629,.T.);
#990=ORIENTED_EDGE('',*,*,#1674,.T.);
#991=ORIENTED_EDGE('',*,*,#1607,.T.);
#992=ORIENTED_EDGE('',*,*,#1523,.T.);
#993=ORIENTED_EDGE('',*,*,#1675,.F.);
#994=ORIENTED_EDGE('',*,*,#1667,.T.);
#995=ORIENTED_EDGE('',*,*,#1674,.F.);
#996=ORIENTED_EDGE('',*,*,#1676,.T.);
#997=ORIENTED_EDGE('',*,*,#1675,.T.);
#998=ORIENTED_EDGE('',*,*,#1677,.T.);
#999=ORIENTED_EDGE('',*,*,#1678,.F.);
#1000=ORIENTED_EDGE('',*,*,#1679,.F.);
#1001=ORIENTED_EDGE('',*,*,#1653,.T.);
#1002=ORIENTED_EDGE('',*,*,#1680,.F.);
#1003=ORIENTED_EDGE('',*,*,#1681,.T.);
#1004=ORIENTED_EDGE('',*,*,#1682,.T.);
#1005=ORIENTED_EDGE('',*,*,#1589,.T.);
#1006=ORIENTED_EDGE('',*,*,#1683,.T.);
#1007=ORIENTED_EDGE('',*,*,#1551,.T.);
#1008=ORIENTED_EDGE('',*,*,#1684,.T.);
#1009=ORIENTED_EDGE('',*,*,#1648,.F.);
#1010=ORIENTED_EDGE('',*,*,#1679,.T.);
#1011=ORIENTED_EDGE('',*,*,#1583,.F.);
#1012=ORIENTED_EDGE('',*,*,#1685,.F.);
#1013=ORIENTED_EDGE('',*,*,#1686,.T.);
#1014=ORIENTED_EDGE('',*,*,#1687,.T.);
#1015=ORIENTED_EDGE('',*,*,#1670,.T.);
#1016=ORIENTED_EDGE('',*,*,#1688,.T.);
#1017=ORIENTED_EDGE('',*,*,#1689,.T.);
#1018=ORIENTED_EDGE('',*,*,#1685,.T.);
#1019=ORIENTED_EDGE('',*,*,#1582,.T.);
#1020=ORIENTED_EDGE('',*,*,#1594,.F.);
#1021=ORIENTED_EDGE('',*,*,#1673,.T.);
#1022=ORIENTED_EDGE('',*,*,#1621,.T.);
#1023=ORIENTED_EDGE('',*,*,#1575,.T.);
#1024=ORIENTED_EDGE('',*,*,#1592,.F.);
#1025=ORIENTED_EDGE('',*,*,#1626,.T.);
#1026=ORIENTED_EDGE('',*,*,#1630,.T.);
#1027=ORIENTED_EDGE('',*,*,#1690,.F.);
#1028=ORIENTED_EDGE('',*,*,#1614,.F.);
#1029=ORIENTED_EDGE('',*,*,#1691,.T.);
#1030=ORIENTED_EDGE('',*,*,#1692,.F.);
#1031=ORIENTED_EDGE('',*,*,#1693,.T.);
#1032=ORIENTED_EDGE('',*,*,#1692,.T.);
#1033=ORIENTED_EDGE('',*,*,#1694,.F.);
#1034=ORIENTED_EDGE('',*,*,#1695,.F.);
#1035=ORIENTED_EDGE('',*,*,#1696,.T.);
#1036=ORIENTED_EDGE('',*,*,#1697,.T.);
#1037=ORIENTED_EDGE('',*,*,#1570,.T.);
#1038=ORIENTED_EDGE('',*,*,#1698,.F.);
#1039=ORIENTED_EDGE('',*,*,#1548,.F.);
#1040=ORIENTED_EDGE('',*,*,#1699,.T.);
#1041=ORIENTED_EDGE('',*,*,#1700,.T.);
#1042=ORIENTED_EDGE('',*,*,#1701,.F.);
#1043=ORIENTED_EDGE('',*,*,#1672,.F.);
#1044=ORIENTED_EDGE('',*,*,#1702,.T.);
#1045=ORIENTED_EDGE('',*,*,#1703,.T.);
#1046=ORIENTED_EDGE('',*,*,#1577,.T.);
#1047=ORIENTED_EDGE('',*,*,#1620,.F.);
#1048=ORIENTED_EDGE('',*,*,#1704,.T.);
#1049=ORIENTED_EDGE('',*,*,#1637,.F.);
#1050=ORIENTED_EDGE('',*,*,#1705,.F.);
#1051=ORIENTED_EDGE('',*,*,#1612,.F.);
#1052=ORIENTED_EDGE('',*,*,#1706,.T.);
#1053=ORIENTED_EDGE('',*,*,#1586,.F.);
#1054=ORIENTED_EDGE('',*,*,#1707,.F.);
#1055=ORIENTED_EDGE('',*,*,#1554,.F.);
#1056=ORIENTED_EDGE('',*,*,#1647,.T.);
#1057=ORIENTED_EDGE('',*,*,#1708,.T.);
#1058=ORIENTED_EDGE('',*,*,#1538,.F.);
#1059=ORIENTED_EDGE('',*,*,#1572,.T.);
#1060=ORIENTED_EDGE('',*,*,#1709,.T.);
#1061=ORIENTED_EDGE('',*,*,#1710,.T.);
#1062=ORIENTED_EDGE('',*,*,#1684,.F.);
#1063=ORIENTED_EDGE('',*,*,#1550,.T.);
#1064=ORIENTED_EDGE('',*,*,#1711,.T.);
#1065=ORIENTED_EDGE('',*,*,#1649,.T.);
#1066=ORIENTED_EDGE('',*,*,#1712,.F.);
#1067=ORIENTED_EDGE('',*,*,#1638,.T.);
#1068=ORIENTED_EDGE('',*,*,#1713,.F.);
#1069=ORIENTED_EDGE('',*,*,#1681,.F.);
#1070=ORIENTED_EDGE('',*,*,#1678,.T.);
#1071=ORIENTED_EDGE('',*,*,#1714,.F.);
#1072=ORIENTED_EDGE('',*,*,#1676,.F.);
#1073=ORIENTED_EDGE('',*,*,#1606,.F.);
#1074=ORIENTED_EDGE('',*,*,#1690,.T.);
#1075=ORIENTED_EDGE('',*,*,#1693,.F.);
#1076=ORIENTED_EDGE('',*,*,#1715,.T.);
#1077=ORIENTED_EDGE('',*,*,#1716,.F.);
#1078=ORIENTED_EDGE('',*,*,#1584,.T.);
#1079=ORIENTED_EDGE('',*,*,#1687,.F.);
#1080=ORIENTED_EDGE('',*,*,#1717,.T.);
#1081=ORIENTED_EDGE('',*,*,#1718,.T.);
#1082=ORIENTED_EDGE('',*,*,#1719,.F.);
#1083=ORIENTED_EDGE('',*,*,#1642,.F.);
#1084=ORIENTED_EDGE('',*,*,#1720,.F.);
#1085=ORIENTED_EDGE('',*,*,#1721,.F.);
#1086=ORIENTED_EDGE('',*,*,#1722,.F.);
#1087=ORIENTED_EDGE('',*,*,#1699,.F.);
#1088=ORIENTED_EDGE('',*,*,#1547,.F.);
#1089=ORIENTED_EDGE('',*,*,#1623,.F.);
#1090=ORIENTED_EDGE('',*,*,#1526,.F.);
#1091=ORIENTED_EDGE('',*,*,#1723,.F.);
#1092=ORIENTED_EDGE('',*,*,#1663,.T.);
#1093=ORIENTED_EDGE('',*,*,#1664,.F.);
#1094=ORIENTED_EDGE('',*,*,#1659,.F.);
#1095=ORIENTED_EDGE('',*,*,#1724,.T.);
#1096=ORIENTED_EDGE('',*,*,#1543,.T.);
#1097=ORIENTED_EDGE('',*,*,#1725,.T.);
#1098=ORIENTED_EDGE('',*,*,#1646,.F.);
#1099=ORIENTED_EDGE('',*,*,#1563,.F.);
#1100=ORIENTED_EDGE('',*,*,#1616,.T.);
#1101=ORIENTED_EDGE('',*,*,#1531,.T.);
#1102=ORIENTED_EDGE('',*,*,#1600,.T.);
#1103=ORIENTED_EDGE('',*,*,#1617,.F.);
#1104=ORIENTED_EDGE('',*,*,#1726,.T.);
#1105=ORIENTED_EDGE('',*,*,#1727,.T.);
#1106=ORIENTED_EDGE('',*,*,#1703,.F.);
#1107=ORIENTED_EDGE('',*,*,#1715,.F.);
#1108=ORIENTED_EDGE('',*,*,#1698,.T.);
#1109=ORIENTED_EDGE('',*,*,#1569,.T.);
#1110=ORIENTED_EDGE('',*,*,#1728,.F.);
#1111=ORIENTED_EDGE('',*,*,#1716,.T.);
#1112=ORIENTED_EDGE('',*,*,#1728,.T.);
#1113=ORIENTED_EDGE('',*,*,#1568,.T.);
#1114=ORIENTED_EDGE('',*,*,#1632,.T.);
#1115=ORIENTED_EDGE('',*,*,#1729,.F.);
#1116=ORIENTED_EDGE('',*,*,#1544,.F.);
#1117=ORIENTED_EDGE('',*,*,#1724,.F.);
#1118=ORIENTED_EDGE('',*,*,#1658,.F.);
#1119=ORIENTED_EDGE('',*,*,#1730,.F.);
#1120=ORIENTED_EDGE('',*,*,#1727,.F.);
#1121=ORIENTED_EDGE('',*,*,#1731,.F.);
#1122=ORIENTED_EDGE('',*,*,#1627,.F.);
#1123=ORIENTED_EDGE('',*,*,#1535,.T.);
#1124=ORIENTED_EDGE('',*,*,#1578,.F.);
#1125=ORIENTED_EDGE('',*,*,#1732,.F.);
#1126=ORIENTED_EDGE('',*,*,#1733,.F.);
#1127=ORIENTED_EDGE('',*,*,#1734,.T.);
#1128=ORIENTED_EDGE('',*,*,#1735,.T.);
#1129=ORIENTED_EDGE('',*,*,#1565,.F.);
#1130=ORIENTED_EDGE('',*,*,#1712,.T.);
#1131=ORIENTED_EDGE('',*,*,#1729,.T.);
#1132=ORIENTED_EDGE('',*,*,#1631,.T.);
#1133=ORIENTED_EDGE('',*,*,#1736,.T.);
#1134=ORIENTED_EDGE('',*,*,#1737,.T.);
#1135=ORIENTED_EDGE('',*,*,#1733,.T.);
#1136=ORIENTED_EDGE('',*,*,#1738,.T.);
#1137=ORIENTED_EDGE('',*,*,#1639,.T.);
#1138=ORIENTED_EDGE('',*,*,#1669,.F.);
#1139=ORIENTED_EDGE('',*,*,#1739,.F.);
#1140=ORIENTED_EDGE('',*,*,#1740,.T.);
#1141=ORIENTED_EDGE('',*,*,#1688,.F.);
#1142=ORIENTED_EDGE('',*,*,#1557,.F.);
#1143=ORIENTED_EDGE('',*,*,#1655,.F.);
#1144=ORIENTED_EDGE('',*,*,#1650,.T.);
#1145=ORIENTED_EDGE('',*,*,#1711,.F.);
#1146=ORIENTED_EDGE('',*,*,#1645,.T.);
#1147=ORIENTED_EDGE('',*,*,#1741,.F.);
#1148=ORIENTED_EDGE('',*,*,#1742,.F.);
#1149=ORIENTED_EDGE('',*,*,#1720,.T.);
#1150=ORIENTED_EDGE('',*,*,#1566,.F.);
#1151=ORIENTED_EDGE('',*,*,#1735,.F.);
#1152=ORIENTED_EDGE('',*,*,#1743,.T.);
#1153=ORIENTED_EDGE('',*,*,#1744,.T.);
#1154=ORIENTED_EDGE('',*,*,#1643,.F.);
#1155=ORIENTED_EDGE('',*,*,#1719,.T.);
#1156=ORIENTED_EDGE('',*,*,#1745,.T.);
#1157=ORIENTED_EDGE('',*,*,#1746,.T.);
#1158=ORIENTED_EDGE('',*,*,#1633,.T.);
#1159=ORIENTED_EDGE('',*,*,#1567,.F.);
#1160=ORIENTED_EDGE('',*,*,#1744,.F.);
#1161=ORIENTED_EDGE('',*,*,#1747,.T.);
#1162=ORIENTED_EDGE('',*,*,#1736,.F.);
#1163=ORIENTED_EDGE('',*,*,#1668,.T.);
#1164=ORIENTED_EDGE('',*,*,#1677,.F.);
#1165=ORIENTED_EDGE('',*,*,#1714,.T.);
#1166=ORIENTED_EDGE('',*,*,#1680,.T.);
#1167=ORIENTED_EDGE('',*,*,#1652,.T.);
#1168=ORIENTED_EDGE('',*,*,#1654,.F.);
#1169=ORIENTED_EDGE('',*,*,#1555,.F.);
#1170=ORIENTED_EDGE('',*,*,#1707,.T.);
#1171=ORIENTED_EDGE('',*,*,#1585,.F.);
#1172=ORIENTED_EDGE('',*,*,#1718,.F.);
#1173=ORIENTED_EDGE('',*,*,#1748,.T.);
#1174=ORIENTED_EDGE('',*,*,#1739,.T.);
#1175=ORIENTED_EDGE('',*,*,#1560,.T.);
#1176=ORIENTED_EDGE('',*,*,#1602,.F.);
#1177=ORIENTED_EDGE('',*,*,#1666,.T.);
#1178=ORIENTED_EDGE('',*,*,#1723,.T.);
#1179=ORIENTED_EDGE('',*,*,#1525,.T.);
#1180=ORIENTED_EDGE('',*,*,#1749,.F.);
#1181=ORIENTED_EDGE('',*,*,#1660,.T.);
#1182=ORIENTED_EDGE('',*,*,#1700,.F.);
#1183=ORIENTED_EDGE('',*,*,#1722,.T.);
#1184=ORIENTED_EDGE('',*,*,#1750,.T.);
#1185=ORIENTED_EDGE('',*,*,#1751,.F.);
#1186=ORIENTED_EDGE('',*,*,#1694,.T.);
#1187=ORIENTED_EDGE('',*,*,#1691,.F.);
#1188=ORIENTED_EDGE('',*,*,#1613,.T.);
#1189=ORIENTED_EDGE('',*,*,#1705,.T.);
#1190=ORIENTED_EDGE('',*,*,#1636,.F.);
#1191=ORIENTED_EDGE('',*,*,#1752,.F.);
#1192=ORIENTED_EDGE('',*,*,#1689,.F.);
#1193=ORIENTED_EDGE('',*,*,#1740,.F.);
#1194=ORIENTED_EDGE('',*,*,#1748,.F.);
#1195=ORIENTED_EDGE('',*,*,#1717,.F.);
#1196=ORIENTED_EDGE('',*,*,#1686,.F.);
#1197=ORIENTED_EDGE('',*,*,#1644,.T.);
#1198=ORIENTED_EDGE('',*,*,#1746,.F.);
#1199=ORIENTED_EDGE('',*,*,#1753,.T.);
#1200=ORIENTED_EDGE('',*,*,#1545,.T.);
#1201=ORIENTED_EDGE('',*,*,#1730,.T.);
#1202=ORIENTED_EDGE('',*,*,#1657,.F.);
#1203=ORIENTED_EDGE('',*,*,#1665,.F.);
#1204=ORIENTED_EDGE('',*,*,#1661,.T.);
#1205=ORIENTED_EDGE('',*,*,#1749,.T.);
#1206=ORIENTED_EDGE('',*,*,#1528,.F.);
#1207=ORIENTED_EDGE('',*,*,#1622,.T.);
#1208=ORIENTED_EDGE('',*,*,#1549,.T.);
#1209=ORIENTED_EDGE('',*,*,#1701,.T.);
#1210=ORIENTED_EDGE('',*,*,#1751,.T.);
#1211=ORIENTED_EDGE('',*,*,#1754,.T.);
#1212=ORIENTED_EDGE('',*,*,#1741,.T.);
#1213=ORIENTED_EDGE('',*,*,#1708,.F.);
#1214=ORIENTED_EDGE('',*,*,#1524,.F.);
#1215=ORIENTED_EDGE('',*,*,#1518,.T.);
#1216=ORIENTED_EDGE('',*,*,#1738,.F.);
#1217=ORIENTED_EDGE('',*,*,#1732,.T.);
#1218=ORIENTED_EDGE('',*,*,#1640,.F.);
#1219=ORIENTED_EDGE('',*,*,#1671,.T.);
#1220=ORIENTED_EDGE('',*,*,#1598,.T.);
#1221=ORIENTED_EDGE('',*,*,#1624,.T.);
#1222=ORIENTED_EDGE('',*,*,#1605,.T.);
#1223=ORIENTED_EDGE('',*,*,#1628,.T.);
#1224=ORIENTED_EDGE('',*,*,#1731,.T.);
#1225=ORIENTED_EDGE('',*,*,#1726,.F.);
#1226=ORIENTED_EDGE('',*,*,#1702,.F.);
#1227=ORIENTED_EDGE('',*,*,#1753,.F.);
#1228=ORIENTED_EDGE('',*,*,#1745,.F.);
#1229=ORIENTED_EDGE('',*,*,#1725,.F.);
#1230=ORIENTED_EDGE('',*,*,#1542,.T.);
#1231=ORIENTED_EDGE('',*,*,#1747,.F.);
#1232=ORIENTED_EDGE('',*,*,#1743,.F.);
#1233=ORIENTED_EDGE('',*,*,#1734,.F.);
#1234=ORIENTED_EDGE('',*,*,#1737,.F.);
#1235=ORIENTED_EDGE('',*,*,#1750,.F.);
#1236=ORIENTED_EDGE('',*,*,#1721,.T.);
#1237=ORIENTED_EDGE('',*,*,#1742,.T.);
#1238=ORIENTED_EDGE('',*,*,#1754,.F.);
#1239=ORIENTED_EDGE('',*,*,#1755,.T.);
#1240=ORIENTED_EDGE('',*,*,#1587,.T.);
#1241=ORIENTED_EDGE('',*,*,#1706,.F.);
#1242=ORIENTED_EDGE('',*,*,#1553,.T.);
#1243=ORIENTED_EDGE('',*,*,#1755,.F.);
#1244=ORIENTED_EDGE('',*,*,#1552,.F.);
#1245=ORIENTED_EDGE('',*,*,#1683,.F.);
#1246=ORIENTED_EDGE('',*,*,#1588,.F.);
#1247=ORIENTED_EDGE('',*,*,#1709,.F.);
#1248=ORIENTED_EDGE('',*,*,#1571,.F.);
#1249=ORIENTED_EDGE('',*,*,#1697,.F.);
#1250=ORIENTED_EDGE('',*,*,#1756,.F.);
#1251=ORIENTED_EDGE('',*,*,#1695,.T.);
#1252=ORIENTED_EDGE('',*,*,#1752,.T.);
#1253=ORIENTED_EDGE('',*,*,#1635,.T.);
#1254=ORIENTED_EDGE('',*,*,#1757,.F.);
#1255=ORIENTED_EDGE('',*,*,#1757,.T.);
#1256=ORIENTED_EDGE('',*,*,#1634,.F.);
#1257=ORIENTED_EDGE('',*,*,#1704,.F.);
#1258=ORIENTED_EDGE('',*,*,#1611,.T.);
#1259=ORIENTED_EDGE('',*,*,#1539,.T.);
#1260=ORIENTED_EDGE('',*,*,#1710,.F.);
#1261=ORIENTED_EDGE('',*,*,#1756,.T.);
#1262=ORIENTED_EDGE('',*,*,#1696,.F.);
#1263=ORIENTED_EDGE('',*,*,#1713,.T.);
#1264=ORIENTED_EDGE('',*,*,#1641,.F.);
#1265=ORIENTED_EDGE('',*,*,#1590,.T.);
#1266=ORIENTED_EDGE('',*,*,#1682,.F.);
#1267=EDGE_CURVE('',#1758,#1759,#2090,.T.);
#1268=EDGE_CURVE('',#1760,#1758,#2091,.T.);
#1269=EDGE_CURVE('',#1760,#1761,#2092,.T.);
#1270=EDGE_CURVE('',#1759,#1761,#2093,.T.);
#1271=EDGE_CURVE('',#1762,#1762,#128,.T.);
#1272=EDGE_CURVE('',#1763,#1764,#2094,.T.);
#1273=EDGE_CURVE('',#1765,#1763,#2095,.T.);
#1274=EDGE_CURVE('',#1765,#1766,#2096,.T.);
#1275=EDGE_CURVE('',#1764,#1766,#2097,.T.);
#1276=EDGE_CURVE('',#1767,#1768,#2098,.T.);
#1277=EDGE_CURVE('',#1767,#1769,#129,.T.);
#1278=EDGE_CURVE('',#1769,#1770,#2099,.T.);
#1279=EDGE_CURVE('',#1770,#1768,#130,.T.);
#1280=EDGE_CURVE('',#1771,#1772,#2100,.T.);
#1281=EDGE_CURVE('',#1773,#1772,#2101,.T.);
#1282=EDGE_CURVE('',#1773,#1774,#2102,.T.);
#1283=EDGE_CURVE('',#1775,#1774,#2103,.T.);
#1284=EDGE_CURVE('',#1776,#1775,#2104,.T.);
#1285=EDGE_CURVE('',#1771,#1776,#2105,.T.);
#1286=EDGE_CURVE('',#1769,#1777,#2106,.T.);
#1287=EDGE_CURVE('',#1777,#1778,#2107,.T.);
#1288=EDGE_CURVE('',#1770,#1778,#2108,.T.);
#1289=EDGE_CURVE('',#1779,#1780,#2109,.T.);
#1290=EDGE_CURVE('',#1779,#1781,#2110,.T.);
#1291=EDGE_CURVE('',#1782,#1781,#2111,.T.);
#1292=EDGE_CURVE('',#1782,#1780,#2112,.T.);
#1293=EDGE_CURVE('',#1783,#1783,#131,.T.);
#1294=EDGE_CURVE('',#1784,#1785,#2113,.T.);
#1295=EDGE_CURVE('',#1786,#1785,#2114,.T.);
#1296=EDGE_CURVE('',#1786,#1787,#2115,.T.);
#1297=EDGE_CURVE('',#1784,#1787,#2116,.T.);
#1298=EDGE_CURVE('',#1785,#1788,#2117,.T.);
#1299=EDGE_CURVE('',#1789,#1788,#2118,.T.);
#1300=EDGE_CURVE('',#1789,#1786,#2119,.T.);
#1301=EDGE_CURVE('',#1790,#1791,#2120,.T.);
#1302=EDGE_CURVE('',#1792,#1790,#2121,.T.);
#1303=EDGE_CURVE('',#1793,#1792,#2122,.T.);
#1304=EDGE_CURVE('',#1793,#1791,#2123,.T.);
#1305=EDGE_CURVE('',#1794,#1795,#2124,.T.);
#1306=EDGE_CURVE('',#1796,#1794,#132,.T.);
#1307=EDGE_CURVE('',#1797,#1796,#2125,.T.);
#1308=EDGE_CURVE('',#1797,#1798,#2126,.T.);
#1309=EDGE_CURVE('',#1798,#1799,#2127,.T.);
#1310=EDGE_CURVE('',#1799,#1800,#2128,.T.);
#1311=EDGE_CURVE('',#1800,#1795,#2129,.T.);
#1312=EDGE_CURVE('',#1774,#1801,#2130,.T.);
#1313=EDGE_CURVE('',#1802,#1801,#2131,.T.);
#1314=EDGE_CURVE('',#1803,#1802,#2132,.T.);
#1315=EDGE_CURVE('',#1775,#1803,#133,.T.);
#1316=EDGE_CURVE('',#1804,#1804,#134,.T.);
#1317=EDGE_CURVE('',#1805,#1805,#135,.T.);
#1318=EDGE_CURVE('',#1806,#1807,#136,.T.);
#1319=EDGE_CURVE('',#1807,#1796,#2133,.T.);
#1320=EDGE_CURVE('',#1808,#1794,#137,.T.);
#1321=EDGE_CURVE('',#1806,#1808,#2134,.T.);
#1322=EDGE_CURVE('',#1809,#1810,#2135,.T.);
#1323=EDGE_CURVE('',#1811,#1810,#2136,.T.);
#1324=EDGE_CURVE('',#1811,#1764,#2137,.T.);
#1325=EDGE_CURVE('',#1812,#1766,#138,.T.);
#1326=EDGE_CURVE('',#1812,#1813,#2138,.T.);
#1327=EDGE_CURVE('',#1814,#1813,#139,.T.);
#1328=EDGE_CURVE('',#1814,#1815,#2139,.T.);
#1329=EDGE_CURVE('',#1815,#1809,#2140,.T.);
#1330=EDGE_CURVE('',#1816,#1817,#140,.T.);
#1331=EDGE_CURVE('',#1817,#1809,#141,.T.);
#1332=EDGE_CURVE('',#1815,#1818,#142,.T.);
#1333=EDGE_CURVE('',#1819,#1818,#2141,.T.);
#1334=EDGE_CURVE('',#1820,#1819,#143,.T.);
#1335=EDGE_CURVE('',#1820,#1816,#2142,.T.);
#1336=EDGE_CURVE('',#1821,#1819,#2143,.T.);
#1337=EDGE_CURVE('',#1822,#1821,#2144,.T.);
#1338=EDGE_CURVE('',#1823,#1822,#2145,.T.);
#1339=EDGE_CURVE('',#1820,#1823,#2146,.T.);
#1340=EDGE_CURVE('',#1824,#1767,#2147,.T.);
#1341=EDGE_CURVE('',#1825,#1768,#2148,.T.);
#1342=EDGE_CURVE('',#1824,#1825,#2149,.T.);
#1343=EDGE_CURVE('',#1826,#1827,#2150,.T.);
#1344=EDGE_CURVE('',#1826,#1828,#144,.T.);
#1345=EDGE_CURVE('',#1828,#1829,#2151,.T.);
#1346=EDGE_CURVE('',#1829,#1827,#145,.T.);
#1347=EDGE_CURVE('',#1830,#1816,#2152,.T.);
#1348=EDGE_CURVE('',#1831,#1830,#2153,.T.);
#1349=EDGE_CURVE('',#1817,#1831,#2154,.T.);
#1350=EDGE_CURVE('',#1832,#1833,#2155,.T.);
#1351=EDGE_CURVE('',#1834,#1832,#2156,.T.);
#1352=EDGE_CURVE('',#1834,#1835,#2157,.T.);
#1353=EDGE_CURVE('',#1833,#1835,#2158,.T.);
#1354=EDGE_CURVE('',#1836,#1836,#146,.T.);
#1355=EDGE_CURVE('',#1830,#1823,#2159,.T.);
#1356=EDGE_CURVE('',#1837,#1837,#147,.T.);
#1357=EDGE_CURVE('',#1838,#1838,#148,.T.);
#1358=EDGE_CURVE('',#1839,#1839,#149,.T.);
#1359=EDGE_CURVE('',#1840,#1840,#150,.T.);
#1360=EDGE_CURVE('',#1818,#1841,#2160,.T.);
#1361=EDGE_CURVE('',#1841,#1842,#2161,.T.);
#1362=EDGE_CURVE('',#1782,#1842,#151,.T.);
#1363=EDGE_CURVE('',#1843,#1781,#152,.T.);
#1364=EDGE_CURVE('',#1843,#1844,#2162,.T.);
#1365=EDGE_CURVE('',#1845,#1844,#2163,.T.);
#1366=EDGE_CURVE('',#1845,#1846,#2164,.T.);
#1367=EDGE_CURVE('',#1847,#1846,#153,.T.);
#1368=EDGE_CURVE('',#1847,#1848,#2165,.T.);
#1369=EDGE_CURVE('',#1848,#1773,#2166,.T.);
#1370=EDGE_CURVE('',#1849,#1772,#154,.T.);
#1371=EDGE_CURVE('',#1850,#1849,#155,.T.);
#1372=EDGE_CURVE('',#1850,#1851,#2167,.T.);
#1373=EDGE_CURVE('',#1851,#1852,#2168,.T.);
#1374=EDGE_CURVE('',#1852,#1853,#2169,.T.);
#1375=EDGE_CURVE('',#1853,#1854,#2170,.T.);
#1376=EDGE_CURVE('',#1854,#1855,#2171,.T.);
#1377=EDGE_CURVE('',#1760,#1855,#156,.T.);
#1378=EDGE_CURVE('',#1856,#1758,#157,.T.);
#1379=EDGE_CURVE('',#1856,#1857,#2172,.T.);
#1380=EDGE_CURVE('',#1788,#1857,#2173,.T.);
#1381=EDGE_CURVE('',#1784,#1858,#2174,.T.);
#1382=EDGE_CURVE('',#1859,#1858,#158,.T.);
#1383=EDGE_CURVE('',#1860,#1859,#159,.T.);
#1384=EDGE_CURVE('',#1860,#1821,#2175,.T.);
#1385=EDGE_CURVE('',#1861,#1861,#160,.T.);
#1386=EDGE_CURVE('',#1862,#1863,#161,.T.);
#1387=EDGE_CURVE('',#1862,#1863,#162,.T.);
#1388=EDGE_CURVE('',#1856,#1864,#2176,.T.);
#1389=EDGE_CURVE('',#1759,#1864,#163,.T.);
#1390=EDGE_CURVE('',#1865,#1866,#2177,.T.);
#1391=EDGE_CURVE('',#1865,#1832,#164,.T.);
#1392=EDGE_CURVE('',#1833,#1866,#165,.T.);
#1393=EDGE_CURVE('',#1867,#1868,#2178,.T.);
#1394=EDGE_CURVE('',#1867,#1869,#2179,.T.);
#1395=EDGE_CURVE('',#1869,#1870,#2180,.T.);
#1396=EDGE_CURVE('',#1871,#1870,#166,.T.);
#1397=EDGE_CURVE('',#1868,#1871,#2181,.T.);
#1398=EDGE_CURVE('',#1872,#1873,#2182,.T.);
#1399=EDGE_CURVE('',#1874,#1872,#2183,.T.);
#1400=EDGE_CURVE('',#1874,#1875,#2184,.T.);
#1401=EDGE_CURVE('',#1873,#1875,#2185,.T.);
#1402=EDGE_CURVE('',#1876,#1877,#167,.T.);
#1403=EDGE_CURVE('',#1876,#1872,#2186,.T.);
#1404=EDGE_CURVE('',#1878,#1873,#2187,.T.);
#1405=EDGE_CURVE('',#1877,#1878,#2188,.T.);
#1406=EDGE_CURVE('',#1879,#1880,#2189,.T.);
#1407=EDGE_CURVE('',#1880,#1881,#2190,.T.);
#1408=EDGE_CURVE('',#1881,#1882,#2191,.T.);
#1409=EDGE_CURVE('',#1882,#1879,#2192,.T.);
#1410=EDGE_CURVE('',#1865,#1883,#2193,.T.);
#1411=EDGE_CURVE('',#1884,#1866,#2194,.T.);
#1412=EDGE_CURVE('',#1883,#1884,#2195,.T.);
#1413=EDGE_CURVE('',#1831,#1885,#168,.T.);
#1414=EDGE_CURVE('',#1822,#1885,#2196,.T.);
#1415=EDGE_CURVE('',#1886,#1812,#2197,.T.);
#1416=EDGE_CURVE('',#1887,#1886,#2198,.T.);
#1417=EDGE_CURVE('',#1887,#1813,#2199,.T.);
#1418=EDGE_CURVE('',#1875,#1888,#2200,.T.);
#1419=EDGE_CURVE('',#1888,#1841,#2201,.T.);
#1420=EDGE_CURVE('',#1889,#1814,#2202,.T.);
#1421=EDGE_CURVE('',#1890,#1889,#2203,.T.);
#1422=EDGE_CURVE('',#1878,#1890,#2204,.T.);
#1423=EDGE_CURVE('',#1862,#1891,#169,.T.);
#1424=EDGE_CURVE('',#1891,#1892,#170,.T.);
#1425=EDGE_CURVE('',#1892,#1863,#171,.T.);
#1426=EDGE_CURVE('',#1893,#1826,#2205,.T.);
#1427=EDGE_CURVE('',#1894,#1827,#2206,.T.);
#1428=EDGE_CURVE('',#1893,#1894,#2207,.T.);
#1429=EDGE_CURVE('',#1895,#1895,#172,.T.);
#1430=EDGE_CURVE('',#1800,#1896,#2208,.T.);
#1431=EDGE_CURVE('',#1795,#1896,#173,.T.);
#1432=EDGE_CURVE('',#1897,#1789,#2209,.T.);
#1433=EDGE_CURVE('',#1857,#1897,#2210,.T.);
#1434=EDGE_CURVE('',#1880,#1853,#2211,.T.);
#1435=EDGE_CURVE('',#1852,#1881,#2212,.T.);
#1436=EDGE_CURVE('',#1898,#1899,#2213,.T.);
#1437=EDGE_CURVE('',#1899,#1824,#174,.T.);
#1438=EDGE_CURVE('',#1825,#1898,#175,.T.);
#1439=EDGE_CURVE('',#1900,#1901,#176,.T.);
#1440=EDGE_CURVE('',#1771,#1901,#177,.T.);
#1441=EDGE_CURVE('',#1902,#1776,#178,.T.);
#1442=EDGE_CURVE('',#1902,#1903,#2214,.T.);
#1443=EDGE_CURVE('',#1904,#1903,#179,.T.);
#1444=EDGE_CURVE('',#1904,#1905,#2215,.T.);
#1445=EDGE_CURVE('',#1905,#1906,#180,.T.);
#1446=EDGE_CURVE('',#1907,#1906,#181,.T.);
#1447=EDGE_CURVE('',#1907,#1864,#2216,.T.);
#1448=EDGE_CURVE('',#1761,#1908,#182,.T.);
#1449=EDGE_CURVE('',#1908,#1900,#2217,.T.);
#1450=EDGE_CURVE('',#1894,#1778,#183,.T.);
#1451=EDGE_CURVE('',#1829,#1898,#2218,.T.);
#1452=EDGE_CURVE('',#1908,#1855,#2219,.T.);
#1453=EDGE_CURVE('',#1870,#1902,#2220,.T.);
#1454=EDGE_CURVE('',#1869,#1909,#2221,.T.);
#1455=EDGE_CURVE('',#1909,#1874,#2222,.T.);
#1456=EDGE_CURVE('',#1903,#1876,#2223,.T.);
#1457=EDGE_CURVE('',#1884,#1910,#184,.T.);
#1458=EDGE_CURVE('',#1911,#1910,#2224,.T.);
#1459=EDGE_CURVE('',#1911,#1883,#185,.T.);
#1460=EDGE_CURVE('',#1912,#1912,#186,.T.);
#1461=EDGE_CURVE('',#1913,#1868,#2225,.T.);
#1462=EDGE_CURVE('',#1871,#1914,#51,.T.);
#1463=EDGE_CURVE('',#1799,#1914,#2226,.T.);
#1464=EDGE_CURVE('',#1913,#1799,#2227,.T.);
#1465=EDGE_CURVE('',#1909,#1915,#2228,.T.);
#1466=EDGE_CURVE('',#1915,#1867,#2229,.T.);
#1467=EDGE_CURVE('',#1851,#1882,#2230,.T.);
#1468=EDGE_CURVE('',#1779,#1916,#187,.T.);
#1469=EDGE_CURVE('',#1916,#1843,#2231,.T.);
#1470=EDGE_CURVE('',#1844,#1917,#2232,.T.);
#1471=EDGE_CURVE('',#1917,#1915,#2233,.T.);
#1472=EDGE_CURVE('',#1913,#1911,#2234,.T.);
#1473=EDGE_CURVE('',#1910,#1807,#2235,.T.);
#1474=EDGE_CURVE('',#1847,#1806,#2236,.T.);
#1475=EDGE_CURVE('',#1918,#1847,#2237,.T.);
#1476=EDGE_CURVE('',#1845,#1918,#188,.T.);
#1477=EDGE_CURVE('',#1917,#1916,#2238,.T.);
#1478=EDGE_CURVE('',#1854,#1879,#2239,.T.);
#1479=EDGE_CURVE('',#1850,#1900,#2240,.T.);
#1480=EDGE_CURVE('',#1828,#1899,#2241,.T.);
#1481=EDGE_CURVE('',#1919,#1919,#189,.T.);
#1482=EDGE_CURVE('',#1777,#1893,#190,.T.);
#1483=EDGE_CURVE('',#1918,#1846,#32,.T.);
#1484=EDGE_CURVE('',#1808,#1802,#2242,.T.);
#1485=EDGE_CURVE('',#1801,#1848,#2243,.T.);
#1486=EDGE_CURVE('',#1892,#1891,#191,.T.);
#1487=EDGE_CURVE('',#1901,#1849,#2244,.T.);
#1488=EDGE_CURVE('',#1920,#1793,#2245,.T.);
#1489=EDGE_CURVE('',#1920,#1810,#2246,.T.);
#1490=EDGE_CURVE('',#1817,#1921,#2247,.T.);
#1491=EDGE_CURVE('',#1921,#1791,#2248,.T.);
#1492=EDGE_CURVE('',#1887,#1889,#192,.T.);
#1493=EDGE_CURVE('',#1765,#1886,#193,.T.);
#1494=EDGE_CURVE('',#1763,#1922,#2249,.T.);
#1495=EDGE_CURVE('',#1920,#1922,#2250,.T.);
#1496=EDGE_CURVE('',#1890,#1793,#2251,.T.);
#1497=EDGE_CURVE('',#1860,#1905,#2252,.T.);
#1498=EDGE_CURVE('',#1906,#1859,#2253,.T.);
#1499=EDGE_CURVE('',#1922,#1811,#2254,.T.);
#1500=EDGE_CURVE('',#1923,#1780,#194,.T.);
#1501=EDGE_CURVE('',#1923,#1888,#2255,.T.);
#1502=EDGE_CURVE('',#1877,#1792,#52,.T.);
#1503=EDGE_CURVE('',#1790,#1921,#195,.T.);
#1504=EDGE_CURVE('',#1904,#1885,#2256,.T.);
#1505=EDGE_CURVE('',#1924,#1798,#2257,.T.);
#1506=EDGE_CURVE('',#1924,#1834,#2258,.T.);
#1507=EDGE_CURVE('',#1835,#1925,#2259,.T.);
#1508=EDGE_CURVE('',#1797,#1925,#2260,.T.);
#1509=EDGE_CURVE('',#1794,#1803,#2261,.T.);
#1510=EDGE_CURVE('',#1842,#1923,#2262,.T.);
#1511=EDGE_CURVE('',#1914,#1896,#2263,.T.);
#1512=EDGE_CURVE('',#1924,#1925,#2264,.T.);
#1513=EDGE_CURVE('',#1787,#1897,#2265,.T.);
#1514=EDGE_CURVE('',#1907,#1858,#2266,.T.);
#1515=EDGE_CURVE('',#1926,#1926,#196,.T.);
#1516=EDGE_CURVE('',#1927,#1927,#197,.T.);
#1517=EDGE_CURVE('',#1929,#1929,#198,.T.);
#1518=EDGE_CURVE('',#1930,#1930,#199,.T.);
#1519=EDGE_CURVE('',#1931,#1932,#200,.T.);
#1520=EDGE_CURVE('',#1933,#1932,#2267,.T.);
#1521=EDGE_CURVE('',#1933,#1934,#201,.T.);
#1522=EDGE_CURVE('',#1934,#1931,#2268,.T.);
#1523=EDGE_CURVE('',#1935,#1935,#202,.T.);
#1524=EDGE_CURVE('',#1936,#1936,#203,.T.);
#1525=EDGE_CURVE('',#1937,#1938,#2269,.T.);
#1526=EDGE_CURVE('',#1937,#1939,#204,.T.);
#1527=EDGE_CURVE('',#1939,#1940,#2270,.T.);
#1528=EDGE_CURVE('',#1940,#1938,#205,.T.);
#1529=EDGE_CURVE('',#1941,#1941,#206,.T.);
#1530=EDGE_CURVE('',#1942,#1943,#2271,.T.);
#1531=EDGE_CURVE('',#1944,#1942,#207,.T.);
#1532=EDGE_CURVE('',#1945,#1944,#208,.T.);
#1533=EDGE_CURVE('',#1943,#1945,#209,.T.);
#1534=EDGE_CURVE('',#1946,#1947,#2272,.T.);
#1535=EDGE_CURVE('',#1948,#1946,#2273,.T.);
#1536=EDGE_CURVE('',#1949,#1948,#2274,.T.);
#1537=EDGE_CURVE('',#1947,#1949,#2275,.T.);
#1538=EDGE_CURVE('',#1950,#1951,#2276,.T.);
#1539=EDGE_CURVE('',#1952,#1951,#2277,.T.);
#1540=EDGE_CURVE('',#1953,#1952,#2278,.T.);
#1541=EDGE_CURVE('',#1950,#1953,#2279,.T.);
#1542=EDGE_CURVE('',#1954,#1955,#2280,.T.);
#1543=EDGE_CURVE('',#1956,#1954,#210,.T.);
#1544=EDGE_CURVE('',#1956,#1957,#2281,.T.);
#1545=EDGE_CURVE('',#1955,#1957,#211,.T.);
#1546=EDGE_CURVE('',#1958,#1959,#2282,.T.);
#1547=EDGE_CURVE('',#1958,#1960,#212,.T.);
#1548=EDGE_CURVE('',#1960,#1961,#2283,.T.);
#1549=EDGE_CURVE('',#1959,#1961,#213,.T.);
#1550=EDGE_CURVE('',#1962,#1963,#2284,.T.);
#1551=EDGE_CURVE('',#1964,#1962,#214,.T.);
#1552=EDGE_CURVE('',#1964,#1965,#2285,.T.);
#1553=EDGE_CURVE('',#1966,#1965,#215,.T.);
#1554=EDGE_CURVE('',#1966,#1967,#2286,.T.);
#1555=EDGE_CURVE('',#1967,#1968,#2287,.T.);
#1556=EDGE_CURVE('',#1968,#1969,#2288,.T.);
#1557=EDGE_CURVE('',#1969,#1963,#2289,.T.);
#1558=EDGE_CURVE('',#1970,#1971,#2290,.T.);
#1559=EDGE_CURVE('',#1972,#1971,#2291,.T.);
#1560=EDGE_CURVE('',#1973,#1972,#2292,.T.);
#1561=EDGE_CURVE('',#1974,#1973,#216,.T.);
#1562=EDGE_CURVE('',#1975,#1974,#217,.T.);
#1563=EDGE_CURVE('',#1975,#1970,#218,.T.);
#1564=EDGE_CURVE('',#1976,#1977,#219,.T.);
#1565=EDGE_CURVE('',#1976,#1978,#2293,.T.);
#1566=EDGE_CURVE('',#1978,#1979,#2294,.T.);
#1567=EDGE_CURVE('',#1979,#1980,#2295,.T.);
#1568=EDGE_CURVE('',#1981,#1980,#220,.T.);
#1569=EDGE_CURVE('',#1982,#1981,#221,.T.);
#1570=EDGE_CURVE('',#1983,#1982,#222,.T.);
#1571=EDGE_CURVE('',#1983,#1984,#2296,.T.);
#1572=EDGE_CURVE('',#1950,#1984,#223,.T.);
#1573=EDGE_CURVE('',#1953,#1932,#2297,.T.);
#1574=EDGE_CURVE('',#1931,#1985,#2298,.T.);
#1575=EDGE_CURVE('',#1986,#1985,#224,.T.);
#1576=EDGE_CURVE('',#1987,#1986,#225,.T.);
#1577=EDGE_CURVE('',#1988,#1987,#226,.T.);
#1578=EDGE_CURVE('',#1988,#1946,#2299,.T.);
#1579=EDGE_CURVE('',#1947,#1989,#2300,.T.);
#1580=EDGE_CURVE('',#1990,#1989,#227,.T.);
#1581=EDGE_CURVE('',#1991,#1990,#228,.T.);
#1582=EDGE_CURVE('',#1992,#1991,#229,.T.);
#1583=EDGE_CURVE('',#1992,#1993,#2301,.T.);
#1584=EDGE_CURVE('',#1994,#1993,#230,.T.);
#1585=EDGE_CURVE('',#1994,#1995,#2302,.T.);
#1586=EDGE_CURVE('',#1995,#1996,#2303,.T.);
#1587=EDGE_CURVE('',#1997,#1996,#231,.T.);
#1588=EDGE_CURVE('',#1997,#1998,#2304,.T.);
#1589=EDGE_CURVE('',#1999,#1998,#232,.T.);
#1590=EDGE_CURVE('',#1977,#1999,#233,.T.);
#1591=EDGE_CURVE('',#1934,#2000,#2305,.T.);
#1592=EDGE_CURVE('',#2000,#1985,#2306,.T.);
#1593=EDGE_CURVE('',#2001,#2002,#234,.T.);
#1594=EDGE_CURVE('',#2001,#1991,#2307,.T.);
#1595=EDGE_CURVE('',#2002,#1990,#2308,.T.);
#1596=EDGE_CURVE('',#2003,#2002,#235,.T.);
#1597=EDGE_CURVE('',#1989,#2004,#236,.T.);
#1598=EDGE_CURVE('',#2003,#2004,#2309,.T.);
#1599=EDGE_CURVE('',#1971,#2005,#237,.T.);
#1600=EDGE_CURVE('',#1942,#2005,#33,.T.);
#1601=EDGE_CURVE('',#1943,#2006,#34,.T.);
#1602=EDGE_CURVE('',#2006,#1972,#238,.T.);
#1603=EDGE_CURVE('',#1989,#2007,#2310,.T.);
#1604=EDGE_CURVE('',#1949,#2008,#2311,.T.);
#1605=EDGE_CURVE('',#2007,#2008,#2312,.T.);
#1606=EDGE_CURVE('',#2009,#2010,#2313,.T.);
#1607=EDGE_CURVE('',#2011,#2010,#2314,.T.);
#1608=EDGE_CURVE('',#2011,#2012,#2315,.T.);
#1609=EDGE_CURVE('',#2012,#2013,#2316,.T.);
#1610=EDGE_CURVE('',#2013,#1933,#2317,.T.);
#1611=EDGE_CURVE('',#2014,#1952,#2318,.T.);
#1612=EDGE_CURVE('',#2014,#2015,#2319,.T.);
#1613=EDGE_CURVE('',#2016,#2015,#2320,.T.);
#1614=EDGE_CURVE('',#2016,#2009,#2321,.T.);
#1615=EDGE_CURVE('',#1945,#1974,#2322,.T.);
#1616=EDGE_CURVE('',#1975,#1944,#2323,.T.);
#1617=EDGE_CURVE('',#1970,#2005,#2324,.T.);
#1618=EDGE_CURVE('',#2017,#2017,#239,.T.);
#1619=EDGE_CURVE('',#2018,#2019,#240,.T.);
#1620=EDGE_CURVE('',#2019,#1987,#2325,.T.);
#1621=EDGE_CURVE('',#2018,#1986,#2326,.T.);
#1622=EDGE_CURVE('',#1940,#1959,#35,.T.);
#1623=EDGE_CURVE('',#1939,#1958,#36,.T.);
#1624=EDGE_CURVE('',#2004,#2007,#2327,.T.);
#1625=EDGE_CURVE('',#2020,#2013,#241,.T.);
#1626=EDGE_CURVE('',#2000,#2020,#242,.T.);
#1627=EDGE_CURVE('',#1948,#2021,#2328,.T.);
#1628=EDGE_CURVE('',#2008,#2021,#2329,.T.);
#1629=EDGE_CURVE('',#2022,#2012,#243,.T.);
#1630=EDGE_CURVE('',#2020,#2022,#2330,.T.);
#1631=EDGE_CURVE('',#2023,#2024,#2331,.T.);
#1632=EDGE_CURVE('',#1980,#2023,#244,.T.);
#1633=EDGE_CURVE('',#2024,#1980,#2332,.T.);
#1634=EDGE_CURVE('',#2025,#2026,#2333,.T.);
#1635=EDGE_CURVE('',#2027,#2026,#2334,.T.);
#1636=EDGE_CURVE('',#2027,#2028,#2335,.T.);
#1637=EDGE_CURVE('',#2028,#2025,#2336,.T.);
#1638=EDGE_CURVE('',#2029,#2030,#245,.T.);
#1639=EDGE_CURVE('',#2031,#2029,#2337,.T.);
#1640=EDGE_CURVE('',#2031,#1976,#246,.T.);
#1641=EDGE_CURVE('',#1977,#2030,#2338,.T.);
#1642=EDGE_CURVE('',#2032,#2033,#37,.T.);
#1643=EDGE_CURVE('',#2033,#2034,#2339,.T.);
#1644=EDGE_CURVE('',#2035,#2034,#38,.T.);
#1645=EDGE_CURVE('',#2032,#2035,#2340,.T.);
#1646=EDGE_CURVE('',#2036,#2036,#247,.T.);
#1647=EDGE_CURVE('',#2037,#2037,#248,.T.);
#1648=EDGE_CURVE('',#2038,#2039,#249,.T.);
#1649=EDGE_CURVE('',#2040,#2039,#2341,.T.);
#1650=EDGE_CURVE('',#2041,#2040,#2342,.T.);
#1651=EDGE_CURVE('',#2041,#2042,#2343,.T.);
#1652=EDGE_CURVE('',#2043,#2042,#2344,.T.);
#1653=EDGE_CURVE('',#2038,#2043,#250,.T.);
#1654=EDGE_CURVE('',#1968,#2042,#2345,.T.);
#1655=EDGE_CURVE('',#2041,#1969,#2346,.T.);
#1656=EDGE_CURVE('',#2044,#2045,#2347,.T.);
#1657=EDGE_CURVE('',#2045,#2046,#251,.T.);
#1658=EDGE_CURVE('',#2046,#2047,#2348,.T.);
#1659=EDGE_CURVE('',#2047,#2044,#252,.T.);
#1660=EDGE_CURVE('',#2048,#2049,#2349,.T.);
#1661=EDGE_CURVE('',#2050,#2048,#253,.T.);
#1662=EDGE_CURVE('',#2051,#2050,#2350,.T.);
#1663=EDGE_CURVE('',#2049,#2051,#254,.T.);
#1664=EDGE_CURVE('',#2044,#2051,#39,.T.);
#1665=EDGE_CURVE('',#2050,#2045,#40,.T.);
#1666=EDGE_CURVE('',#2006,#1973,#2351,.T.);
#1667=EDGE_CURVE('',#2052,#2011,#255,.T.);
#1668=EDGE_CURVE('',#2053,#2052,#2352,.T.);
#1669=EDGE_CURVE('',#2053,#2054,#256,.T.);
#1670=EDGE_CURVE('',#2001,#2054,#257,.T.);
#1671=EDGE_CURVE('',#2055,#2003,#2353,.T.);
#1672=EDGE_CURVE('',#2055,#2019,#258,.T.);
#1673=EDGE_CURVE('',#2022,#2018,#259,.T.);
#1674=EDGE_CURVE('',#2010,#2011,#260,.T.);
#1675=EDGE_CURVE('',#2052,#2056,#261,.T.);
#1676=EDGE_CURVE('',#2010,#2056,#262,.T.);
#1677=EDGE_CURVE('',#2056,#2052,#2354,.T.);
#1678=EDGE_CURVE('',#2057,#2058,#263,.T.);
#1679=EDGE_CURVE('',#2038,#2057,#2355,.T.);
#1680=EDGE_CURVE('',#2058,#2043,#2356,.T.);
#1681=EDGE_CURVE('',#2057,#2059,#264,.T.);
#1682=EDGE_CURVE('',#2059,#1999,#2357,.T.);
#1683=EDGE_CURVE('',#1998,#1964,#2358,.T.);
#1684=EDGE_CURVE('',#1962,#2039,#2359,.T.);
#1685=EDGE_CURVE('',#2060,#1992,#2360,.T.);
#1686=EDGE_CURVE('',#2060,#2061,#2361,.T.);
#1687=EDGE_CURVE('',#2061,#1993,#2362,.T.);
#1688=EDGE_CURVE('',#2054,#2062,#2363,.T.);
#1689=EDGE_CURVE('',#2062,#2060,#265,.T.);
#1690=EDGE_CURVE('',#2009,#2063,#266,.T.);
#1691=EDGE_CURVE('',#2016,#2064,#267,.T.);
#1692=EDGE_CURVE('',#2063,#2064,#2364,.T.);
#1693=EDGE_CURVE('',#2065,#2063,#268,.T.);
#1694=EDGE_CURVE('',#2066,#2064,#269,.T.);
#1695=EDGE_CURVE('',#2067,#2066,#2365,.T.);
#1696=EDGE_CURVE('',#2067,#2068,#270,.T.);
#1697=EDGE_CURVE('',#2068,#1983,#2366,.T.);
#1698=EDGE_CURVE('',#2065,#1982,#2367,.T.);
#1699=EDGE_CURVE('',#1960,#2069,#41,.T.);
#1700=EDGE_CURVE('',#2069,#2070,#2368,.T.);
#1701=EDGE_CURVE('',#1961,#2070,#42,.T.);
#1702=EDGE_CURVE('',#2055,#2071,#2369,.T.);
#1703=EDGE_CURVE('',#2071,#1988,#271,.T.);
#1704=EDGE_CURVE('',#2014,#2025,#2370,.T.);
#1705=EDGE_CURVE('',#2015,#2028,#2371,.T.);
#1706=EDGE_CURVE('',#1966,#1996,#2372,.T.);
#1707=EDGE_CURVE('',#1967,#1995,#2373,.T.);
#1708=EDGE_CURVE('',#2072,#2072,#272,.T.);
#1709=EDGE_CURVE('',#1984,#2073,#2374,.T.);
#1710=EDGE_CURVE('',#2073,#1951,#273,.T.);
#1711=EDGE_CURVE('',#1963,#2040,#2375,.T.);
#1712=EDGE_CURVE('',#2029,#2074,#2376,.T.);
#1713=EDGE_CURVE('',#2059,#2030,#274,.T.);
#1714=EDGE_CURVE('',#2056,#2058,#2377,.T.);
#1715=EDGE_CURVE('',#2065,#2075,#275,.T.);
#1716=EDGE_CURVE('',#2074,#2075,#276,.T.);
#1717=EDGE_CURVE('',#2061,#2076,#277,.T.);
#1718=EDGE_CURVE('',#2076,#1994,#2378,.T.);
#1719=EDGE_CURVE('',#2033,#2077,#278,.T.);
#1720=EDGE_CURVE('',#2078,#2032,#279,.T.);
#1721=EDGE_CURVE('',#2079,#2078,#43,.T.);
#1722=EDGE_CURVE('',#2069,#2079,#280,.T.);
#1723=EDGE_CURVE('',#2049,#1937,#44,.T.);
#1724=EDGE_CURVE('',#2047,#1956,#45,.T.);
#1725=EDGE_CURVE('',#1954,#2077,#46,.T.);
#1726=EDGE_CURVE('',#2071,#2080,#2379,.T.);
#1727=EDGE_CURVE('',#2080,#1988,#2380,.T.);
#1728=EDGE_CURVE('',#2075,#1981,#2381,.T.);
#1729=EDGE_CURVE('',#2074,#2023,#2382,.T.);
#1730=EDGE_CURVE('',#1957,#2046,#47,.T.);
#1731=EDGE_CURVE('',#2021,#2080,#2383,.T.);
#1732=EDGE_CURVE('',#2081,#1976,#2384,.T.);
#1733=EDGE_CURVE('',#2082,#2081,#2385,.T.);
#1734=EDGE_CURVE('',#2082,#2083,#2386,.T.);
#1735=EDGE_CURVE('',#2083,#1978,#2387,.T.);
#1736=EDGE_CURVE('',#2024,#2084,#2388,.T.);
#1737=EDGE_CURVE('',#2084,#2082,#2389,.T.);
#1738=EDGE_CURVE('',#2081,#2031,#2390,.T.);
#1739=EDGE_CURVE('',#2085,#2053,#2391,.T.);
#1740=EDGE_CURVE('',#2085,#2062,#281,.T.);
#1741=EDGE_CURVE('',#2086,#2035,#282,.T.);
#1742=EDGE_CURVE('',#2078,#2086,#2392,.T.);
#1743=EDGE_CURVE('',#2083,#2087,#2393,.T.);
#1744=EDGE_CURVE('',#2087,#1979,#2394,.T.);
#1745=EDGE_CURVE('',#2077,#2088,#2395,.T.);
#1746=EDGE_CURVE('',#2088,#2034,#283,.T.);
#1747=EDGE_CURVE('',#2087,#2084,#2396,.T.);
#1748=EDGE_CURVE('',#2076,#2085,#2397,.T.);
#1749=EDGE_CURVE('',#2048,#1938,#48,.T.);
#1750=EDGE_CURVE('',#2079,#2089,#2398,.T.);
#1751=EDGE_CURVE('',#2070,#2089,#284,.T.);
#1752=EDGE_CURVE('',#2066,#2027,#2399,.T.);
#1753=EDGE_CURVE('',#2088,#1955,#49,.T.);
#1754=EDGE_CURVE('',#2089,#2086,#50,.T.);
#1755=EDGE_CURVE('',#1965,#1997,#2400,.T.);
#1756=EDGE_CURVE('',#2073,#2068,#2401,.T.);
#1757=EDGE_CURVE('',#2067,#2026,#2402,.T.);
#1758=VERTEX_POINT('',#4843);
#1759=VERTEX_POINT('',#4844);
#1760=VERTEX_POINT('',#4846);
#1761=VERTEX_POINT('',#4848);
#1762=VERTEX_POINT('',#4852);
#1763=VERTEX_POINT('',#4855);
#1764=VERTEX_POINT('',#4856);
#1765=VERTEX_POINT('',#4858);
#1766=VERTEX_POINT('',#4860);
#1767=VERTEX_POINT('',#4864);
#1768=VERTEX_POINT('',#4865);
#1769=VERTEX_POINT('',#4867);
#1770=VERTEX_POINT('',#4869);
#1771=VERTEX_POINT('',#4873);
#1772=VERTEX_POINT('',#4874);
#1773=VERTEX_POINT('',#4876);
#1774=VERTEX_POINT('',#4878);
#1775=VERTEX_POINT('',#4880);
#1776=VERTEX_POINT('',#4882);
#1777=VERTEX_POINT('',#4886);
#1778=VERTEX_POINT('',#4888);
#1779=VERTEX_POINT('',#4892);
#1780=VERTEX_POINT('',#4893);
#1781=VERTEX_POINT('',#4895);
#1782=VERTEX_POINT('',#4897);
#1783=VERTEX_POINT('',#4901);
#1784=VERTEX_POINT('',#4904);
#1785=VERTEX_POINT('',#4905);
#1786=VERTEX_POINT('',#4907);
#1787=VERTEX_POINT('',#4909);
#1788=VERTEX_POINT('',#4913);
#1789=VERTEX_POINT('',#4915);
#1790=VERTEX_POINT('',#4919);
#1791=VERTEX_POINT('',#4920);
#1792=VERTEX_POINT('',#4922);
#1793=VERTEX_POINT('',#4924);
#1794=VERTEX_POINT('',#4928);
#1795=VERTEX_POINT('',#4929);
#1796=VERTEX_POINT('',#4931);
#1797=VERTEX_POINT('',#4933);
#1798=VERTEX_POINT('',#4935);
#1799=VERTEX_POINT('',#4937);
#1800=VERTEX_POINT('',#4939);
#1801=VERTEX_POINT('',#4943);
#1802=VERTEX_POINT('',#4945);
#1803=VERTEX_POINT('',#4947);
#1804=VERTEX_POINT('',#4951);
#1805=VERTEX_POINT('',#4953);
#1806=VERTEX_POINT('',#4956);
#1807=VERTEX_POINT('',#4957);
#1808=VERTEX_POINT('',#4960);
#1809=VERTEX_POINT('',#4964);
#1810=VERTEX_POINT('',#4965);
#1811=VERTEX_POINT('',#4967);
#1812=VERTEX_POINT('',#4970);
#1813=VERTEX_POINT('',#4972);
#1814=VERTEX_POINT('',#4974);
#1815=VERTEX_POINT('',#4976);
#1816=VERTEX_POINT('',#4980);
#1817=VERTEX_POINT('',#4981);
#1818=VERTEX_POINT('',#4984);
#1819=VERTEX_POINT('',#4986);
#1820=VERTEX_POINT('',#4988);
#1821=VERTEX_POINT('',#4992);
#1822=VERTEX_POINT('',#4994);
#1823=VERTEX_POINT('',#4996);
#1824=VERTEX_POINT('',#5000);
#1825=VERTEX_POINT('',#5002);
#1826=VERTEX_POINT('',#5006);
#1827=VERTEX_POINT('',#5007);
#1828=VERTEX_POINT('',#5009);
#1829=VERTEX_POINT('',#5011);
#1830=VERTEX_POINT('',#5015);
#1831=VERTEX_POINT('',#5017);
#1832=VERTEX_POINT('',#5021);
#1833=VERTEX_POINT('',#5022);
#1834=VERTEX_POINT('',#5024);
#1835=VERTEX_POINT('',#5026);
#1836=VERTEX_POINT('',#5030);
#1837=VERTEX_POINT('',#5035);
#1838=VERTEX_POINT('',#5037);
#1839=VERTEX_POINT('',#5039);
#1840=VERTEX_POINT('',#5041);
#1841=VERTEX_POINT('',#5043);
#1842=VERTEX_POINT('',#5045);
#1843=VERTEX_POINT('',#5048);
#1844=VERTEX_POINT('',#5050);
#1845=VERTEX_POINT('',#5052);
#1846=VERTEX_POINT('',#5054);
#1847=VERTEX_POINT('',#5056);
#1848=VERTEX_POINT('',#5058);
#1849=VERTEX_POINT('',#5061);
#1850=VERTEX_POINT('',#5063);
#1851=VERTEX_POINT('',#5065);
#1852=VERTEX_POINT('',#5067);
#1853=VERTEX_POINT('',#5069);
#1854=VERTEX_POINT('',#5071);
#1855=VERTEX_POINT('',#5073);
#1856=VERTEX_POINT('',#5076);
#1857=VERTEX_POINT('',#5078);
#1858=VERTEX_POINT('',#5081);
#1859=VERTEX_POINT('',#5083);
#1860=VERTEX_POINT('',#5085);
#1861=VERTEX_POINT('',#5089);
#1862=VERTEX_POINT('',#5091);
#1863=VERTEX_POINT('',#5092);
#1864=VERTEX_POINT('',#5096);
#1865=VERTEX_POINT('',#5100);
#1866=VERTEX_POINT('',#5101);
#1867=VERTEX_POINT('',#5106);
#1868=VERTEX_POINT('',#5107);
#1869=VERTEX_POINT('',#5109);
#1870=VERTEX_POINT('',#5111);
#1871=VERTEX_POINT('',#5113);
#1872=VERTEX_POINT('',#5117);
#1873=VERTEX_POINT('',#5118);
#1874=VERTEX_POINT('',#5120);
#1875=VERTEX_POINT('',#5122);
#1876=VERTEX_POINT('',#5126);
#1877=VERTEX_POINT('',#5127);
#1878=VERTEX_POINT('',#5130);
#1879=VERTEX_POINT('',#5134);
#1880=VERTEX_POINT('',#5135);
#1881=VERTEX_POINT('',#5137);
#1882=VERTEX_POINT('',#5139);
#1883=VERTEX_POINT('',#5143);
#1884=VERTEX_POINT('',#5145);
#1885=VERTEX_POINT('',#5149);
#1886=VERTEX_POINT('',#5153);
#1887=VERTEX_POINT('',#5155);
#1888=VERTEX_POINT('',#5159);
#1889=VERTEX_POINT('',#5162);
#1890=VERTEX_POINT('',#5164);
#1891=VERTEX_POINT('',#5195);
#1892=VERTEX_POINT('',#5197);
#1893=VERTEX_POINT('',#5201);
#1894=VERTEX_POINT('',#5203);
#1895=VERTEX_POINT('',#5207);
#1896=VERTEX_POINT('',#5210);
#1897=VERTEX_POINT('',#5214);
#1898=VERTEX_POINT('',#5221);
#1899=VERTEX_POINT('',#5222);
#1900=VERTEX_POINT('',#5227);
#1901=VERTEX_POINT('',#5228);
#1902=VERTEX_POINT('',#5231);
#1903=VERTEX_POINT('',#5233);
#1904=VERTEX_POINT('',#5235);
#1905=VERTEX_POINT('',#5237);
#1906=VERTEX_POINT('',#5239);
#1907=VERTEX_POINT('',#5241);
#1908=VERTEX_POINT('',#5244);
#1909=VERTEX_POINT('',#5254);
#1910=VERTEX_POINT('',#5259);
#1911=VERTEX_POINT('',#5261);
#1912=VERTEX_POINT('',#5265);
#1913=VERTEX_POINT('',#5269);
#1914=VERTEX_POINT('',#5271);
#1915=VERTEX_POINT('',#5276);
#1916=VERTEX_POINT('',#5282);
#1917=VERTEX_POINT('',#5287);
#1918=VERTEX_POINT('',#5293);
#1919=VERTEX_POINT('',#5305);
#1920=VERTEX_POINT('',#5322);
#1921=VERTEX_POINT('',#5325);
#1922=VERTEX_POINT('',#5332);
#1923=VERTEX_POINT('',#5371);
#1924=VERTEX_POINT('',#5380);
#1925=VERTEX_POINT('',#5384);
#1926=VERTEX_POINT('',#5413);
#1927=VERTEX_POINT('',#5415);
#1928=VERTEX_POINT('',#5417);
#1929=VERTEX_POINT('',#5421);
#1930=VERTEX_POINT('',#5423);
#1931=VERTEX_POINT('',#5426);
#1932=VERTEX_POINT('',#5427);
#1933=VERTEX_POINT('',#5429);
#1934=VERTEX_POINT('',#5431);
#1935=VERTEX_POINT('',#5435);
#1936=VERTEX_POINT('',#5437);
#1937=VERTEX_POINT('',#5440);
#1938=VERTEX_POINT('',#5441);
#1939=VERTEX_POINT('',#5443);
#1940=VERTEX_POINT('',#5445);
#1941=VERTEX_POINT('',#5449);
#1942=VERTEX_POINT('',#5451);
#1943=VERTEX_POINT('',#5452);
#1944=VERTEX_POINT('',#5454);
#1945=VERTEX_POINT('',#5456);
#1946=VERTEX_POINT('',#5460);
#1947=VERTEX_POINT('',#5461);
#1948=VERTEX_POINT('',#5463);
#1949=VERTEX_POINT('',#5465);
#1950=VERTEX_POINT('',#5469);
#1951=VERTEX_POINT('',#5470);
#1952=VERTEX_POINT('',#5472);
#1953=VERTEX_POINT('',#5474);
#1954=VERTEX_POINT('',#5478);
#1955=VERTEX_POINT('',#5479);
#1956=VERTEX_POINT('',#5481);
#1957=VERTEX_POINT('',#5483);
#1958=VERTEX_POINT('',#5487);
#1959=VERTEX_POINT('',#5488);
#1960=VERTEX_POINT('',#5490);
#1961=VERTEX_POINT('',#5492);
#1962=VERTEX_POINT('',#5496);
#1963=VERTEX_POINT('',#5497);
#1964=VERTEX_POINT('',#5499);
#1965=VERTEX_POINT('',#5501);
#1966=VERTEX_POINT('',#5503);
#1967=VERTEX_POINT('',#5505);
#1968=VERTEX_POINT('',#5507);
#1969=VERTEX_POINT('',#5509);
#1970=VERTEX_POINT('',#5513);
#1971=VERTEX_POINT('',#5514);
#1972=VERTEX_POINT('',#5516);
#1973=VERTEX_POINT('',#5518);
#1974=VERTEX_POINT('',#5520);
#1975=VERTEX_POINT('',#5522);
#1976=VERTEX_POINT('',#5525);
#1977=VERTEX_POINT('',#5526);
#1978=VERTEX_POINT('',#5528);
#1979=VERTEX_POINT('',#5530);
#1980=VERTEX_POINT('',#5532);
#1981=VERTEX_POINT('',#5534);
#1982=VERTEX_POINT('',#5536);
#1983=VERTEX_POINT('',#5538);
#1984=VERTEX_POINT('',#5540);
#1985=VERTEX_POINT('',#5544);
#1986=VERTEX_POINT('',#5546);
#1987=VERTEX_POINT('',#5548);
#1988=VERTEX_POINT('',#5550);
#1989=VERTEX_POINT('',#5553);
#1990=VERTEX_POINT('',#5555);
#1991=VERTEX_POINT('',#5557);
#1992=VERTEX_POINT('',#5559);
#1993=VERTEX_POINT('',#5561);
#1994=VERTEX_POINT('',#5563);
#1995=VERTEX_POINT('',#5565);
#1996=VERTEX_POINT('',#5567);
#1997=VERTEX_POINT('',#5569);
#1998=VERTEX_POINT('',#5571);
#1999=VERTEX_POINT('',#5573);
#2000=VERTEX_POINT('',#5577);
#2001=VERTEX_POINT('',#5581);
#2002=VERTEX_POINT('',#5582);
#2003=VERTEX_POINT('',#5587);
#2004=VERTEX_POINT('',#5589);
#2005=VERTEX_POINT('',#5593);
#2006=VERTEX_POINT('',#5606);
#2007=VERTEX_POINT('',#5610);
#2008=VERTEX_POINT('',#5612);
#2009=VERTEX_POINT('',#5616);
#2010=VERTEX_POINT('',#5617);
#2011=VERTEX_POINT('',#5619);
#2012=VERTEX_POINT('',#5621);
#2013=VERTEX_POINT('',#5623);
#2014=VERTEX_POINT('',#5626);
#2015=VERTEX_POINT('',#5628);
#2016=VERTEX_POINT('',#5630);
#2017=VERTEX_POINT('',#5639);
#2018=VERTEX_POINT('',#5642);
#2019=VERTEX_POINT('',#5643);
#2020=VERTEX_POINT('',#5665);
#2021=VERTEX_POINT('',#5669);
#2022=VERTEX_POINT('',#5673);
#2023=VERTEX_POINT('',#5677);
#2024=VERTEX_POINT('',#5678);
#2025=VERTEX_POINT('',#5683);
#2026=VERTEX_POINT('',#5684);
#2027=VERTEX_POINT('',#5686);
#2028=VERTEX_POINT('',#5688);
#2029=VERTEX_POINT('',#5692);
#2030=VERTEX_POINT('',#5693);
#2031=VERTEX_POINT('',#5695);
#2032=VERTEX_POINT('',#5706);
#2033=VERTEX_POINT('',#5707);
#2034=VERTEX_POINT('',#5709);
#2035=VERTEX_POINT('',#5717);
#2036=VERTEX_POINT('',#5721);
#2037=VERTEX_POINT('',#5723);
#2038=VERTEX_POINT('',#5727);
#2039=VERTEX_POINT('',#5728);
#2040=VERTEX_POINT('',#5730);
#2041=VERTEX_POINT('',#5732);
#2042=VERTEX_POINT('',#5734);
#2043=VERTEX_POINT('',#5736);
#2044=VERTEX_POINT('',#5743);
#2045=VERTEX_POINT('',#5744);
#2046=VERTEX_POINT('',#5746);
#2047=VERTEX_POINT('',#5748);
#2048=VERTEX_POINT('',#5752);
#2049=VERTEX_POINT('',#5753);
#2050=VERTEX_POINT('',#5755);
#2051=VERTEX_POINT('',#5757);
#2052=VERTEX_POINT('',#5778);
#2053=VERTEX_POINT('',#5780);
#2054=VERTEX_POINT('',#5782);
#2055=VERTEX_POINT('',#5785);
#2056=VERTEX_POINT('',#5792);
#2057=VERTEX_POINT('',#5798);
#2058=VERTEX_POINT('',#5799);
#2059=VERTEX_POINT('',#5804);
#2060=VERTEX_POINT('',#5810);
#2061=VERTEX_POINT('',#5812);
#2062=VERTEX_POINT('',#5816);
#2063=VERTEX_POINT('',#5821);
#2064=VERTEX_POINT('',#5823);
#2065=VERTEX_POINT('',#5827);
#2066=VERTEX_POINT('',#5829);
#2067=VERTEX_POINT('',#5831);
#2068=VERTEX_POINT('',#5833);
#2069=VERTEX_POINT('',#5844);
#2070=VERTEX_POINT('',#5846);
#2071=VERTEX_POINT('',#5856);
#2072=VERTEX_POINT('',#5866);
#2073=VERTEX_POINT('',#5869);
#2074=VERTEX_POINT('',#5875);
#2075=VERTEX_POINT('',#5879);
#2076=VERTEX_POINT('',#5883);
#2077=VERTEX_POINT('',#5887);
#2078=VERTEX_POINT('',#5889);
#2079=VERTEX_POINT('',#5897);
#2080=VERTEX_POINT('',#5923);
#2081=VERTEX_POINT('',#5941);
#2082=VERTEX_POINT('',#5943);
#2083=VERTEX_POINT('',#5945);
#2084=VERTEX_POINT('',#5949);
#2085=VERTEX_POINT('',#5954);
#2086=VERTEX_POINT('',#5959);
#2087=VERTEX_POINT('',#5963);
#2088=VERTEX_POINT('',#5967);
#2089=VERTEX_POINT('',#5984);
#2090=LINE('',#4842,#2403);
#2091=LINE('',#4845,#2404);
#2092=LINE('',#4847,#2405);
#2093=LINE('',#4849,#2406);
#2094=LINE('',#4854,#2407);
#2095=LINE('',#4857,#2408);
#2096=LINE('',#4859,#2409);
#2097=LINE('',#4861,#2410);
#2098=LINE('',#4863,#2411);
#2099=LINE('',#4868,#2412);
#2100=LINE('',#4872,#2413);
#2101=LINE('',#4875,#2414);
#2102=LINE('',#4877,#2415);
#2103=LINE('',#4879,#2416);
#2104=LINE('',#4881,#2417);
#2105=LINE('',#4883,#2418);
#2106=LINE('',#4885,#2419);
#2107=LINE('',#4887,#2420);
#2108=LINE('',#4889,#2421);
#2109=LINE('',#4891,#2422);
#2110=LINE('',#4894,#2423);
#2111=LINE('',#4896,#2424);
#2112=LINE('',#4898,#2425);
#2113=LINE('',#4903,#2426);
#2114=LINE('',#4906,#2427);
#2115=LINE('',#4908,#2428);
#2116=LINE('',#4910,#2429);
#2117=LINE('',#4912,#2430);
#2118=LINE('',#4914,#2431);
#2119=LINE('',#4916,#2432);
#2120=LINE('',#4918,#2433);
#2121=LINE('',#4921,#2434);
#2122=LINE('',#4923,#2435);
#2123=LINE('',#4925,#2436);
#2124=LINE('',#4927,#2437);
#2125=LINE('',#4932,#2438);
#2126=LINE('',#4934,#2439);
#2127=LINE('',#4936,#2440);
#2128=LINE('',#4938,#2441);
#2129=LINE('',#4940,#2442);
#2130=LINE('',#4942,#2443);
#2131=LINE('',#4944,#2444);
#2132=LINE('',#4946,#2445);
#2133=LINE('',#4958,#2446);
#2134=LINE('',#4961,#2447);
#2135=LINE('',#4963,#2448);
#2136=LINE('',#4966,#2449);
#2137=LINE('',#4968,#2450);
#2138=LINE('',#4971,#2451);
#2139=LINE('',#4975,#2452);
#2140=LINE('',#4977,#2453);
#2141=LINE('',#4985,#2454);
#2142=LINE('',#4989,#2455);
#2143=LINE('',#4991,#2456);
#2144=LINE('',#4993,#2457);
#2145=LINE('',#4995,#2458);
#2146=LINE('',#4997,#2459);
#2147=LINE('',#4999,#2460);
#2148=LINE('',#5001,#2461);
#2149=LINE('',#5003,#2462);
#2150=LINE('',#5005,#2463);
#2151=LINE('',#5010,#2464);
#2152=LINE('',#5014,#2465);
#2153=LINE('',#5016,#2466);
#2154=LINE('',#5018,#2467);
#2155=LINE('',#5020,#2468);
#2156=LINE('',#5023,#2469);
#2157=LINE('',#5025,#2470);
#2158=LINE('',#5027,#2471);
#2159=LINE('',#5032,#2472);
#2160=LINE('',#5042,#2473);
#2161=LINE('',#5044,#2474);
#2162=LINE('',#5049,#2475);
#2163=LINE('',#5051,#2476);
#2164=LINE('',#5053,#2477);
#2165=LINE('',#5057,#2478);
#2166=LINE('',#5059,#2479);
#2167=LINE('',#5064,#2480);
#2168=LINE('',#5066,#2481);
#2169=LINE('',#5068,#2482);
#2170=LINE('',#5070,#2483);
#2171=LINE('',#5072,#2484);
#2172=LINE('',#5077,#2485);
#2173=LINE('',#5079,#2486);
#2174=LINE('',#5080,#2487);
#2175=LINE('',#5086,#2488);
#2176=LINE('',#5095,#2489);
#2177=LINE('',#5099,#2490);
#2178=LINE('',#5105,#2491);
#2179=LINE('',#5108,#2492);
#2180=LINE('',#5110,#2493);
#2181=LINE('',#5114,#2494);
#2182=LINE('',#5116,#2495);
#2183=LINE('',#5119,#2496);
#2184=LINE('',#5121,#2497);
#2185=LINE('',#5123,#2498);
#2186=LINE('',#5128,#2499);
#2187=LINE('',#5129,#2500);
#2188=LINE('',#5131,#2501);
#2189=LINE('',#5133,#2502);
#2190=LINE('',#5136,#2503);
#2191=LINE('',#5138,#2504);
#2192=LINE('',#5140,#2505);
#2193=LINE('',#5142,#2506);
#2194=LINE('',#5144,#2507);
#2195=LINE('',#5146,#2508);
#2196=LINE('',#5150,#2509);
#2197=LINE('',#5152,#2510);
#2198=LINE('',#5154,#2511);
#2199=LINE('',#5156,#2512);
#2200=LINE('',#5158,#2513);
#2201=LINE('',#5160,#2514);
#2202=LINE('',#5161,#2515);
#2203=LINE('',#5163,#2516);
#2204=LINE('',#5165,#2517);
#2205=LINE('',#5200,#2518);
#2206=LINE('',#5202,#2519);
#2207=LINE('',#5204,#2520);
#2208=LINE('',#5209,#2521);
#2209=LINE('',#5213,#2522);
#2210=LINE('',#5215,#2523);
#2211=LINE('',#5217,#2524);
#2212=LINE('',#5218,#2525);
#2213=LINE('',#5220,#2526);
#2214=LINE('',#5232,#2527);
#2215=LINE('',#5236,#2528);
#2216=LINE('',#5242,#2529);
#2217=LINE('',#5245,#2530);
#2218=LINE('',#5247,#2531);
#2219=LINE('',#5250,#2532);
#2220=LINE('',#5252,#2533);
#2221=LINE('',#5253,#2534);
#2222=LINE('',#5255,#2535);
#2223=LINE('',#5256,#2536);
#2224=LINE('',#5260,#2537);
#2225=LINE('',#5268,#2538);
#2226=LINE('',#5272,#2539);
#2227=LINE('',#5273,#2540);
#2228=LINE('',#5275,#2541);
#2229=LINE('',#5277,#2542);
#2230=LINE('',#5279,#2543);
#2231=LINE('',#5283,#2544);
#2232=LINE('',#5286,#2545);
#2233=LINE('',#5288,#2546);
#2234=LINE('',#5289,#2547);
#2235=LINE('',#5290,#2548);
#2236=LINE('',#5291,#2549);
#2237=LINE('',#5292,#2550);
#2238=LINE('',#5296,#2551);
#2239=LINE('',#5298,#2552);
#2240=LINE('',#5299,#2553);
#2241=LINE('',#5302,#2554);
#2242=LINE('',#5313,#2555);
#2243=LINE('',#5314,#2556);
#2244=LINE('',#5319,#2557);
#2245=LINE('',#5321,#2558);
#2246=LINE('',#5323,#2559);
#2247=LINE('',#5324,#2560);
#2248=LINE('',#5326,#2561);
#2249=LINE('',#5331,#2562);
#2250=LINE('',#5333,#2563);
#2251=LINE('',#5334,#2564);
#2252=LINE('',#5336,#2565);
#2253=LINE('',#5337,#2566);
#2254=LINE('',#5339,#2567);
#2255=LINE('',#5372,#2568);
#2256=LINE('',#5377,#2569);
#2257=LINE('',#5379,#2570);
#2258=LINE('',#5381,#2571);
#2259=LINE('',#5383,#2572);
#2260=LINE('',#5385,#2573);
#2261=LINE('',#5387,#2574);
#2262=LINE('',#5389,#2575);
#2263=LINE('',#5392,#2576);
#2264=LINE('',#5396,#2577);
#2265=LINE('',#5399,#2578);
#2266=LINE('',#5402,#2579);
#2267=LINE('',#5428,#2580);
#2268=LINE('',#5432,#2581);
#2269=LINE('',#5439,#2582);
#2270=LINE('',#5444,#2583);
#2271=LINE('',#5450,#2584);
#2272=LINE('',#5459,#2585);
#2273=LINE('',#5462,#2586);
#2274=LINE('',#5464,#2587);
#2275=LINE('',#5466,#2588);
#2276=LINE('',#5468,#2589);
#2277=LINE('',#5471,#2590);
#2278=LINE('',#5473,#2591);
#2279=LINE('',#5475,#2592);
#2280=LINE('',#5477,#2593);
#2281=LINE('',#5482,#2594);
#2282=LINE('',#5486,#2595);
#2283=LINE('',#5491,#2596);
#2284=LINE('',#5495,#2597);
#2285=LINE('',#5500,#2598);
#2286=LINE('',#5504,#2599);
#2287=LINE('',#5506,#2600);
#2288=LINE('',#5508,#2601);
#2289=LINE('',#5510,#2602);
#2290=LINE('',#5512,#2603);
#2291=LINE('',#5515,#2604);
#2292=LINE('',#5517,#2605);
#2293=LINE('',#5527,#2606);
#2294=LINE('',#5529,#2607);
#2295=LINE('',#5531,#2608);
#2296=LINE('',#5539,#2609);
#2297=LINE('',#5542,#2610);
#2298=LINE('',#5543,#2611);
#2299=LINE('',#5551,#2612);
#2300=LINE('',#5552,#2613);
#2301=LINE('',#5560,#2614);
#2302=LINE('',#5564,#2615);
#2303=LINE('',#5566,#2616);
#2304=LINE('',#5570,#2617);
#2305=LINE('',#5576,#2618);
#2306=LINE('',#5578,#2619);
#2307=LINE('',#5583,#2620);
#2308=LINE('',#5584,#2621);
#2309=LINE('',#5590,#2622);
#2310=LINE('',#5609,#2623);
#2311=LINE('',#5611,#2624);
#2312=LINE('',#5613,#2625);
#2313=LINE('',#5615,#2626);
#2314=LINE('',#5618,#2627);
#2315=LINE('',#5620,#2628);
#2316=LINE('',#5622,#2629);
#2317=LINE('',#5624,#2630);
#2318=LINE('',#5625,#2631);
#2319=LINE('',#5627,#2632);
#2320=LINE('',#5629,#2633);
#2321=LINE('',#5631,#2634);
#2322=LINE('',#5633,#2635);
#2323=LINE('',#5634,#2636);
#2324=LINE('',#5636,#2637);
#2325=LINE('',#5644,#2638);
#2326=LINE('',#5645,#2639);
#2327=LINE('',#5662,#2640);
#2328=LINE('',#5668,#2641);
#2329=LINE('',#5670,#2642);
#2330=LINE('',#5674,#2643);
#2331=LINE('',#5676,#2644);
#2332=LINE('',#5680,#2645);
#2333=LINE('',#5682,#2646);
#2334=LINE('',#5685,#2647);
#2335=LINE('',#5687,#2648);
#2336=LINE('',#5689,#2649);
#2337=LINE('',#5694,#2650);
#2338=LINE('',#5697,#2651);
#2339=LINE('',#5708,#2652);
#2340=LINE('',#5718,#2653);
#2341=LINE('',#5729,#2654);
#2342=LINE('',#5731,#2655);
#2343=LINE('',#5733,#2656);
#2344=LINE('',#5735,#2657);
#2345=LINE('',#5739,#2658);
#2346=LINE('',#5740,#2659);
#2347=LINE('',#5742,#2660);
#2348=LINE('',#5747,#2661);
#2349=LINE('',#5751,#2662);
#2350=LINE('',#5756,#2663);
#2351=LINE('',#5775,#2664);
#2352=LINE('',#5779,#2665);
#2353=LINE('',#5784,#2666);
#2354=LINE('',#5795,#2667);
#2355=LINE('',#5800,#2668);
#2356=LINE('',#5801,#2669);
#2357=LINE('',#5805,#2670);
#2358=LINE('',#5806,#2671);
#2359=LINE('',#5807,#2672);
#2360=LINE('',#5809,#2673);
#2361=LINE('',#5811,#2674);
#2362=LINE('',#5813,#2675);
#2363=LINE('',#5815,#2676);
#2364=LINE('',#5824,#2677);
#2365=LINE('',#5830,#2678);
#2366=LINE('',#5834,#2679);
#2367=LINE('',#5835,#2680);
#2368=LINE('',#5845,#2681);
#2369=LINE('',#5855,#2682);
#2370=LINE('',#5859,#2683);
#2371=LINE('',#5860,#2684);
#2372=LINE('',#5862,#2685);
#2373=LINE('',#5863,#2686);
#2374=LINE('',#5868,#2687);
#2375=LINE('',#5872,#2688);
#2376=LINE('',#5874,#2689);
#2377=LINE('',#5877,#2690);
#2378=LINE('',#5884,#2691);
#2379=LINE('',#5922,#2692);
#2380=LINE('',#5924,#2693);
#2381=LINE('',#5926,#2694);
#2382=LINE('',#5928,#2695);
#2383=LINE('',#5938,#2696);
#2384=LINE('',#5940,#2697);
#2385=LINE('',#5942,#2698);
#2386=LINE('',#5944,#2699);
#2387=LINE('',#5946,#2700);
#2388=LINE('',#5948,#2701);
#2389=LINE('',#5950,#2702);
#2390=LINE('',#5951,#2703);
#2391=LINE('',#5953,#2704);
#2392=LINE('',#5960,#2705);
#2393=LINE('',#5962,#2706);
#2394=LINE('',#5964,#2707);
#2395=LINE('',#5966,#2708);
#2396=LINE('',#5970,#2709);
#2397=LINE('',#5972,#2710);
#2398=LINE('',#5983,#2711);
#2399=LINE('',#5987,#2712);
#2400=LINE('',#6012,#2713);
#2401=LINE('',#6015,#2714);
#2402=LINE('',#6017,#2715);
#2403=VECTOR('',#3827,1000.);
#2404=VECTOR('',#3828,1000.);
#2405=VECTOR('',#3829,1000.);
#2406=VECTOR('',#3830,1000.);
#2407=VECTOR('',#3837,1000.);
#2408=VECTOR('',#3838,1000.);
#2409=VECTOR('',#3839,1000.);
#2410=VECTOR('',#3840,1000.);
#2411=VECTOR('',#3843,1000.);
#2412=VECTOR('',#3846,1000.);
#2413=VECTOR('',#3851,1000.);
#2414=VECTOR('',#3852,1000.);
#2415=VECTOR('',#3853,1000.);
#2416=VECTOR('',#3854,1000.);
#2417=VECTOR('',#3855,1000.);
#2418=VECTOR('',#3856,1000.);
#2419=VECTOR('',#3859,1000.);
#2420=VECTOR('',#3860,1000.);
#2421=VECTOR('',#3861,1000.);
#2422=VECTOR('',#3864,1000.);
#2423=VECTOR('',#3865,1000.);
#2424=VECTOR('',#3866,1000.);
#2425=VECTOR('',#3867,1000.);
#2426=VECTOR('',#3874,1000.);
#2427=VECTOR('',#3875,1000.);
#2428=VECTOR('',#3876,1000.);
#2429=VECTOR('',#3877,1000.);
#2430=VECTOR('',#3880,1000.);
#2431=VECTOR('',#3881,1000.);
#2432=VECTOR('',#3882,1000.);
#2433=VECTOR('',#3885,1000.);
#2434=VECTOR('',#3886,1000.);
#2435=VECTOR('',#3887,1000.);
#2436=VECTOR('',#3888,1000.);
#2437=VECTOR('',#3891,1000.);
#2438=VECTOR('',#3894,1000.);
#2439=VECTOR('',#3895,1000.);
#2440=VECTOR('',#3896,1000.);
#2441=VECTOR('',#3897,1000.);
#2442=VECTOR('',#3898,1000.);
#2443=VECTOR('',#3901,1000.);
#2444=VECTOR('',#3902,1000.);
#2445=VECTOR('',#3903,1000.);
#2446=VECTOR('',#3916,1000.);
#2447=VECTOR('',#3919,1000.);
#2448=VECTOR('',#3922,1000.);
#2449=VECTOR('',#3923,1000.);
#2450=VECTOR('',#3924,1000.);
#2451=VECTOR('',#3927,1000.);
#2452=VECTOR('',#3930,1000.);
#2453=VECTOR('',#3931,1000.);
#2454=VECTOR('',#3940,1000.);
#2455=VECTOR('',#3943,1000.);
#2456=VECTOR('',#3946,1000.);
#2457=VECTOR('',#3947,1000.);
#2458=VECTOR('',#3948,1000.);
#2459=VECTOR('',#3949,1000.);
#2460=VECTOR('',#3952,1000.);
#2461=VECTOR('',#3953,1000.);
#2462=VECTOR('',#3954,1000.);
#2463=VECTOR('',#3957,1000.);
#2464=VECTOR('',#3960,1000.);
#2465=VECTOR('',#3965,1000.);
#2466=VECTOR('',#3966,1000.);
#2467=VECTOR('',#3967,1000.);
#2468=VECTOR('',#3970,1000.);
#2469=VECTOR('',#3971,1000.);
#2470=VECTOR('',#3972,1000.);
#2471=VECTOR('',#3973,1000.);
#2472=VECTOR('',#3980,1000.);
#2473=VECTOR('',#3991,1000.);
#2474=VECTOR('',#3992,1000.);
#2475=VECTOR('',#3997,1000.);
#2476=VECTOR('',#3998,1000.);
#2477=VECTOR('',#3999,1000.);
#2478=VECTOR('',#4002,1000.);
#2479=VECTOR('',#4003,1000.);
#2480=VECTOR('',#4008,1000.);
#2481=VECTOR('',#4009,1000.);
#2482=VECTOR('',#4010,1000.);
#2483=VECTOR('',#4011,1000.);
#2484=VECTOR('',#4012,1000.);
#2485=VECTOR('',#4017,1000.);
#2486=VECTOR('',#4018,1000.);
#2487=VECTOR('',#4019,1000.);
#2488=VECTOR('',#4024,1000.);
#2489=VECTOR('',#4035,1000.);
#2490=VECTOR('',#4040,1000.);
#2491=VECTOR('',#4047,1000.);
#2492=VECTOR('',#4048,1000.);
#2493=VECTOR('',#4049,1000.);
#2494=VECTOR('',#4052,1000.);
#2495=VECTOR('',#4055,1000.);
#2496=VECTOR('',#4056,1000.);
#2497=VECTOR('',#4057,1000.);
#2498=VECTOR('',#4058,1000.);
#2499=VECTOR('',#4063,1000.);
#2500=VECTOR('',#4064,1000.);
#2501=VECTOR('',#4065,1000.);
#2502=VECTOR('',#4068,1000.);
#2503=VECTOR('',#4069,1000.);
#2504=VECTOR('',#4070,1000.);
#2505=VECTOR('',#4071,1000.);
#2506=VECTOR('',#4074,1000.);
#2507=VECTOR('',#4075,1000.);
#2508=VECTOR('',#4076,1000.);
#2509=VECTOR('',#4081,1000.);
#2510=VECTOR('',#4084,1000.);
#2511=VECTOR('',#4085,1000.);
#2512=VECTOR('',#4086,1000.);
#2513=VECTOR('',#4089,1000.);
#2514=VECTOR('',#4090,1000.);
#2515=VECTOR('',#4091,1000.);
#2516=VECTOR('',#4092,1000.);
#2517=VECTOR('',#4093,1000.);
#2518=VECTOR('',#4102,1000.);
#2519=VECTOR('',#4103,1000.);
#2520=VECTOR('',#4104,1000.);
#2521=VECTOR('',#4111,1000.);
#2522=VECTOR('',#4116,1000.);
#2523=VECTOR('',#4117,1000.);
#2524=VECTOR('',#4120,1000.);
#2525=VECTOR('',#4121,1000.);
#2526=VECTOR('',#4124,1000.);
#2527=VECTOR('',#4137,1000.);
#2528=VECTOR('',#4140,1000.);
#2529=VECTOR('',#4145,1000.);
#2530=VECTOR('',#4148,1000.);
#2531=VECTOR('',#4151,1000.);
#2532=VECTOR('',#4156,1000.);
#2533=VECTOR('',#4159,1000.);
#2534=VECTOR('',#4160,1000.);
#2535=VECTOR('',#4161,1000.);
#2536=VECTOR('',#4162,1000.);
#2537=VECTOR('',#4167,1000.);
#2538=VECTOR('',#4178,1000.);
#2539=VECTOR('',#4181,1000.);
#2540=VECTOR('',#4182,1000.);
#2541=VECTOR('',#4185,1000.);
#2542=VECTOR('',#4186,1000.);
#2543=VECTOR('',#4189,1000.);
#2544=VECTOR('',#4194,1000.);
#2545=VECTOR('',#4199,1000.);
#2546=VECTOR('',#4200,1000.);
#2547=VECTOR('',#4201,1000.);
#2548=VECTOR('',#4202,1000.);
#2549=VECTOR('',#4203,1000.);
#2550=VECTOR('',#4204,1000.);
#2551=VECTOR('',#4209,1000.);
#2552=VECTOR('',#4212,1000.);
#2553=VECTOR('',#4213,1000.);
#2554=VECTOR('',#4218,1000.);
#2555=VECTOR('',#4229,1000.);
#2556=VECTOR('',#4230,1000.);
#2557=VECTOR('',#4239,1000.);
#2558=VECTOR('',#4242,1000.);
#2559=VECTOR('',#4243,1000.);
#2560=VECTOR('',#4244,1000.);
#2561=VECTOR('',#4245,1000.);
#2562=VECTOR('',#4254,1000.);
#2563=VECTOR('',#4255,1000.);
#2564=VECTOR('',#4256,1000.);
#2565=VECTOR('',#4259,1000.);
#2566=VECTOR('',#4260,1000.);
#2567=VECTOR('',#4263,1000.);
#2568=VECTOR('',#4270,1000.);
#2569=VECTOR('',#4279,1000.);
#2570=VECTOR('',#4282,1000.);
#2571=VECTOR('',#4283,1000.);
#2572=VECTOR('',#4286,1000.);
#2573=VECTOR('',#4287,1000.);
#2574=VECTOR('',#4290,1000.);
#2575=VECTOR('',#4293,1000.);
#2576=VECTOR('',#4298,1000.);
#2577=VECTOR('',#4305,1000.);
#2578=VECTOR('',#4310,1000.);
#2579=VECTOR('',#4315,1000.);
#2580=VECTOR('',#4352,1000.);
#2581=VECTOR('',#4355,1000.);
#2582=VECTOR('',#4364,1000.);
#2583=VECTOR('',#4367,1000.);
#2584=VECTOR('',#4374,1000.);
#2585=VECTOR('',#4383,1000.);
#2586=VECTOR('',#4384,1000.);
#2587=VECTOR('',#4385,1000.);
#2588=VECTOR('',#4386,1000.);
#2589=VECTOR('',#4389,1000.);
#2590=VECTOR('',#4390,1000.);
#2591=VECTOR('',#4391,1000.);
#2592=VECTOR('',#4392,1000.);
#2593=VECTOR('',#4395,1000.);
#2594=VECTOR('',#4398,1000.);
#2595=VECTOR('',#4403,1000.);
#2596=VECTOR('',#4406,1000.);
#2597=VECTOR('',#4411,1000.);
#2598=VECTOR('',#4414,1000.);
#2599=VECTOR('',#4417,1000.);
#2600=VECTOR('',#4418,1000.);
#2601=VECTOR('',#4419,1000.);
#2602=VECTOR('',#4420,1000.);
#2603=VECTOR('',#4423,1000.);
#2604=VECTOR('',#4424,1000.);
#2605=VECTOR('',#4425,1000.);
#2606=VECTOR('',#4434,1000.);
#2607=VECTOR('',#4435,1000.);
#2608=VECTOR('',#4436,1000.);
#2609=VECTOR('',#4443,1000.);
#2610=VECTOR('',#4446,1000.);
#2611=VECTOR('',#4447,1000.);
#2612=VECTOR('',#4454,1000.);
#2613=VECTOR('',#4455,1000.);
#2614=VECTOR('',#4462,1000.);
#2615=VECTOR('',#4465,1000.);
#2616=VECTOR('',#4466,1000.);
#2617=VECTOR('',#4469,1000.);
#2618=VECTOR('',#4476,1000.);
#2619=VECTOR('',#4477,1000.);
#2620=VECTOR('',#4482,1000.);
#2621=VECTOR('',#4483,1000.);
#2622=VECTOR('',#4490,1000.);
#2623=VECTOR('',#4499,1000.);
#2624=VECTOR('',#4500,1000.);
#2625=VECTOR('',#4501,1000.);
#2626=VECTOR('',#4504,1000.);
#2627=VECTOR('',#4505,1000.);
#2628=VECTOR('',#4506,1000.);
#2629=VECTOR('',#4507,1000.);
#2630=VECTOR('',#4508,1000.);
#2631=VECTOR('',#4509,1000.);
#2632=VECTOR('',#4510,1000.);
#2633=VECTOR('',#4511,1000.);
#2634=VECTOR('',#4512,1000.);
#2635=VECTOR('',#4515,1000.);
#2636=VECTOR('',#4516,1000.);
#2637=VECTOR('',#4519,1000.);
#2638=VECTOR('',#4528,1000.);
#2639=VECTOR('',#4529,1000.);
#2640=VECTOR('',#4534,1000.);
#2641=VECTOR('',#4543,1000.);
#2642=VECTOR('',#4544,1000.);
#2643=VECTOR('',#4549,1000.);
#2644=VECTOR('',#4552,1000.);
#2645=VECTOR('',#4555,1000.);
#2646=VECTOR('',#4558,1000.);
#2647=VECTOR('',#4559,1000.);
#2648=VECTOR('',#4560,1000.);
#2649=VECTOR('',#4561,1000.);
#2650=VECTOR('',#4566,1000.);
#2651=VECTOR('',#4569,1000.);
#2652=VECTOR('',#4572,1000.);
#2653=VECTOR('',#4573,1000.);
#2654=VECTOR('',#4586,1000.);
#2655=VECTOR('',#4587,1000.);
#2656=VECTOR('',#4588,1000.);
#2657=VECTOR('',#4589,1000.);
#2658=VECTOR('',#4594,1000.);
#2659=VECTOR('',#4595,1000.);
#2660=VECTOR('',#4598,1000.);
#2661=VECTOR('',#4601,1000.);
#2662=VECTOR('',#4606,1000.);
#2663=VECTOR('',#4609,1000.);
#2664=VECTOR('',#4616,1000.);
#2665=VECTOR('',#4621,1000.);
#2666=VECTOR('',#4626,1000.);
#2667=VECTOR('',#4643,1000.);
#2668=VECTOR('',#4648,1000.);
#2669=VECTOR('',#4649,1000.);
#2670=VECTOR('',#4654,1000.);
#2671=VECTOR('',#4655,1000.);
#2672=VECTOR('',#4656,1000.);
#2673=VECTOR('',#4659,1000.);
#2674=VECTOR('',#4660,1000.);
#2675=VECTOR('',#4661,1000.);
#2676=VECTOR('',#4664,1000.);
#2677=VECTOR('',#4675,1000.);
#2678=VECTOR('',#4682,1000.);
#2679=VECTOR('',#4685,1000.);
#2680=VECTOR('',#4686,1000.);
#2681=VECTOR('',#4689,1000.);
#2682=VECTOR('',#4692,1000.);
#2683=VECTOR('',#4697,1000.);
#2684=VECTOR('',#4698,1000.);
#2685=VECTOR('',#4701,1000.);
#2686=VECTOR('',#4702,1000.);
#2687=VECTOR('',#4709,1000.);
#2688=VECTOR('',#4714,1000.);
#2689=VECTOR('',#4717,1000.);
#2690=VECTOR('',#4720,1000.);
#2691=VECTOR('',#4729,1000.);
#2692=VECTOR('',#4742,1000.);
#2693=VECTOR('',#4743,1000.);
#2694=VECTOR('',#4746,1000.);
#2695=VECTOR('',#4749,1000.);
#2696=VECTOR('',#4754,1000.);
#2697=VECTOR('',#4757,1000.);
#2698=VECTOR('',#4758,1000.);
#2699=VECTOR('',#4759,1000.);
#2700=VECTOR('',#4760,1000.);
#2701=VECTOR('',#4763,1000.);
#2702=VECTOR('',#4764,1000.);
#2703=VECTOR('',#4765,1000.);
#2704=VECTOR('',#4768,1000.);
#2705=VECTOR('',#4777,1000.);
#2706=VECTOR('',#4780,1000.);
#2707=VECTOR('',#4781,1000.);
#2708=VECTOR('',#4784,1000.);
#2709=VECTOR('',#4789,1000.);
#2710=VECTOR('',#4792,1000.);
#2711=VECTOR('',#4799,1000.);
#2712=VECTOR('',#4804,1000.);
#2713=VECTOR('',#4825,1000.);
#2714=VECTOR('',#4830,1000.);
#2715=VECTOR('',#4833,1000.);
#2716=EDGE_LOOP('',(#285,#286,#287,#288));
#2717=EDGE_LOOP('',(#289));
#2718=EDGE_LOOP('',(#290,#291,#292,#293));
#2719=EDGE_LOOP('',(#294,#295,#296,#297));
#2720=EDGE_LOOP('',(#298,#299,#300,#301,#302,#303));
#2721=EDGE_LOOP('',(#304,#305,#306,#307));
#2722=EDGE_LOOP('',(#308,#309,#310,#311));
#2723=EDGE_LOOP('',(#312));
#2724=EDGE_LOOP('',(#313,#314,#315,#316));
#2725=EDGE_LOOP('',(#317,#318,#319,#320));
#2726=EDGE_LOOP('',(#321,#322,#323,#324));
#2727=EDGE_LOOP('',(#325,#326,#327,#328,#329,#330,#331));
#2728=EDGE_LOOP('',(#332,#333,#334,#335,#336));
#2729=EDGE_LOOP('',(#337));
#2730=EDGE_LOOP('',(#338));
#2731=EDGE_LOOP('',(#339,#340,#341,#342,#343));
#2732=EDGE_LOOP('',(#344,#345,#346,#347,#348,#349,#350,#351,#352));
#2733=EDGE_LOOP('',(#353,#354,#355,#356,#357,#358,#359));
#2734=EDGE_LOOP('',(#360,#361,#362,#363,#364));
#2735=EDGE_LOOP('',(#365,#366,#367,#368));
#2736=EDGE_LOOP('',(#369,#370,#371,#372));
#2737=EDGE_LOOP('',(#373,#374,#375,#376));
#2738=EDGE_LOOP('',(#377,#378,#379,#380));
#2739=EDGE_LOOP('',(#381));
#2740=EDGE_LOOP('',(#382,#383,#384,#385));
#2741=EDGE_LOOP('',(#386));
#2742=EDGE_LOOP('',(#387));
#2743=EDGE_LOOP('',(#388));
#2744=EDGE_LOOP('',(#389));
#2745=EDGE_LOOP('',(#390));
#2746=EDGE_LOOP('',(#391,#392,#393,#394,#395,#396,#397,#398,#399,#400,#401,
#402,#403,#404,#405,#406,#407,#408,#409,#410,#411,#412,#413,#414,#415,#416,
#417,#418,#419,#420,#421,#422));
#2747=EDGE_LOOP('',(#423));
#2748=EDGE_LOOP('',(#424,#425));
#2749=EDGE_LOOP('',(#426,#427,#428,#429));
#2750=EDGE_LOOP('',(#430,#431,#432,#433));
#2751=EDGE_LOOP('',(#434,#435,#436,#437,#438));
#2752=EDGE_LOOP('',(#439,#440,#441,#442));
#2753=EDGE_LOOP('',(#443,#444,#445,#446,#447));
#2754=EDGE_LOOP('',(#448,#449,#450,#451));
#2755=EDGE_LOOP('',(#452,#453,#454,#455));
#2756=EDGE_LOOP('',(#456,#457,#458,#459,#460));
#2757=EDGE_LOOP('',(#461,#462,#463,#464));
#2758=EDGE_LOOP('',(#465,#466,#467,#468,#469,#470,#471,#472,#473,#474));
#2759=EDGE_LOOP('',(#475,#476,#477,#478));
#2760=EDGE_LOOP('',(#479,#480,#481,#482));
#2761=EDGE_LOOP('',(#483));
#2762=EDGE_LOOP('',(#484));
#2763=EDGE_LOOP('',(#485,#486,#487));
#2764=EDGE_LOOP('',(#488,#489,#490,#491));
#2765=EDGE_LOOP('',(#492,#493,#494,#495));
#2766=EDGE_LOOP('',(#496,#497,#498,#499));
#2767=EDGE_LOOP('',(#500,#501,#502,#503,#504,#505,#506,#507,#508,#509,#510,
#511,#512,#513));
#2768=EDGE_LOOP('',(#514,#515,#516,#517,#518,#519,#520,#521));
#2769=EDGE_LOOP('',(#522));
#2770=EDGE_LOOP('',(#523,#524,#525,#526));
#2771=EDGE_LOOP('',(#527,#528,#529,#530,#531,#532,#533,#534));
#2772=EDGE_LOOP('',(#535,#536,#537,#538));
#2773=EDGE_LOOP('',(#539));
#2774=EDGE_LOOP('',(#540));
#2775=EDGE_LOOP('',(#541));
#2776=EDGE_LOOP('',(#542,#543,#544,#545,#546));
#2777=EDGE_LOOP('',(#547,#548,#549,#550));
#2778=EDGE_LOOP('',(#551,#552,#553,#554));
#2779=EDGE_LOOP('',(#555,#556,#557,#558));
#2780=EDGE_LOOP('',(#559));
#2781=EDGE_LOOP('',(#560));
#2782=EDGE_LOOP('',(#561,#562,#563,#564,#565,#566,#567,#568,#569,#570,#571,
#572,#573));
#2783=EDGE_LOOP('',(#574,#575,#576,#577));
#2784=EDGE_LOOP('',(#578,#579,#580,#581,#582,#583,#584,#585));
#2785=EDGE_LOOP('',(#586,#587,#588,#589));
#2786=EDGE_LOOP('',(#590,#591,#592,#593));
#2787=EDGE_LOOP('',(#594));
#2788=EDGE_LOOP('',(#595,#596,#597,#598,#599,#600,#601,#602));
#2789=EDGE_LOOP('',(#603,#604,#605));
#2790=EDGE_LOOP('',(#606,#607,#608,#609,#610,#611));
#2791=EDGE_LOOP('',(#612));
#2792=EDGE_LOOP('',(#613,#614));
#2793=EDGE_LOOP('',(#615,#616,#617,#618));
#2794=EDGE_LOOP('',(#619,#620,#621,#622));
#2795=EDGE_LOOP('',(#623,#624,#625,#626,#627,#628,#629));
#2796=EDGE_LOOP('',(#630,#631,#632,#633));
#2797=EDGE_LOOP('',(#634,#635,#636,#637,#638,#639,#640,#641,#642));
#2798=EDGE_LOOP('',(#643,#644,#645,#646));
#2799=EDGE_LOOP('',(#647,#648,#649,#650));
#2800=EDGE_LOOP('',(#651));
#2801=EDGE_LOOP('',(#652));
#2802=EDGE_LOOP('',(#653,#654,#655,#656));
#2803=EDGE_LOOP('',(#657,#658,#659,#660,#661,#662,#663,#664,#665,#666));
#2804=EDGE_LOOP('',(#667,#668,#669,#670));
#2805=EDGE_LOOP('',(#671,#672,#673,#674,#675,#676,#677,#678,#679,#680));
#2806=EDGE_LOOP('',(#681,#682,#683,#684,#685,#686,#687,#688,#689));
#2807=EDGE_LOOP('',(#690,#691,#692,#693,#694,#695,#696,#697,#698));
#2808=EDGE_LOOP('',(#699,#700,#701,#702));
#2809=EDGE_LOOP('',(#703,#704,#705,#706));
#2810=EDGE_LOOP('',(#707,#708,#709,#710));
#2811=EDGE_LOOP('',(#711,#712,#713,#714));
#2812=EDGE_LOOP('',(#715));
#2813=EDGE_LOOP('',(#716,#717,#718,#719));
#2814=EDGE_LOOP('',(#720,#721,#722,#723));
#2815=EDGE_LOOP('',(#724,#725,#726));
#2816=EDGE_LOOP('',(#727,#728,#729,#730));
#2817=EDGE_LOOP('',(#731));
#2818=EDGE_LOOP('',(#732));
#2819=EDGE_LOOP('',(#733,#734,#735,#736));
#2820=EDGE_LOOP('',(#737,#738,#739,#740,#741,#742));
#2821=EDGE_LOOP('',(#743,#744,#745,#746,#747,#748,#749,#750,#751,#752));
#2822=EDGE_LOOP('',(#753,#754,#755,#756));
#2823=EDGE_LOOP('',(#757,#758,#759,#760));
#2824=EDGE_LOOP('',(#761,#762,#763,#764,#765));
#2825=EDGE_LOOP('',(#766,#767,#768,#769));
#2826=EDGE_LOOP('',(#770,#771,#772,#773,#774,#775,#776,#777));
#2827=EDGE_LOOP('',(#778,#779,#780));
#2828=EDGE_LOOP('',(#781));
#2829=EDGE_LOOP('',(#782));
#2830=EDGE_LOOP('',(#783));
#2831=EDGE_LOOP('',(#784));
#2832=EDGE_LOOP('',(#785));
#2833=EDGE_LOOP('',(#786));
#2834=EDGE_LOOP('',(#787,#788,#789,#790));
#2835=EDGE_LOOP('',(#791));
#2836=EDGE_LOOP('',(#792));
#2837=EDGE_LOOP('',(#793,#794,#795,#796));
#2838=EDGE_LOOP('',(#797));
#2839=EDGE_LOOP('',(#798,#799,#800,#801));
#2840=EDGE_LOOP('',(#802,#803,#804,#805));
#2841=EDGE_LOOP('',(#806,#807,#808,#809));
#2842=EDGE_LOOP('',(#810,#811,#812,#813));
#2843=EDGE_LOOP('',(#814,#815,#816,#817));
#2844=EDGE_LOOP('',(#818,#819,#820,#821,#822,#823,#824,#825));
#2845=EDGE_LOOP('',(#826,#827,#828,#829,#830,#831));
#2846=EDGE_LOOP('',(#832));
#2847=EDGE_LOOP('',(#833,#834,#835,#836,#837,#838,#839,#840,#841,#842,#843,
#844,#845,#846,#847,#848,#849,#850,#851,#852,#853,#854,#855,#856,#857,#858,
#859,#860,#861,#862));
#2848=EDGE_LOOP('',(#863,#864,#865,#866));
#2849=EDGE_LOOP('',(#867,#868,#869,#870));
#2850=EDGE_LOOP('',(#871,#872,#873,#874,#875));
#2851=EDGE_LOOP('',(#876,#877,#878,#879,#880,#881));
#2852=EDGE_LOOP('',(#882,#883,#884,#885,#886));
#2853=EDGE_LOOP('',(#887,#888,#889,#890,#891,#892,#893,#894,#895,#896,#897,
#898));
#2854=EDGE_LOOP('',(#899,#900,#901,#902));
#2855=EDGE_LOOP('',(#903,#904,#905));
#2856=EDGE_LOOP('',(#906));
#2857=EDGE_LOOP('',(#907,#908,#909,#910));
#2858=EDGE_LOOP('',(#911,#912,#913,#914));
#2859=EDGE_LOOP('',(#915,#916,#917));
#2860=EDGE_LOOP('',(#918,#919,#920,#921,#922));
#2861=EDGE_LOOP('',(#923,#924,#925,#926));
#2862=EDGE_LOOP('',(#927,#928,#929,#930));
#2863=EDGE_LOOP('',(#931,#932,#933));
#2864=EDGE_LOOP('',(#934,#935,#936,#937));
#2865=EDGE_LOOP('',(#938,#939,#940,#941,#942));
#2866=EDGE_LOOP('',(#943,#944,#945,#946));
#2867=EDGE_LOOP('',(#947));
#2868=EDGE_LOOP('',(#948));
#2869=EDGE_LOOP('',(#949));
#2870=EDGE_LOOP('',(#950));
#2871=EDGE_LOOP('',(#951,#952,#953,#954,#955,#956));
#2872=EDGE_LOOP('',(#957,#958,#959,#960));
#2873=EDGE_LOOP('',(#961,#962,#963,#964));
#2874=EDGE_LOOP('',(#965,#966,#967,#968));
#2875=EDGE_LOOP('',(#969,#970,#971,#972));
#2876=EDGE_LOOP('',(#973,#974,#975,#976,#977));
#2877=EDGE_LOOP('',(#978,#979,#980,#981,#982,#983,#984,#985,#986,#987,#988,
#989));
#2878=EDGE_LOOP('',(#990,#991));
#2879=EDGE_LOOP('',(#992));
#2880=EDGE_LOOP('',(#993,#994,#995,#996));
#2881=EDGE_LOOP('',(#997,#998));
#2882=EDGE_LOOP('',(#999,#1000,#1001,#1002));
#2883=EDGE_LOOP('',(#1003,#1004,#1005,#1006,#1007,#1008,#1009,#1010));
#2884=EDGE_LOOP('',(#1011,#1012,#1013,#1014));
#2885=EDGE_LOOP('',(#1015,#1016,#1017,#1018,#1019,#1020));
#2886=EDGE_LOOP('',(#1021,#1022,#1023,#1024,#1025,#1026));
#2887=EDGE_LOOP('',(#1027,#1028,#1029,#1030));
#2888=EDGE_LOOP('',(#1031,#1032,#1033,#1034,#1035,#1036,#1037,#1038));
#2889=EDGE_LOOP('',(#1039,#1040,#1041,#1042));
#2890=EDGE_LOOP('',(#1043,#1044,#1045,#1046,#1047));
#2891=EDGE_LOOP('',(#1048,#1049,#1050,#1051));
#2892=EDGE_LOOP('',(#1052,#1053,#1054,#1055));
#2893=EDGE_LOOP('',(#1056));
#2894=EDGE_LOOP('',(#1057));
#2895=EDGE_LOOP('',(#1058,#1059,#1060,#1061));
#2896=EDGE_LOOP('',(#1062,#1063,#1064,#1065));
#2897=EDGE_LOOP('',(#1066,#1067,#1068,#1069,#1070,#1071,#1072,#1073,#1074,
#1075,#1076,#1077));
#2898=EDGE_LOOP('',(#1078,#1079,#1080,#1081));
#2899=EDGE_LOOP('',(#1082,#1083,#1084,#1085,#1086,#1087,#1088,#1089,#1090,
#1091,#1092,#1093,#1094,#1095,#1096,#1097));
#2900=EDGE_LOOP('',(#1098));
#2901=EDGE_LOOP('',(#1099,#1100,#1101,#1102,#1103));
#2902=EDGE_LOOP('',(#1104,#1105,#1106));
#2903=EDGE_LOOP('',(#1107,#1108,#1109,#1110));
#2904=EDGE_LOOP('',(#1111,#1112,#1113,#1114,#1115));
#2905=EDGE_LOOP('',(#1116,#1117,#1118,#1119));
#2906=EDGE_LOOP('',(#1120,#1121,#1122,#1123,#1124));
#2907=EDGE_LOOP('',(#1125,#1126,#1127,#1128,#1129));
#2908=EDGE_LOOP('',(#1130,#1131,#1132,#1133,#1134,#1135,#1136,#1137));
#2909=EDGE_LOOP('',(#1138,#1139,#1140,#1141));
#2910=EDGE_LOOP('',(#1142,#1143,#1144,#1145));
#2911=EDGE_LOOP('',(#1146,#1147,#1148,#1149));
#2912=EDGE_LOOP('',(#1150,#1151,#1152,#1153));
#2913=EDGE_LOOP('',(#1154,#1155,#1156,#1157));
#2914=EDGE_LOOP('',(#1158,#1159,#1160,#1161,#1162));
#2915=EDGE_LOOP('',(#1163,#1164,#1165,#1166,#1167,#1168,#1169,#1170,#1171,
#1172,#1173,#1174));
#2916=EDGE_LOOP('',(#1175,#1176,#1177));
#2917=EDGE_LOOP('',(#1178,#1179,#1180,#1181));
#2918=EDGE_LOOP('',(#1182,#1183,#1184,#1185));
#2919=EDGE_LOOP('',(#1186,#1187,#1188,#1189,#1190,#1191));
#2920=EDGE_LOOP('',(#1192,#1193,#1194,#1195,#1196));
#2921=EDGE_LOOP('',(#1197,#1198,#1199,#1200,#1201,#1202,#1203,#1204,#1205,
#1206,#1207,#1208,#1209,#1210,#1211,#1212));
#2922=EDGE_LOOP('',(#1213));
#2923=EDGE_LOOP('',(#1214));
#2924=EDGE_LOOP('',(#1215));
#2925=EDGE_LOOP('',(#1216,#1217,#1218));
#2926=EDGE_LOOP('',(#1219,#1220,#1221,#1222,#1223,#1224,#1225,#1226));
#2927=EDGE_LOOP('',(#1227,#1228,#1229,#1230));
#2928=EDGE_LOOP('',(#1231,#1232,#1233,#1234));
#2929=EDGE_LOOP('',(#1235,#1236,#1237,#1238));
#2930=EDGE_LOOP('',(#1239,#1240,#1241,#1242));
#2931=EDGE_LOOP('',(#1243,#1244,#1245,#1246));
#2932=EDGE_LOOP('',(#1247,#1248,#1249,#1250));
#2933=EDGE_LOOP('',(#1251,#1252,#1253,#1254));
#2934=EDGE_LOOP('',(#1255,#1256,#1257,#1258,#1259,#1260,#1261,#1262));
#2935=EDGE_LOOP('',(#1263,#1264,#1265,#1266));
#2936=FACE_BOUND('',#2716,.T.);
#2937=FACE_BOUND('',#2717,.T.);
#2938=FACE_BOUND('',#2718,.T.);
#2939=FACE_BOUND('',#2719,.T.);
#2940=FACE_BOUND('',#2720,.T.);
#2941=FACE_BOUND('',#2721,.T.);
#2942=FACE_BOUND('',#2722,.T.);
#2943=FACE_BOUND('',#2723,.T.);
#2944=FACE_BOUND('',#2724,.T.);
#2945=FACE_BOUND('',#2725,.T.);
#2946=FACE_BOUND('',#2726,.T.);
#2947=FACE_BOUND('',#2727,.T.);
#2948=FACE_BOUND('',#2728,.T.);
#2949=FACE_BOUND('',#2729,.T.);
#2950=FACE_BOUND('',#2730,.T.);
#2951=FACE_BOUND('',#2731,.T.);
#2952=FACE_BOUND('',#2732,.T.);
#2953=FACE_BOUND('',#2733,.T.);
#2954=FACE_BOUND('',#2734,.T.);
#2955=FACE_BOUND('',#2735,.T.);
#2956=FACE_BOUND('',#2736,.T.);
#2957=FACE_BOUND('',#2737,.T.);
#2958=FACE_BOUND('',#2738,.T.);
#2959=FACE_BOUND('',#2739,.T.);
#2960=FACE_BOUND('',#2740,.T.);
#2961=FACE_BOUND('',#2741,.T.);
#2962=FACE_BOUND('',#2742,.T.);
#2963=FACE_BOUND('',#2743,.T.);
#2964=FACE_BOUND('',#2744,.T.);
#2965=FACE_BOUND('',#2745,.T.);
#2966=FACE_BOUND('',#2746,.T.);
#2967=FACE_BOUND('',#2747,.T.);
#2968=FACE_BOUND('',#2748,.T.);
#2969=FACE_BOUND('',#2749,.T.);
#2970=FACE_BOUND('',#2750,.T.);
#2971=FACE_BOUND('',#2751,.T.);
#2972=FACE_BOUND('',#2752,.T.);
#2973=FACE_BOUND('',#2753,.T.);
#2974=FACE_BOUND('',#2754,.T.);
#2975=FACE_BOUND('',#2755,.T.);
#2976=FACE_BOUND('',#2756,.T.);
#2977=FACE_BOUND('',#2757,.T.);
#2978=FACE_BOUND('',#2758,.T.);
#2979=FACE_BOUND('',#2759,.T.);
#2980=FACE_BOUND('',#2760,.T.);
#2981=FACE_BOUND('',#2761,.T.);
#2982=FACE_BOUND('',#2762,.T.);
#2983=FACE_BOUND('',#2763,.T.);
#2984=FACE_BOUND('',#2764,.T.);
#2985=FACE_BOUND('',#2765,.T.);
#2986=FACE_BOUND('',#2766,.T.);
#2987=FACE_BOUND('',#2767,.T.);
#2988=FACE_BOUND('',#2768,.T.);
#2989=FACE_BOUND('',#2769,.T.);
#2990=FACE_BOUND('',#2770,.T.);
#2991=FACE_BOUND('',#2771,.T.);
#2992=FACE_BOUND('',#2772,.T.);
#2993=FACE_BOUND('',#2773,.T.);
#2994=FACE_BOUND('',#2774,.T.);
#2995=FACE_BOUND('',#2775,.T.);
#2996=FACE_BOUND('',#2776,.T.);
#2997=FACE_BOUND('',#2777,.T.);
#2998=FACE_BOUND('',#2778,.T.);
#2999=FACE_BOUND('',#2779,.T.);
#3000=FACE_BOUND('',#2780,.T.);
#3001=FACE_BOUND('',#2781,.T.);
#3002=FACE_BOUND('',#2782,.T.);
#3003=FACE_BOUND('',#2783,.T.);
#3004=FACE_BOUND('',#2784,.T.);
#3005=FACE_BOUND('',#2785,.T.);
#3006=FACE_BOUND('',#2786,.T.);
#3007=FACE_BOUND('',#2787,.T.);
#3008=FACE_BOUND('',#2788,.T.);
#3009=FACE_BOUND('',#2789,.T.);
#3010=FACE_BOUND('',#2790,.T.);
#3011=FACE_BOUND('',#2791,.T.);
#3012=FACE_BOUND('',#2792,.T.);
#3013=FACE_BOUND('',#2793,.T.);
#3014=FACE_BOUND('',#2794,.T.);
#3015=FACE_BOUND('',#2795,.T.);
#3016=FACE_BOUND('',#2796,.T.);
#3017=FACE_BOUND('',#2797,.T.);
#3018=FACE_BOUND('',#2798,.T.);
#3019=FACE_BOUND('',#2799,.T.);
#3020=FACE_BOUND('',#2800,.T.);
#3021=FACE_BOUND('',#2801,.T.);
#3022=FACE_BOUND('',#2802,.T.);
#3023=FACE_BOUND('',#2803,.T.);
#3024=FACE_BOUND('',#2804,.T.);
#3025=FACE_BOUND('',#2805,.T.);
#3026=FACE_BOUND('',#2806,.T.);
#3027=FACE_BOUND('',#2807,.T.);
#3028=FACE_BOUND('',#2808,.T.);
#3029=FACE_BOUND('',#2809,.T.);
#3030=FACE_BOUND('',#2810,.T.);
#3031=FACE_BOUND('',#2811,.T.);
#3032=FACE_BOUND('',#2812,.T.);
#3033=FACE_BOUND('',#2813,.T.);
#3034=FACE_BOUND('',#2814,.T.);
#3035=FACE_BOUND('',#2815,.T.);
#3036=FACE_BOUND('',#2816,.T.);
#3037=FACE_BOUND('',#2817,.T.);
#3038=FACE_BOUND('',#2818,.T.);
#3039=FACE_BOUND('',#2819,.T.);
#3040=FACE_BOUND('',#2820,.T.);
#3041=FACE_BOUND('',#2821,.T.);
#3042=FACE_BOUND('',#2822,.T.);
#3043=FACE_BOUND('',#2823,.T.);
#3044=FACE_BOUND('',#2824,.T.);
#3045=FACE_BOUND('',#2825,.T.);
#3046=FACE_BOUND('',#2826,.T.);
#3047=FACE_BOUND('',#2827,.T.);
#3048=FACE_BOUND('',#2828,.T.);
#3049=FACE_BOUND('',#2829,.T.);
#3050=FACE_BOUND('',#26,.T.);
#3051=FACE_BOUND('',#2830,.T.);
#3052=FACE_BOUND('',#2831,.T.);
#3053=FACE_BOUND('',#2832,.T.);
#3054=FACE_BOUND('',#2833,.T.);
#3055=FACE_BOUND('',#2834,.T.);
#3056=FACE_BOUND('',#2835,.T.);
#3057=FACE_BOUND('',#2836,.T.);
#3058=FACE_BOUND('',#2837,.T.);
#3059=FACE_BOUND('',#2838,.T.);
#3060=FACE_BOUND('',#2839,.T.);
#3061=FACE_BOUND('',#2840,.T.);
#3062=FACE_BOUND('',#2841,.T.);
#3063=FACE_BOUND('',#2842,.T.);
#3064=FACE_BOUND('',#2843,.T.);
#3065=FACE_BOUND('',#2844,.T.);
#3066=FACE_BOUND('',#2845,.T.);
#3067=FACE_BOUND('',#2846,.T.);
#3068=FACE_BOUND('',#2847,.T.);
#3069=FACE_BOUND('',#2848,.T.);
#3070=FACE_BOUND('',#2849,.T.);
#3071=FACE_BOUND('',#2850,.T.);
#3072=FACE_BOUND('',#2851,.T.);
#3073=FACE_BOUND('',#2852,.T.);
#3074=FACE_BOUND('',#2853,.T.);
#3075=FACE_BOUND('',#2854,.T.);
#3076=FACE_BOUND('',#2855,.T.);
#3077=FACE_BOUND('',#2856,.T.);
#3078=FACE_BOUND('',#2857,.T.);
#3079=FACE_BOUND('',#2858,.T.);
#3080=FACE_BOUND('',#2859,.T.);
#3081=FACE_BOUND('',#2860,.T.);
#3082=FACE_BOUND('',#2861,.T.);
#3083=FACE_BOUND('',#2862,.T.);
#3084=FACE_BOUND('',#2863,.T.);
#3085=FACE_BOUND('',#2864,.T.);
#3086=FACE_BOUND('',#2865,.T.);
#3087=FACE_BOUND('',#2866,.T.);
#3088=FACE_BOUND('',#2867,.T.);
#3089=FACE_BOUND('',#2868,.T.);
#3090=FACE_BOUND('',#2869,.T.);
#3091=FACE_BOUND('',#2870,.T.);
#3092=FACE_BOUND('',#2871,.T.);
#3093=FACE_BOUND('',#2872,.T.);
#3094=FACE_BOUND('',#2873,.T.);
#3095=FACE_BOUND('',#2874,.T.);
#3096=FACE_BOUND('',#2875,.T.);
#3097=FACE_BOUND('',#2876,.T.);
#3098=FACE_BOUND('',#2877,.T.);
#3099=FACE_BOUND('',#2878,.T.);
#3100=FACE_BOUND('',#2879,.T.);
#3101=FACE_BOUND('',#2880,.T.);
#3102=FACE_BOUND('',#2881,.T.);
#3103=FACE_BOUND('',#2882,.T.);
#3104=FACE_BOUND('',#2883,.T.);
#3105=FACE_BOUND('',#2884,.T.);
#3106=FACE_BOUND('',#2885,.T.);
#3107=FACE_BOUND('',#2886,.T.);
#3108=FACE_BOUND('',#2887,.T.);
#3109=FACE_BOUND('',#2888,.T.);
#3110=FACE_BOUND('',#2889,.T.);
#3111=FACE_BOUND('',#2890,.T.);
#3112=FACE_BOUND('',#2891,.T.);
#3113=FACE_BOUND('',#2892,.T.);
#3114=FACE_BOUND('',#2893,.T.);
#3115=FACE_BOUND('',#2894,.T.);
#3116=FACE_BOUND('',#2895,.T.);
#3117=FACE_BOUND('',#2896,.T.);
#3118=FACE_BOUND('',#2897,.T.);
#3119=FACE_BOUND('',#2898,.T.);
#3120=FACE_BOUND('',#2899,.T.);
#3121=FACE_BOUND('',#2900,.T.);
#3122=FACE_BOUND('',#2901,.T.);
#3123=FACE_BOUND('',#2902,.T.);
#3124=FACE_BOUND('',#2903,.T.);
#3125=FACE_BOUND('',#2904,.T.);
#3126=FACE_BOUND('',#2905,.T.);
#3127=FACE_BOUND('',#2906,.T.);
#3128=FACE_BOUND('',#2907,.T.);
#3129=FACE_BOUND('',#2908,.T.);
#3130=FACE_BOUND('',#2909,.T.);
#3131=FACE_BOUND('',#2910,.T.);
#3132=FACE_BOUND('',#2911,.T.);
#3133=FACE_BOUND('',#2912,.T.);
#3134=FACE_BOUND('',#2913,.T.);
#3135=FACE_BOUND('',#2914,.T.);
#3136=FACE_BOUND('',#2915,.T.);
#3137=FACE_BOUND('',#2916,.T.);
#3138=FACE_BOUND('',#2917,.T.);
#3139=FACE_BOUND('',#2918,.T.);
#3140=FACE_BOUND('',#2919,.T.);
#3141=FACE_BOUND('',#2920,.T.);
#3142=FACE_BOUND('',#2921,.T.);
#3143=FACE_BOUND('',#2922,.T.);
#3144=FACE_BOUND('',#2923,.T.);
#3145=FACE_BOUND('',#2924,.T.);
#3146=FACE_BOUND('',#2925,.T.);
#3147=FACE_BOUND('',#2926,.T.);
#3148=FACE_BOUND('',#2927,.T.);
#3149=FACE_BOUND('',#2928,.T.);
#3150=FACE_BOUND('',#2929,.T.);
#3151=FACE_BOUND('',#2930,.T.);
#3152=FACE_BOUND('',#2931,.T.);
#3153=FACE_BOUND('',#2932,.T.);
#3154=FACE_BOUND('',#2933,.T.);
#3155=FACE_BOUND('',#2934,.T.);
#3156=FACE_BOUND('',#2935,.T.);
#3157=PLANE('',#3472);
#3158=PLANE('',#3473);
#3159=PLANE('',#3475);
#3160=PLANE('',#3479);
#3161=PLANE('',#3480);
#3162=PLANE('',#3481);
#3163=PLANE('',#3482);
#3164=PLANE('',#3484);
#3165=PLANE('',#3485);
#3166=PLANE('',#3486);
#3167=PLANE('',#3487);
#3168=PLANE('',#3489);
#3169=PLANE('',#3497);
#3170=PLANE('',#3505);
#3171=PLANE('',#3506);
#3172=PLANE('',#3510);
#3173=PLANE('',#3511);
#3174=PLANE('',#3512);
#3175=PLANE('',#3514);
#3176=PLANE('',#3515);
#3177=PLANE('',#3538);
#3178=PLANE('',#3540);
#3179=PLANE('',#3541);
#3180=PLANE('',#3543);
#3181=PLANE('',#3544);
#3182=PLANE('',#3545);
#3183=PLANE('',#3547);
#3184=PLANE('',#3548);
#3185=PLANE('',#3552);
#3186=PLANE('',#3555);
#3187=PLANE('',#3557);
#3188=PLANE('',#3558);
#3189=PLANE('',#3562);
#3190=PLANE('',#3571);
#3191=PLANE('',#3573);
#3192=PLANE('',#3577);
#3193=PLANE('',#3580);
#3194=PLANE('',#3582);
#3195=PLANE('',#3583);
#3196=PLANE('',#3587);
#3197=PLANE('',#3589);
#3198=PLANE('',#3590);
#3199=PLANE('',#3591);
#3200=PLANE('',#3592);
#3201=PLANE('',#3593);
#3202=PLANE('',#3597);
#3203=PLANE('',#3602);
#3204=PLANE('',#3605);
#3205=PLANE('',#3608);
#3206=PLANE('',#3610);
#3207=PLANE('',#3612);
#3208=PLANE('',#3616);
#3209=PLANE('',#3617);
#3210=PLANE('',#3618);
#3211=PLANE('',#3621);
#3212=PLANE('',#3622);
#3213=PLANE('',#3623);
#3214=PLANE('',#3624);
#3215=PLANE('',#3625);
#3216=PLANE('',#3626);
#3217=PLANE('',#3629);
#3218=PLANE('',#3631);
#3219=PLANE('',#3633);
#3220=PLANE('',#3634);
#3221=PLANE('',#3635);
#3222=PLANE('',#3641);
#3223=PLANE('',#3651);
#3224=PLANE('',#3654);
#3225=PLANE('',#3659);
#3226=PLANE('',#3660);
#3227=PLANE('',#3667);
#3228=PLANE('',#3670);
#3229=PLANE('',#3689);
#3230=PLANE('',#3698);
#3231=PLANE('',#3699);
#3232=PLANE('',#3701);
#3233=PLANE('',#3702);
#3234=PLANE('',#3707);
#3235=PLANE('',#3708);
#3236=PLANE('',#3711);
#3237=PLANE('',#3714);
#3238=PLANE('',#3716);
#3239=PLANE('',#3721);
#3240=PLANE('',#3725);
#3241=PLANE('',#3728);
#3242=PLANE('',#3737);
#3243=PLANE('',#3743);
#3244=PLANE('',#3748);
#3245=PLANE('',#3753);
#3246=PLANE('',#3767);
#3247=PLANE('',#3768);
#3248=PLANE('',#3773);
#3249=PLANE('',#3774);
#3250=PLANE('',#3785);
#3251=PLANE('',#3789);
#3252=PLANE('',#3790);
#3253=PLANE('',#3791);
#3254=PLANE('',#3794);
#3255=PLANE('',#3797);
#3256=PLANE('',#3798);
#3257=PLANE('',#3800);
#3258=PLANE('',#3801);
#3259=PLANE('',#3802);
#3260=PLANE('',#3806);
#3261=PLANE('',#3807);
#3262=PLANE('',#3810);
#3263=PLANE('',#3811);
#3264=PLANE('',#3812);
#3265=PLANE('',#3814);
#3266=PLANE('',#3817);
#3267=PLANE('',#3818);
#3268=PLANE('',#3819);
#3269=PLANE('',#3820);
#3270=ADVANCED_FACE('',(#2936),#3157,.T.);
#3271=ADVANCED_FACE('',(#2937),#3158,.F.);
#3272=ADVANCED_FACE('',(#2938),#3159,.F.);
#3273=ADVANCED_FACE('',(#2939),#60,.T.);
#3274=ADVANCED_FACE('',(#2940),#3160,.T.);
#3275=ADVANCED_FACE('',(#2941),#3161,.T.);
#3276=ADVANCED_FACE('',(#2942),#3162,.T.);
#3277=ADVANCED_FACE('',(#2943),#3163,.F.);
#3278=ADVANCED_FACE('',(#2944),#3164,.F.);
#3279=ADVANCED_FACE('',(#2945),#3165,.F.);
#3280=ADVANCED_FACE('',(#2946),#3166,.F.);
#3281=ADVANCED_FACE('',(#2947),#3167,.F.);
#3282=ADVANCED_FACE('',(#2948),#3168,.F.);
#3283=ADVANCED_FACE('',(#2949,#2950),#61,.F.);
#3284=ADVANCED_FACE('',(#2951),#62,.T.);
#3285=ADVANCED_FACE('',(#2952),#3169,.F.);
#3286=ADVANCED_FACE('',(#2953),#63,.T.);
#3287=ADVANCED_FACE('',(#2954),#3170,.F.);
#3288=ADVANCED_FACE('',(#2955),#3171,.F.);
#3289=ADVANCED_FACE('',(#2956),#64,.T.);
#3290=ADVANCED_FACE('',(#2957),#3172,.T.);
#3291=ADVANCED_FACE('',(#2958),#3173,.F.);
#3292=ADVANCED_FACE('',(#2959),#3174,.F.);
#3293=ADVANCED_FACE('',(#2960),#3175,.F.);
#3294=ADVANCED_FACE('',(#2961,#2962,#2963,#2964,#2965,#2966),#3176,.F.);
#3295=ADVANCED_FACE('',(#2967,#2968),#55,.T.);
#3296=ADVANCED_FACE('',(#2969),#65,.T.);
#3297=ADVANCED_FACE('',(#2970),#66,.T.);
#3298=ADVANCED_FACE('',(#2971),#3177,.F.);
#3299=ADVANCED_FACE('',(#2972),#3178,.F.);
#3300=ADVANCED_FACE('',(#2973),#3179,.F.);
#3301=ADVANCED_FACE('',(#2974),#3180,.T.);
#3302=ADVANCED_FACE('',(#2975),#3181,.T.);
#3303=ADVANCED_FACE('',(#2976),#3182,.F.);
#3304=ADVANCED_FACE('',(#2977),#3183,.T.);
#3305=ADVANCED_FACE('',(#2978),#3184,.T.);
#3306=ADVANCED_FACE('',(#2979),#53,.F.);
#3307=ADVANCED_FACE('',(#2980),#3185,.T.);
#3308=ADVANCED_FACE('',(#2981,#2982),#67,.F.);
#3309=ADVANCED_FACE('',(#2983),#3186,.F.);
#3310=ADVANCED_FACE('',(#2984),#3187,.T.);
#3311=ADVANCED_FACE('',(#2985),#3188,.T.);
#3312=ADVANCED_FACE('',(#2986),#68,.T.);
#3313=ADVANCED_FACE('',(#2987,#2988),#3189,.F.);
#3314=ADVANCED_FACE('',(#2989),#3190,.F.);
#3315=ADVANCED_FACE('',(#2990),#69,.T.);
#3316=ADVANCED_FACE('',(#2991),#3191,.F.);
#3317=ADVANCED_FACE('',(#2992),#70,.F.);
#3318=ADVANCED_FACE('',(#2993),#3192,.T.);
#3319=ADVANCED_FACE('',(#2994,#2995),#71,.F.);
#3320=ADVANCED_FACE('',(#2996),#3193,.T.);
#3321=ADVANCED_FACE('',(#2997),#3194,.T.);
#3322=ADVANCED_FACE('',(#2998),#3195,.F.);
#3323=ADVANCED_FACE('',(#2999),#72,.F.);
#3324=ADVANCED_FACE('',(#3000,#3001),#73,.F.);
#3325=ADVANCED_FACE('',(#3002),#3196,.T.);
#3326=ADVANCED_FACE('',(#3003),#3197,.F.);
#3327=ADVANCED_FACE('',(#3004),#3198,.T.);
#3328=ADVANCED_FACE('',(#3005),#3199,.T.);
#3329=ADVANCED_FACE('',(#3006),#3200,.F.);
#3330=ADVANCED_FACE('',(#3007,#3008),#3201,.T.);
#3331=ADVANCED_FACE('',(#3009),#74,.F.);
#3332=ADVANCED_FACE('',(#3010),#3202,.T.);
#3333=ADVANCED_FACE('',(#3011,#3012),#28,.T.);
#3334=ADVANCED_FACE('',(#3013),#75,.T.);
#3335=ADVANCED_FACE('',(#3014),#76,.F.);
#3336=ADVANCED_FACE('',(#3015),#3203,.F.);
#3337=ADVANCED_FACE('',(#3016),#77,.F.);
#3338=ADVANCED_FACE('',(#3017),#3204,.T.);
#3339=ADVANCED_FACE('',(#3018),#78,.T.);
#3340=ADVANCED_FACE('',(#3019),#3205,.F.);
#3341=ADVANCED_FACE('',(#3020,#3021),#79,.F.);
#3342=ADVANCED_FACE('',(#3022),#54,.F.);
#3343=ADVANCED_FACE('',(#3023),#3206,.F.);
#3344=ADVANCED_FACE('',(#3024),#3207,.F.);
#3345=ADVANCED_FACE('',(#3025),#80,.T.);
#3346=ADVANCED_FACE('',(#3026),#3208,.F.);
#3347=ADVANCED_FACE('',(#3027),#3209,.T.);
#3348=ADVANCED_FACE('',(#3028),#3210,.T.);
#3349=ADVANCED_FACE('',(#3029),#81,.F.);
#3350=ADVANCED_FACE('',(#3030),#82,.T.);
#3351=ADVANCED_FACE('',(#3031),#3211,.T.);
#3352=ADVANCED_FACE('',(#3032),#3212,.F.);
#3353=ADVANCED_FACE('',(#3033),#3213,.T.);
#3354=ADVANCED_FACE('',(#3034),#3214,.F.);
#3355=ADVANCED_FACE('',(#3035),#3215,.F.);
#3356=ADVANCED_FACE('',(#3036),#3216,.T.);
#3357=ADVANCED_FACE('',(#3037,#3038),#29,.F.);
#3358=ADVANCED_FACE('',(#3039),#83,.F.);
#3359=ADVANCED_FACE('',(#3040),#3217,.F.);
#3360=ADVANCED_FACE('',(#3041),#84,.T.);
#3361=ADVANCED_FACE('',(#3042),#3218,.F.);
#3362=ADVANCED_FACE('',(#3043),#85,.T.);
#3363=ADVANCED_FACE('',(#3044),#3219,.F.);
#3364=ADVANCED_FACE('',(#3045),#3220,.F.);
#3365=ADVANCED_FACE('',(#3046),#3221,.F.);
#3366=ADVANCED_FACE('',(#3047),#86,.F.);
#3367=ADVANCED_FACE('',(#3048,#3049),#56,.F.);
#3368=ADVANCED_FACE('',(#3050,#3051),#27,.F.);
#3369=ADVANCED_FACE('',(#3052),#3222,.T.);
#3370=ADVANCED_FACE('',(#3053,#3054),#87,.F.);
#3371=ADVANCED_FACE('',(#3055),#88,.F.);
#3372=ADVANCED_FACE('',(#3056,#3057),#57,.F.);
#3373=ADVANCED_FACE('',(#3058),#3223,.F.);
#3374=ADVANCED_FACE('',(#3059,#3060),#3224,.T.);
#3375=ADVANCED_FACE('',(#3061),#3225,.T.);
#3376=ADVANCED_FACE('',(#3062),#3226,.T.);
#3377=ADVANCED_FACE('',(#3063),#89,.T.);
#3378=ADVANCED_FACE('',(#3064),#90,.T.);
#3379=ADVANCED_FACE('',(#3065),#3227,.T.);
#3380=ADVANCED_FACE('',(#3066,#3067,#3068),#3228,.T.);
#3381=ADVANCED_FACE('',(#3069),#3229,.F.);
#3382=ADVANCED_FACE('',(#3070),#91,.T.);
#3383=ADVANCED_FACE('',(#3071),#92,.F.);
#3384=ADVANCED_FACE('',(#3072),#93,.T.);
#3385=ADVANCED_FACE('',(#3073),#3230,.T.);
#3386=ADVANCED_FACE('',(#3074),#3231,.F.);
#3387=ADVANCED_FACE('',(#3075),#94,.T.);
#3388=ADVANCED_FACE('',(#3076),#3232,.F.);
#3389=ADVANCED_FACE('',(#3077),#3233,.T.);
#3390=ADVANCED_FACE('',(#3078),#95,.T.);
#3391=ADVANCED_FACE('',(#3079),#96,.T.);
#3392=ADVANCED_FACE('',(#3080),#3234,.F.);
#3393=ADVANCED_FACE('',(#3081),#3235,.T.);
#3394=ADVANCED_FACE('',(#3082),#3236,.T.);
#3395=ADVANCED_FACE('',(#3083),#97,.F.);
#3396=ADVANCED_FACE('',(#3084),#3237,.F.);
#3397=ADVANCED_FACE('',(#3085),#3238,.F.);
#3398=ADVANCED_FACE('',(#3086),#98,.F.);
#3399=ADVANCED_FACE('',(#3087),#99,.T.);
#3400=ADVANCED_FACE('',(#3088,#3089),#3239,.F.);
#3401=ADVANCED_FACE('',(#3090,#3091),#100,.T.);
#3402=ADVANCED_FACE('',(#3092),#3240,.T.);
#3403=ADVANCED_FACE('',(#3093),#3241,.T.);
#3404=ADVANCED_FACE('',(#3094),#101,.T.);
#3405=ADVANCED_FACE('',(#3095),#102,.T.);
#3406=ADVANCED_FACE('',(#3096),#103,.F.);
#3407=ADVANCED_FACE('',(#3097),#104,.F.);
#3408=ADVANCED_FACE('',(#3098),#3242,.F.);
#3409=ADVANCED_FACE('',(#3099),#3243,.T.);
#3410=ADVANCED_FACE('',(#3100,#3101),#30,.T.);
#3411=ADVANCED_FACE('',(#3102),#3244,.T.);
#3412=ADVANCED_FACE('',(#3103),#105,.F.);
#3413=ADVANCED_FACE('',(#3104),#106,.F.);
#3414=ADVANCED_FACE('',(#3105),#3245,.T.);
#3415=ADVANCED_FACE('',(#3106),#107,.F.);
#3416=ADVANCED_FACE('',(#3107),#108,.F.);
#3417=ADVANCED_FACE('',(#3108),#109,.F.);
#3418=ADVANCED_FACE('',(#3109),#110,.F.);
#3419=ADVANCED_FACE('',(#3110),#111,.F.);
#3420=ADVANCED_FACE('',(#3111),#112,.F.);
#3421=ADVANCED_FACE('',(#3112),#3246,.T.);
#3422=ADVANCED_FACE('',(#3113),#3247,.T.);
#3423=ADVANCED_FACE('',(#3114,#3115),#113,.T.);
#3424=ADVANCED_FACE('',(#3116),#114,.T.);
#3425=ADVANCED_FACE('',(#3117),#3248,.T.);
#3426=ADVANCED_FACE('',(#3118),#3249,.F.);
#3427=ADVANCED_FACE('',(#3119),#115,.F.);
#3428=ADVANCED_FACE('',(#3120,#3121),#58,.T.);
#3429=ADVANCED_FACE('',(#3122),#116,.F.);
#3430=ADVANCED_FACE('',(#3123),#3250,.F.);
#3431=ADVANCED_FACE('',(#3124),#117,.T.);
#3432=ADVANCED_FACE('',(#3125),#118,.F.);
#3433=ADVANCED_FACE('',(#3126),#119,.F.);
#3434=ADVANCED_FACE('',(#3127),#3251,.F.);
#3435=ADVANCED_FACE('',(#3128),#3252,.T.);
#3436=ADVANCED_FACE('',(#3129),#3253,.T.);
#3437=ADVANCED_FACE('',(#3130),#120,.F.);
#3438=ADVANCED_FACE('',(#3131),#3254,.T.);
#3439=ADVANCED_FACE('',(#3132),#121,.T.);
#3440=ADVANCED_FACE('',(#3133),#3255,.F.);
#3441=ADVANCED_FACE('',(#3134),#3256,.T.);
#3442=ADVANCED_FACE('',(#3135),#3257,.F.);
#3443=ADVANCED_FACE('',(#3136),#3258,.T.);
#3444=ADVANCED_FACE('',(#3137),#3259,.T.);
#3445=ADVANCED_FACE('',(#3138),#122,.T.);
#3446=ADVANCED_FACE('',(#3139),#123,.T.);
#3447=ADVANCED_FACE('',(#3140),#3260,.T.);
#3448=ADVANCED_FACE('',(#3141),#3261,.T.);
#3449=ADVANCED_FACE('',(#3142),#59,.F.);
#3450=ADVANCED_FACE('',(#3143,#3144),#31,.T.);
#3451=ADVANCED_FACE('',(#3145),#3262,.T.);
#3452=ADVANCED_FACE('',(#3146),#3263,.F.);
#3453=ADVANCED_FACE('',(#3147),#3264,.F.);
#3454=ADVANCED_FACE('',(#3148),#124,.T.);
#3455=ADVANCED_FACE('',(#3149),#3265,.T.);
#3456=ADVANCED_FACE('',(#3150),#125,.F.);
#3457=ADVANCED_FACE('',(#3151),#126,.T.);
#3458=ADVANCED_FACE('',(#3152),#3266,.T.);
#3459=ADVANCED_FACE('',(#3153),#3267,.F.);
#3460=ADVANCED_FACE('',(#3154),#3268,.F.);
#3461=ADVANCED_FACE('',(#3155),#3269,.T.);
#3462=ADVANCED_FACE('',(#3156),#127,.T.);
#3463=CLOSED_SHELL('',(#3270,#3271,#3272,#3273,#3274,#3275,#3276,#3277,
#3278,#3279,#3280,#3281,#3282,#3283,#3284,#3285,#3286,#3287,#3288,#3289,
#3290,#3291,#3292,#3293,#3294,#3295,#3296,#3297,#3298,#3299,#3300,#3301,
#3302,#3303,#3304,#3305,#3306,#3307,#3308,#3309,#3310,#3311,#3312,#3313,
#3314,#3315,#3316,#3317,#3318,#3319,#3320,#3321,#3322,#3323,#3324,#3325,
#3326,#3327,#3328,#3329,#3330,#3331,#3332,#3333,#3334,#3335,#3336,#3337,
#3338,#3339,#3340,#3341,#3342,#3343,#3344,#3345,#3346,#3347,#3348,#3349,
#3350,#3351,#3352,#3353,#3354,#3355,#3356,#3357,#3358,#3359,#3360,#3361,
#3362,#3363,#3364,#3365,#3366));
#3464=CLOSED_SHELL('',(#3367,#3368,#3369));
#3465=CLOSED_SHELL('',(#3370,#3371,#3372,#3373,#3374,#3375,#3376,#3377,
#3378,#3379,#3380,#3381,#3382,#3383,#3384,#3385,#3386,#3387,#3388,#3389,
#3390,#3391,#3392,#3393,#3394,#3395,#3396,#3397,#3398,#3399,#3400,#3401,
#3402,#3403,#3404,#3405,#3406,#3407,#3408,#3409,#3410,#3411,#3412,#3413,
#3414,#3415,#3416,#3417,#3418,#3419,#3420,#3421,#3422,#3423,#3424,#3425,
#3426,#3427,#3428,#3429,#3430,#3431,#3432,#3433,#3434,#3435,#3436,#3437,
#3438,#3439,#3440,#3441,#3442,#3443,#3444,#3445,#3446,#3447,#3448,#3449,
#3450,#3451,#3452,#3453,#3454,#3455,#3456,#3457,#3458,#3459,#3460,#3461,
#3462));
#3466=BREP_WITH_VOIDS('1',#3463,(#24,#25));
#3467=SHAPE_DEFINITION_REPRESENTATION(#6028,#3469);
#3468=SHAPE_DEFINITION_REPRESENTATION(#6029,#3470);
#3469=SHAPE_REPRESENTATION('NANOT160BP',(#3471,#3822),#6021);
#3470=SHAPE_REPRESENTATION('NANOT160BP_PART1',(#3471),#6022);
#3471=AXIS2_PLACEMENT_3D('',#4840,#3823,#3824);
#3472=AXIS2_PLACEMENT_3D('',#4841,#3825,#3826);
#3473=AXIS2_PLACEMENT_3D('',#4850,#3831,#3832);
#3474=AXIS2_PLACEMENT_3D('',#4851,#3833,#3834);
#3475=AXIS2_PLACEMENT_3D('',#4853,#3835,#3836);
#3476=AXIS2_PLACEMENT_3D('',#4862,#3841,#3842);
#3477=AXIS2_PLACEMENT_3D('',#4866,#3844,#3845);
#3478=AXIS2_PLACEMENT_3D('',#4870,#3847,#3848);
#3479=AXIS2_PLACEMENT_3D('',#4871,#3849,#3850);
#3480=AXIS2_PLACEMENT_3D('',#4884,#3857,#3858);
#3481=AXIS2_PLACEMENT_3D('',#4890,#3862,#3863);
#3482=AXIS2_PLACEMENT_3D('',#4899,#3868,#3869);
#3483=AXIS2_PLACEMENT_3D('',#4900,#3870,#3871);
#3484=AXIS2_PLACEMENT_3D('',#4902,#3872,#3873);
#3485=AXIS2_PLACEMENT_3D('',#4911,#3878,#3879);
#3486=AXIS2_PLACEMENT_3D('',#4917,#3883,#3884);
#3487=AXIS2_PLACEMENT_3D('',#4926,#3889,#3890);
#3488=AXIS2_PLACEMENT_3D('',#4930,#3892,#3893);
#3489=AXIS2_PLACEMENT_3D('',#4941,#3899,#3900);
#3490=AXIS2_PLACEMENT_3D('',#4948,#3904,#3905);
#3491=AXIS2_PLACEMENT_3D('',#4949,#3906,#3907);
#3492=AXIS2_PLACEMENT_3D('',#4950,#3908,#3909);
#3493=AXIS2_PLACEMENT_3D('',#4952,#3910,#3911);
#3494=AXIS2_PLACEMENT_3D('',#4954,#3912,#3913);
#3495=AXIS2_PLACEMENT_3D('',#4955,#3914,#3915);
#3496=AXIS2_PLACEMENT_3D('',#4959,#3917,#3918);
#3497=AXIS2_PLACEMENT_3D('',#4962,#3920,#3921);
#3498=AXIS2_PLACEMENT_3D('',#4969,#3925,#3926);
#3499=AXIS2_PLACEMENT_3D('',#4973,#3928,#3929);
#3500=AXIS2_PLACEMENT_3D('',#4978,#3932,#3933);
#3501=AXIS2_PLACEMENT_3D('',#4979,#3934,#3935);
#3502=AXIS2_PLACEMENT_3D('',#4982,#3936,#3937);
#3503=AXIS2_PLACEMENT_3D('',#4983,#3938,#3939);
#3504=AXIS2_PLACEMENT_3D('',#4987,#3941,#3942);
#3505=AXIS2_PLACEMENT_3D('',#4990,#3944,#3945);
#3506=AXIS2_PLACEMENT_3D('',#4998,#3950,#3951);
#3507=AXIS2_PLACEMENT_3D('',#5004,#3955,#3956);
#3508=AXIS2_PLACEMENT_3D('',#5008,#3958,#3959);
#3509=AXIS2_PLACEMENT_3D('',#5012,#3961,#3962);
#3510=AXIS2_PLACEMENT_3D('',#5013,#3963,#3964);
#3511=AXIS2_PLACEMENT_3D('',#5019,#3968,#3969);
#3512=AXIS2_PLACEMENT_3D('',#5028,#3974,#3975);
#3513=AXIS2_PLACEMENT_3D('',#5029,#3976,#3977);
#3514=AXIS2_PLACEMENT_3D('',#5031,#3978,#3979);
#3515=AXIS2_PLACEMENT_3D('',#5033,#3981,#3982);
#3516=AXIS2_PLACEMENT_3D('',#5034,#3983,#3984);
#3517=AXIS2_PLACEMENT_3D('',#5036,#3985,#3986);
#3518=AXIS2_PLACEMENT_3D('',#5038,#3987,#3988);
#3519=AXIS2_PLACEMENT_3D('',#5040,#3989,#3990);
#3520=AXIS2_PLACEMENT_3D('',#5046,#3993,#3994);
#3521=AXIS2_PLACEMENT_3D('',#5047,#3995,#3996);
#3522=AXIS2_PLACEMENT_3D('',#5055,#4000,#4001);
#3523=AXIS2_PLACEMENT_3D('',#5060,#4004,#4005);
#3524=AXIS2_PLACEMENT_3D('',#5062,#4006,#4007);
#3525=AXIS2_PLACEMENT_3D('',#5074,#4013,#4014);
#3526=AXIS2_PLACEMENT_3D('',#5075,#4015,#4016);
#3527=AXIS2_PLACEMENT_3D('',#5082,#4020,#4021);
#3528=AXIS2_PLACEMENT_3D('',#5084,#4022,#4023);
#3529=AXIS2_PLACEMENT_3D('',#5087,#4025,#4026);
#3530=AXIS2_PLACEMENT_3D('',#5088,#4027,#4028);
#3531=AXIS2_PLACEMENT_3D('',#5090,#4029,#4030);
#3532=AXIS2_PLACEMENT_3D('',#5093,#4031,#4032);
#3533=AXIS2_PLACEMENT_3D('',#5094,#4033,#4034);
#3534=AXIS2_PLACEMENT_3D('',#5097,#4036,#4037);
#3535=AXIS2_PLACEMENT_3D('',#5098,#4038,#4039);
#3536=AXIS2_PLACEMENT_3D('',#5102,#4041,#4042);
#3537=AXIS2_PLACEMENT_3D('',#5103,#4043,#4044);
#3538=AXIS2_PLACEMENT_3D('',#5104,#4045,#4046);
#3539=AXIS2_PLACEMENT_3D('',#5112,#4050,#4051);
#3540=AXIS2_PLACEMENT_3D('',#5115,#4053,#4054);
#3541=AXIS2_PLACEMENT_3D('',#5124,#4059,#4060);
#3542=AXIS2_PLACEMENT_3D('',#5125,#4061,#4062);
#3543=AXIS2_PLACEMENT_3D('',#5132,#4066,#4067);
#3544=AXIS2_PLACEMENT_3D('',#5141,#4072,#4073);
#3545=AXIS2_PLACEMENT_3D('',#5147,#4077,#4078);
#3546=AXIS2_PLACEMENT_3D('',#5148,#4079,#4080);
#3547=AXIS2_PLACEMENT_3D('',#5151,#4082,#4083);
#3548=AXIS2_PLACEMENT_3D('',#5157,#4087,#4088);
#3549=AXIS2_PLACEMENT_3D('',#5194,#4094,#4095);
#3550=AXIS2_PLACEMENT_3D('',#5196,#4096,#4097);
#3551=AXIS2_PLACEMENT_3D('',#5198,#4098,#4099);
#3552=AXIS2_PLACEMENT_3D('',#5199,#4100,#4101);
#3553=AXIS2_PLACEMENT_3D('',#5205,#4105,#4106);
#3554=AXIS2_PLACEMENT_3D('',#5206,#4107,#4108);
#3555=AXIS2_PLACEMENT_3D('',#5208,#4109,#4110);
#3556=AXIS2_PLACEMENT_3D('',#5211,#4112,#4113);
#3557=AXIS2_PLACEMENT_3D('',#5212,#4114,#4115);
#3558=AXIS2_PLACEMENT_3D('',#5216,#4118,#4119);
#3559=AXIS2_PLACEMENT_3D('',#5219,#4122,#4123);
#3560=AXIS2_PLACEMENT_3D('',#5223,#4125,#4126);
#3561=AXIS2_PLACEMENT_3D('',#5224,#4127,#4128);
#3562=AXIS2_PLACEMENT_3D('',#5225,#4129,#4130);
#3563=AXIS2_PLACEMENT_3D('',#5226,#4131,#4132);
#3564=AXIS2_PLACEMENT_3D('',#5229,#4133,#4134);
#3565=AXIS2_PLACEMENT_3D('',#5230,#4135,#4136);
#3566=AXIS2_PLACEMENT_3D('',#5234,#4138,#4139);
#3567=AXIS2_PLACEMENT_3D('',#5238,#4141,#4142);
#3568=AXIS2_PLACEMENT_3D('',#5240,#4143,#4144);
#3569=AXIS2_PLACEMENT_3D('',#5243,#4146,#4147);
#3570=AXIS2_PLACEMENT_3D('',#5246,#4149,#4150);
#3571=AXIS2_PLACEMENT_3D('',#5248,#4152,#4153);
#3572=AXIS2_PLACEMENT_3D('',#5249,#4154,#4155);
#3573=AXIS2_PLACEMENT_3D('',#5251,#4157,#4158);
#3574=AXIS2_PLACEMENT_3D('',#5257,#4163,#4164);
#3575=AXIS2_PLACEMENT_3D('',#5258,#4165,#4166);
#3576=AXIS2_PLACEMENT_3D('',#5262,#4168,#4169);
#3577=AXIS2_PLACEMENT_3D('',#5263,#4170,#4171);
#3578=AXIS2_PLACEMENT_3D('',#5264,#4172,#4173);
#3579=AXIS2_PLACEMENT_3D('',#5266,#4174,#4175);
#3580=AXIS2_PLACEMENT_3D('',#5267,#4176,#4177);
#3581=AXIS2_PLACEMENT_3D('',#5270,#4179,#4180);
#3582=AXIS2_PLACEMENT_3D('',#5274,#4183,#4184);
#3583=AXIS2_PLACEMENT_3D('',#5278,#4187,#4188);
#3584=AXIS2_PLACEMENT_3D('',#5280,#4190,#4191);
#3585=AXIS2_PLACEMENT_3D('',#5281,#4192,#4193);
#3586=AXIS2_PLACEMENT_3D('',#5284,#4195,#4196);
#3587=AXIS2_PLACEMENT_3D('',#5285,#4197,#4198);
#3588=AXIS2_PLACEMENT_3D('',#5294,#4205,#4206);
#3589=AXIS2_PLACEMENT_3D('',#5295,#4207,#4208);
#3590=AXIS2_PLACEMENT_3D('',#5297,#4210,#4211);
#3591=AXIS2_PLACEMENT_3D('',#5300,#4214,#4215);
#3592=AXIS2_PLACEMENT_3D('',#5301,#4216,#4217);
#3593=AXIS2_PLACEMENT_3D('',#5303,#4219,#4220);
#3594=AXIS2_PLACEMENT_3D('',#5304,#4221,#4222);
#3595=AXIS2_PLACEMENT_3D('',#5306,#4223,#4224);
#3596=AXIS2_PLACEMENT_3D('',#5307,#4225,#4226);
#3597=AXIS2_PLACEMENT_3D('',#5312,#4227,#4228);
#3598=AXIS2_PLACEMENT_3D('',#5315,#4231,#4232);
#3599=AXIS2_PLACEMENT_3D('',#5316,#4233,#4234);
#3600=AXIS2_PLACEMENT_3D('',#5317,#4235,#4236);
#3601=AXIS2_PLACEMENT_3D('',#5318,#4237,#4238);
#3602=AXIS2_PLACEMENT_3D('',#5320,#4240,#4241);
#3603=AXIS2_PLACEMENT_3D('',#5327,#4246,#4247);
#3604=AXIS2_PLACEMENT_3D('',#5328,#4248,#4249);
#3605=AXIS2_PLACEMENT_3D('',#5329,#4250,#4251);
#3606=AXIS2_PLACEMENT_3D('',#5330,#4252,#4253);
#3607=AXIS2_PLACEMENT_3D('',#5335,#4257,#4258);
#3608=AXIS2_PLACEMENT_3D('',#5338,#4261,#4262);
#3609=AXIS2_PLACEMENT_3D('',#5340,#4264,#4265);
#3610=AXIS2_PLACEMENT_3D('',#5369,#4266,#4267);
#3611=AXIS2_PLACEMENT_3D('',#5370,#4268,#4269);
#3612=AXIS2_PLACEMENT_3D('',#5373,#4271,#4272);
#3613=AXIS2_PLACEMENT_3D('',#5374,#4273,#4274);
#3614=AXIS2_PLACEMENT_3D('',#5375,#4275,#4276);
#3615=AXIS2_PLACEMENT_3D('',#5376,#4277,#4278);
#3616=AXIS2_PLACEMENT_3D('',#5378,#4280,#4281);
#3617=AXIS2_PLACEMENT_3D('',#5382,#4284,#4285);
#3618=AXIS2_PLACEMENT_3D('',#5386,#4288,#4289);
#3619=AXIS2_PLACEMENT_3D('',#5388,#4291,#4292);
#3620=AXIS2_PLACEMENT_3D('',#5390,#4294,#4295);
#3621=AXIS2_PLACEMENT_3D('',#5391,#4296,#4297);
#3622=AXIS2_PLACEMENT_3D('',#5393,#4299,#4300);
#3623=AXIS2_PLACEMENT_3D('',#5394,#4301,#4302);
#3624=AXIS2_PLACEMENT_3D('',#5395,#4303,#4304);
#3625=AXIS2_PLACEMENT_3D('',#5397,#4306,#4307);
#3626=AXIS2_PLACEMENT_3D('',#5398,#4308,#4309);
#3627=AXIS2_PLACEMENT_3D('',#5400,#4311,#4312);
#3628=AXIS2_PLACEMENT_3D('',#5401,#4313,#4314);
#3629=AXIS2_PLACEMENT_3D('',#5403,#4316,#4317);
#3630=AXIS2_PLACEMENT_3D('',#5404,#4318,#4319);
#3631=AXIS2_PLACEMENT_3D('',#5405,#4320,#4321);
#3632=AXIS2_PLACEMENT_3D('',#5406,#4322,#4323);
#3633=AXIS2_PLACEMENT_3D('',#5407,#4324,#4325);
#3634=AXIS2_PLACEMENT_3D('',#5408,#4326,#4327);
#3635=AXIS2_PLACEMENT_3D('',#5409,#4328,#4329);
#3636=AXIS2_PLACEMENT_3D('',#5410,#4330,#4331);
#3637=AXIS2_PLACEMENT_3D('',#5411,#4332,#4333);
#3638=AXIS2_PLACEMENT_3D('',#5412,#4334,#4335);
#3639=AXIS2_PLACEMENT_3D('',#5414,#4336,#4337);
#3640=AXIS2_PLACEMENT_3D('',#5416,#4338,#4339);
#3641=AXIS2_PLACEMENT_3D('',#5418,#4340,#4341);
#3642=AXIS2_PLACEMENT_3D('',#5419,#4342,#4343);
#3643=AXIS2_PLACEMENT_3D('',#5420,#4344,#4345);
#3644=AXIS2_PLACEMENT_3D('',#5422,#4346,#4347);
#3645=AXIS2_PLACEMENT_3D('',#5424,#4348,#4349);
#3646=AXIS2_PLACEMENT_3D('',#5425,#4350,#4351);
#3647=AXIS2_PLACEMENT_3D('',#5430,#4353,#4354);
#3648=AXIS2_PLACEMENT_3D('',#5433,#4356,#4357);
#3649=AXIS2_PLACEMENT_3D('',#5434,#4358,#4359);
#3650=AXIS2_PLACEMENT_3D('',#5436,#4360,#4361);
#3651=AXIS2_PLACEMENT_3D('',#5438,#4362,#4363);
#3652=AXIS2_PLACEMENT_3D('',#5442,#4365,#4366);
#3653=AXIS2_PLACEMENT_3D('',#5446,#4368,#4369);
#3654=AXIS2_PLACEMENT_3D('',#5447,#4370,#4371);
#3655=AXIS2_PLACEMENT_3D('',#5448,#4372,#4373);
#3656=AXIS2_PLACEMENT_3D('',#5453,#4375,#4376);
#3657=AXIS2_PLACEMENT_3D('',#5455,#4377,#4378);
#3658=AXIS2_PLACEMENT_3D('',#5457,#4379,#4380);
#3659=AXIS2_PLACEMENT_3D('',#5458,#4381,#4382);
#3660=AXIS2_PLACEMENT_3D('',#5467,#4387,#4388);
#3661=AXIS2_PLACEMENT_3D('',#5476,#4393,#4394);
#3662=AXIS2_PLACEMENT_3D('',#5480,#4396,#4397);
#3663=AXIS2_PLACEMENT_3D('',#5484,#4399,#4400);
#3664=AXIS2_PLACEMENT_3D('',#5485,#4401,#4402);
#3665=AXIS2_PLACEMENT_3D('',#5489,#4404,#4405);
#3666=AXIS2_PLACEMENT_3D('',#5493,#4407,#4408);
#3667=AXIS2_PLACEMENT_3D('',#5494,#4409,#4410);
#3668=AXIS2_PLACEMENT_3D('',#5498,#4412,#4413);
#3669=AXIS2_PLACEMENT_3D('',#5502,#4415,#4416);
#3670=AXIS2_PLACEMENT_3D('',#5511,#4421,#4422);
#3671=AXIS2_PLACEMENT_3D('',#5519,#4426,#4427);
#3672=AXIS2_PLACEMENT_3D('',#5521,#4428,#4429);
#3673=AXIS2_PLACEMENT_3D('',#5523,#4430,#4431);
#3674=AXIS2_PLACEMENT_3D('',#5524,#4432,#4433);
#3675=AXIS2_PLACEMENT_3D('',#5533,#4437,#4438);
#3676=AXIS2_PLACEMENT_3D('',#5535,#4439,#4440);
#3677=AXIS2_PLACEMENT_3D('',#5537,#4441,#4442);
#3678=AXIS2_PLACEMENT_3D('',#5541,#4444,#4445);
#3679=AXIS2_PLACEMENT_3D('',#5545,#4448,#4449);
#3680=AXIS2_PLACEMENT_3D('',#5547,#4450,#4451);
#3681=AXIS2_PLACEMENT_3D('',#5549,#4452,#4453);
#3682=AXIS2_PLACEMENT_3D('',#5554,#4456,#4457);
#3683=AXIS2_PLACEMENT_3D('',#5556,#4458,#4459);
#3684=AXIS2_PLACEMENT_3D('',#5558,#4460,#4461);
#3685=AXIS2_PLACEMENT_3D('',#5562,#4463,#4464);
#3686=AXIS2_PLACEMENT_3D('',#5568,#4467,#4468);
#3687=AXIS2_PLACEMENT_3D('',#5572,#4470,#4471);
#3688=AXIS2_PLACEMENT_3D('',#5574,#4472,#4473);
#3689=AXIS2_PLACEMENT_3D('',#5575,#4474,#4475);
#3690=AXIS2_PLACEMENT_3D('',#5579,#4478,#4479);
#3691=AXIS2_PLACEMENT_3D('',#5580,#4480,#4481);
#3692=AXIS2_PLACEMENT_3D('',#5585,#4484,#4485);
#3693=AXIS2_PLACEMENT_3D('',#5586,#4486,#4487);
#3694=AXIS2_PLACEMENT_3D('',#5588,#4488,#4489);
#3695=AXIS2_PLACEMENT_3D('',#5591,#4491,#4492);
#3696=AXIS2_PLACEMENT_3D('',#5592,#4493,#4494);
#3697=AXIS2_PLACEMENT_3D('',#5607,#4495,#4496);
#3698=AXIS2_PLACEMENT_3D('',#5608,#4497,#4498);
#3699=AXIS2_PLACEMENT_3D('',#5614,#4502,#4503);
#3700=AXIS2_PLACEMENT_3D('',#5632,#4513,#4514);
#3701=AXIS2_PLACEMENT_3D('',#5635,#4517,#4518);
#3702=AXIS2_PLACEMENT_3D('',#5637,#4520,#4521);
#3703=AXIS2_PLACEMENT_3D('',#5638,#4522,#4523);
#3704=AXIS2_PLACEMENT_3D('',#5640,#4524,#4525);
#3705=AXIS2_PLACEMENT_3D('',#5641,#4526,#4527);
#3706=AXIS2_PLACEMENT_3D('',#5646,#4530,#4531);
#3707=AXIS2_PLACEMENT_3D('',#5661,#4532,#4533);
#3708=AXIS2_PLACEMENT_3D('',#5663,#4535,#4536);
#3709=AXIS2_PLACEMENT_3D('',#5664,#4537,#4538);
#3710=AXIS2_PLACEMENT_3D('',#5666,#4539,#4540);
#3711=AXIS2_PLACEMENT_3D('',#5667,#4541,#4542);
#3712=AXIS2_PLACEMENT_3D('',#5671,#4545,#4546);
#3713=AXIS2_PLACEMENT_3D('',#5672,#4547,#4548);
#3714=AXIS2_PLACEMENT_3D('',#5675,#4550,#4551);
#3715=AXIS2_PLACEMENT_3D('',#5679,#4553,#4554);
#3716=AXIS2_PLACEMENT_3D('',#5681,#4556,#4557);
#3717=AXIS2_PLACEMENT_3D('',#5690,#4562,#4563);
#3718=AXIS2_PLACEMENT_3D('',#5691,#4564,#4565);
#3719=AXIS2_PLACEMENT_3D('',#5696,#4567,#4568);
#3720=AXIS2_PLACEMENT_3D('',#5698,#4570,#4571);
#3721=AXIS2_PLACEMENT_3D('',#5719,#4574,#4575);
#3722=AXIS2_PLACEMENT_3D('',#5720,#4576,#4577);
#3723=AXIS2_PLACEMENT_3D('',#5722,#4578,#4579);
#3724=AXIS2_PLACEMENT_3D('',#5724,#4580,#4581);
#3725=AXIS2_PLACEMENT_3D('',#5725,#4582,#4583);
#3726=AXIS2_PLACEMENT_3D('',#5726,#4584,#4585);
#3727=AXIS2_PLACEMENT_3D('',#5737,#4590,#4591);
#3728=AXIS2_PLACEMENT_3D('',#5738,#4592,#4593);
#3729=AXIS2_PLACEMENT_3D('',#5741,#4596,#4597);
#3730=AXIS2_PLACEMENT_3D('',#5745,#4599,#4600);
#3731=AXIS2_PLACEMENT_3D('',#5749,#4602,#4603);
#3732=AXIS2_PLACEMENT_3D('',#5750,#4604,#4605);
#3733=AXIS2_PLACEMENT_3D('',#5754,#4607,#4608);
#3734=AXIS2_PLACEMENT_3D('',#5758,#4610,#4611);
#3735=AXIS2_PLACEMENT_3D('',#5759,#4612,#4613);
#3736=AXIS2_PLACEMENT_3D('',#5774,#4614,#4615);
#3737=AXIS2_PLACEMENT_3D('',#5776,#4617,#4618);
#3738=AXIS2_PLACEMENT_3D('',#5777,#4619,#4620);
#3739=AXIS2_PLACEMENT_3D('',#5781,#4622,#4623);
#3740=AXIS2_PLACEMENT_3D('',#5783,#4624,#4625);
#3741=AXIS2_PLACEMENT_3D('',#5786,#4627,#4628);
#3742=AXIS2_PLACEMENT_3D('',#5787,#4629,#4630);
#3743=AXIS2_PLACEMENT_3D('',#5788,#4631,#4632);
#3744=AXIS2_PLACEMENT_3D('',#5789,#4633,#4634);
#3745=AXIS2_PLACEMENT_3D('',#5790,#4635,#4636);
#3746=AXIS2_PLACEMENT_3D('',#5791,#4637,#4638);
#3747=AXIS2_PLACEMENT_3D('',#5793,#4639,#4640);
#3748=AXIS2_PLACEMENT_3D('',#5794,#4641,#4642);
#3749=AXIS2_PLACEMENT_3D('',#5796,#4644,#4645);
#3750=AXIS2_PLACEMENT_3D('',#5797,#4646,#4647);
#3751=AXIS2_PLACEMENT_3D('',#5802,#4650,#4651);
#3752=AXIS2_PLACEMENT_3D('',#5803,#4652,#4653);
#3753=AXIS2_PLACEMENT_3D('',#5808,#4657,#4658);
#3754=AXIS2_PLACEMENT_3D('',#5814,#4662,#4663);
#3755=AXIS2_PLACEMENT_3D('',#5817,#4665,#4666);
#3756=AXIS2_PLACEMENT_3D('',#5818,#4667,#4668);
#3757=AXIS2_PLACEMENT_3D('',#5819,#4669,#4670);
#3758=AXIS2_PLACEMENT_3D('',#5820,#4671,#4672);
#3759=AXIS2_PLACEMENT_3D('',#5822,#4673,#4674);
#3760=AXIS2_PLACEMENT_3D('',#5825,#4676,#4677);
#3761=AXIS2_PLACEMENT_3D('',#5826,#4678,#4679);
#3762=AXIS2_PLACEMENT_3D('',#5828,#4680,#4681);
#3763=AXIS2_PLACEMENT_3D('',#5832,#4683,#4684);
#3764=AXIS2_PLACEMENT_3D('',#5836,#4687,#4688);
#3765=AXIS2_PLACEMENT_3D('',#5854,#4690,#4691);
#3766=AXIS2_PLACEMENT_3D('',#5857,#4693,#4694);
#3767=AXIS2_PLACEMENT_3D('',#5858,#4695,#4696);
#3768=AXIS2_PLACEMENT_3D('',#5861,#4699,#4700);
#3769=AXIS2_PLACEMENT_3D('',#5864,#4703,#4704);
#3770=AXIS2_PLACEMENT_3D('',#5865,#4705,#4706);
#3771=AXIS2_PLACEMENT_3D('',#5867,#4707,#4708);
#3772=AXIS2_PLACEMENT_3D('',#5870,#4710,#4711);
#3773=AXIS2_PLACEMENT_3D('',#5871,#4712,#4713);
#3774=AXIS2_PLACEMENT_3D('',#5873,#4715,#4716);
#3775=AXIS2_PLACEMENT_3D('',#5876,#4718,#4719);
#3776=AXIS2_PLACEMENT_3D('',#5878,#4721,#4722);
#3777=AXIS2_PLACEMENT_3D('',#5880,#4723,#4724);
#3778=AXIS2_PLACEMENT_3D('',#5881,#4725,#4726);
#3779=AXIS2_PLACEMENT_3D('',#5882,#4727,#4728);
#3780=AXIS2_PLACEMENT_3D('',#5885,#4730,#4731);
#3781=AXIS2_PLACEMENT_3D('',#5886,#4732,#4733);
#3782=AXIS2_PLACEMENT_3D('',#5888,#4734,#4735);
#3783=AXIS2_PLACEMENT_3D('',#5898,#4736,#4737);
#3784=AXIS2_PLACEMENT_3D('',#5920,#4738,#4739);
#3785=AXIS2_PLACEMENT_3D('',#5921,#4740,#4741);
#3786=AXIS2_PLACEMENT_3D('',#5925,#4744,#4745);
#3787=AXIS2_PLACEMENT_3D('',#5927,#4747,#4748);
#3788=AXIS2_PLACEMENT_3D('',#5929,#4750,#4751);
#3789=AXIS2_PLACEMENT_3D('',#5937,#4752,#4753);
#3790=AXIS2_PLACEMENT_3D('',#5939,#4755,#4756);
#3791=AXIS2_PLACEMENT_3D('',#5947,#4761,#4762);
#3792=AXIS2_PLACEMENT_3D('',#5952,#4766,#4767);
#3793=AXIS2_PLACEMENT_3D('',#5955,#4769,#4770);
#3794=AXIS2_PLACEMENT_3D('',#5956,#4771,#4772);
#3795=AXIS2_PLACEMENT_3D('',#5957,#4773,#4774);
#3796=AXIS2_PLACEMENT_3D('',#5958,#4775,#4776);
#3797=AXIS2_PLACEMENT_3D('',#5961,#4778,#4779);
#3798=AXIS2_PLACEMENT_3D('',#5965,#4782,#4783);
#3799=AXIS2_PLACEMENT_3D('',#5968,#4785,#4786);
#3800=AXIS2_PLACEMENT_3D('',#5969,#4787,#4788);
#3801=AXIS2_PLACEMENT_3D('',#5971,#4790,#4791);
#3802=AXIS2_PLACEMENT_3D('',#5973,#4793,#4794);
#3803=AXIS2_PLACEMENT_3D('',#5974,#4795,#4796);
#3804=AXIS2_PLACEMENT_3D('',#5982,#4797,#4798);
#3805=AXIS2_PLACEMENT_3D('',#5985,#4800,#4801);
#3806=AXIS2_PLACEMENT_3D('',#5986,#4802,#4803);
#3807=AXIS2_PLACEMENT_3D('',#5988,#4805,#4806);
#3808=AXIS2_PLACEMENT_3D('',#5989,#4807,#4808);
#3809=AXIS2_PLACEMENT_3D('',#6004,#4809,#4810);
#3810=AXIS2_PLACEMENT_3D('',#6005,#4811,#4812);
#3811=AXIS2_PLACEMENT_3D('',#6006,#4813,#4814);
#3812=AXIS2_PLACEMENT_3D('',#6007,#4815,#4816);
#3813=AXIS2_PLACEMENT_3D('',#6008,#4817,#4818);
#3814=AXIS2_PLACEMENT_3D('',#6009,#4819,#4820);
#3815=AXIS2_PLACEMENT_3D('',#6010,#4821,#4822);
#3816=AXIS2_PLACEMENT_3D('',#6011,#4823,#4824);
#3817=AXIS2_PLACEMENT_3D('',#6013,#4826,#4827);
#3818=AXIS2_PLACEMENT_3D('',#6014,#4828,#4829);
#3819=AXIS2_PLACEMENT_3D('',#6016,#4831,#4832);
#3820=AXIS2_PLACEMENT_3D('',#6018,#4834,#4835);
#3821=AXIS2_PLACEMENT_3D('',#6019,#4836,#4837);
#3822=AXIS2_PLACEMENT_3D('',#6020,#4838,#4839);
#3823=DIRECTION('',(0.,0.,1.));
#3824=DIRECTION('',(1.,0.,0.));
#3825=DIRECTION('',(0.,0.,1.));
#3826=DIRECTION('',(1.,0.,0.));
#3827=DIRECTION('',(0.,1.,0.));
#3828=DIRECTION('',(-1.,0.,0.));
#3829=DIRECTION('',(0.,1.,0.));
#3830=DIRECTION('',(1.,0.,0.));
#3831=DIRECTION('',(0.,1.,0.));
#3832=DIRECTION('',(1.,0.,0.));
#3833=DIRECTION('',(0.,-1.,0.));
#3834=DIRECTION('',(0.,0.,1.));
#3835=DIRECTION('',(0.,1.,0.));
#3836=DIRECTION('',(1.,0.,0.));
#3837=DIRECTION('',(-1.,0.,0.));
#3838=DIRECTION('',(0.,0.,-1.));
#3839=DIRECTION('',(-1.,0.,0.));
#3840=DIRECTION('',(0.,0.,1.));
#3841=DIRECTION('',(0.,1.,0.));
#3842=DIRECTION('',(0.,0.,-1.));
#3843=DIRECTION('',(0.,-1.,0.));
#3844=DIRECTION('',(0.,-1.,0.));
#3845=DIRECTION('',(0.,0.,-1.));
#3846=DIRECTION('',(0.,-1.,0.));
#3847=DIRECTION('',(0.,1.,0.));
#3848=DIRECTION('',(1.,0.,0.));
#3849=DIRECTION('',(1.,0.,0.));
#3850=DIRECTION('',(0.,1.,0.));
#3851=DIRECTION('',(0.,-1.,0.));
#3852=DIRECTION('',(0.,0.,1.));
#3853=DIRECTION('',(0.,1.,0.));
#3854=DIRECTION('',(0.,0.,1.));
#3855=DIRECTION('',(0.,-1.,0.));
#3856=DIRECTION('',(0.,0.,-1.));
#3857=DIRECTION('',(1.,0.,0.));
#3858=DIRECTION('',(0.,1.,0.));
#3859=DIRECTION('',(0.,0.,1.));
#3860=DIRECTION('',(0.,-1.,0.));
#3861=DIRECTION('',(0.,0.,1.));
#3862=DIRECTION('',(0.,0.,1.));
#3863=DIRECTION('',(1.,0.,0.));
#3864=DIRECTION('',(-1.,0.,0.));
#3865=DIRECTION('',(0.,1.,0.));
#3866=DIRECTION('',(1.,0.,0.));
#3867=DIRECTION('',(0.,-1.,0.));
#3868=DIRECTION('',(0.,1.,0.));
#3869=DIRECTION('',(1.,0.,0.));
#3870=DIRECTION('',(0.,1.,0.));
#3871=DIRECTION('',(1.,0.,0.));
#3872=DIRECTION('',(0.,0.,1.));
#3873=DIRECTION('',(1.,0.,0.));
#3874=DIRECTION('',(-1.,0.,0.));
#3875=DIRECTION('',(0.,-1.,0.));
#3876=DIRECTION('',(1.,0.,0.));
#3877=DIRECTION('',(0.,1.,0.));
#3878=DIRECTION('',(1.,0.,0.));
#3879=DIRECTION('',(0.,1.,0.));
#3880=DIRECTION('',(0.,0.,1.));
#3881=DIRECTION('',(0.,-1.,0.));
#3882=DIRECTION('',(0.,0.,-1.));
#3883=DIRECTION('',(1.,0.,0.));
#3884=DIRECTION('',(0.,1.,0.));
#3885=DIRECTION('',(0.,0.,1.));
#3886=DIRECTION('',(0.,1.,0.));
#3887=DIRECTION('',(0.,0.,-1.));
#3888=DIRECTION('',(0.,1.,0.));
#3889=DIRECTION('',(0.,0.,1.));
#3890=DIRECTION('',(1.,0.,0.));
#3891=DIRECTION('',(0.,-1.,0.));
#3892=DIRECTION('',(0.,0.,1.));
#3893=DIRECTION('',(1.,0.,0.));
#3894=DIRECTION('',(0.,1.,0.));
#3895=DIRECTION('',(-1.,0.,0.));
#3896=DIRECTION('',(0.,1.,0.));
#3897=DIRECTION('',(0.,1.,0.));
#3898=DIRECTION('',(1.,0.,0.));
#3899=DIRECTION('',(0.,1.,0.));
#3900=DIRECTION('',(1.,0.,0.));
#3901=DIRECTION('',(-1.,0.,0.));
#3902=DIRECTION('',(0.,0.,1.));
#3903=DIRECTION('',(-1.,0.,0.));
#3904=DIRECTION('',(0.,1.,0.));
#3905=DIRECTION('',(0.,0.,1.));
#3906=DIRECTION('',(0.,1.,0.));
#3907=DIRECTION('',(-1.,0.,0.));
#3908=DIRECTION('',(0.,-1.,0.));
#3909=DIRECTION('',(0.,0.,1.));
#3910=DIRECTION('',(0.,-1.,0.));
#3911=DIRECTION('',(-1.,0.,0.));
#3912=DIRECTION('',(0.,0.,1.));
#3913=DIRECTION('',(0.,1.,0.));
#3914=DIRECTION('',(0.,0.,-1.));
#3915=DIRECTION('',(0.3333333333716,0.942809041568534,0.));
#3916=DIRECTION('',(0.,0.,-1.));
#3917=DIRECTION('',(0.,0.,-1.));
#3918=DIRECTION('',(0.3333333333716,0.942809041568534,0.));
#3919=DIRECTION('',(0.,0.,-1.));
#3920=DIRECTION('',(1.,0.,0.));
#3921=DIRECTION('',(0.,1.,0.));
#3922=DIRECTION('',(0.,-1.,0.));
#3923=DIRECTION('',(0.,0.813733471206465,0.581238193719475));
#3924=DIRECTION('',(0.,-1.,0.));
#3925=DIRECTION('',(1.,0.,0.));
#3926=DIRECTION('',(0.,0.,-1.));
#3927=DIRECTION('',(0.,0.,-1.));
#3928=DIRECTION('',(-1.,0.,0.));
#3929=DIRECTION('',(0.,0.,-1.));
#3930=DIRECTION('',(0.,1.,0.));
#3931=DIRECTION('',(0.,0.,-1.));
#3932=DIRECTION('',(0.,0.,-1.));
#3933=DIRECTION('',(0.,1.,0.));
#3934=DIRECTION('',(0.,0.,1.));
#3935=DIRECTION('',(1.,0.,0.));
#3936=DIRECTION('',(0.,0.,1.));
#3937=DIRECTION('',(1.,0.,0.));
#3938=DIRECTION('',(0.,0.,-1.));
#3939=DIRECTION('',(1.,0.,0.));
#3940=DIRECTION('',(0.,0.,-1.));
#3941=DIRECTION('',(0.,0.,1.));
#3942=DIRECTION('',(1.,0.,0.));
#3943=DIRECTION('',(0.,0.,-1.));
#3944=DIRECTION('',(0.,0.,1.));
#3945=DIRECTION('',(1.,0.,0.));
#3946=DIRECTION('',(1.,0.,0.));
#3947=DIRECTION('',(0.,-1.,0.));
#3948=DIRECTION('',(-1.,0.,0.));
#3949=DIRECTION('',(0.,1.,0.));
#3950=DIRECTION('',(0.,0.,1.));
#3951=DIRECTION('',(1.,0.,0.));
#3952=DIRECTION('',(1.,0.,0.));
#3953=DIRECTION('',(1.,0.,0.));
#3954=DIRECTION('',(0.,-1.,0.));
#3955=DIRECTION('',(0.,1.,0.));
#3956=DIRECTION('',(0.,0.,1.));
#3957=DIRECTION('',(0.,-1.,0.));
#3958=DIRECTION('',(0.,-1.,0.));
#3959=DIRECTION('',(0.,0.,1.));
#3960=DIRECTION('',(0.,-1.,0.));
#3961=DIRECTION('',(0.,1.,0.));
#3962=DIRECTION('',(-1.,0.,0.));
#3963=DIRECTION('',(0.,0.,1.));
#3964=DIRECTION('',(1.,0.,0.));
#3965=DIRECTION('',(0.,-1.,0.));
#3966=DIRECTION('',(1.,0.,0.));
#3967=DIRECTION('',(0.,1.,0.));
#3968=DIRECTION('',(0.,1.,0.));
#3969=DIRECTION('',(1.,0.,0.));
#3970=DIRECTION('',(1.,0.,0.));
#3971=DIRECTION('',(0.,0.,1.));
#3972=DIRECTION('',(1.,0.,0.));
#3973=DIRECTION('',(0.,0.,-1.));
#3974=DIRECTION('',(0.,1.,0.));
#3975=DIRECTION('',(1.,0.,0.));
#3976=DIRECTION('',(0.,-1.,0.));
#3977=DIRECTION('',(0.,0.,1.));
#3978=DIRECTION('',(1.,0.,0.));
#3979=DIRECTION('',(0.,1.,0.));
#3980=DIRECTION('',(0.,0.,1.));
#3981=DIRECTION('',(0.,1.,0.));
#3982=DIRECTION('',(1.,0.,0.));
#3983=DIRECTION('',(0.,-1.,0.));
#3984=DIRECTION('',(0.,0.,1.));
#3985=DIRECTION('',(0.,-1.,0.));
#3986=DIRECTION('',(0.,0.,1.));
#3987=DIRECTION('',(0.,-1.,0.));
#3988=DIRECTION('',(0.,0.,1.));
#3989=DIRECTION('',(0.,-1.,0.));
#3990=DIRECTION('',(0.,0.,1.));
#3991=DIRECTION('',(1.,0.,0.));
#3992=DIRECTION('',(0.,0.,-1.));
#3993=DIRECTION('',(0.,1.,0.));
#3994=DIRECTION('',(0.,0.,1.));
#3995=DIRECTION('',(0.,1.,0.));
#3996=DIRECTION('',(0.,0.,1.));
#3997=DIRECTION('',(0.,0.,1.));
#3998=DIRECTION('',(-1.,0.,0.));
#3999=DIRECTION('',(0.,0.,1.));
#4000=DIRECTION('',(0.,1.,0.));
#4001=DIRECTION('',(0.,0.,1.));
#4002=DIRECTION('',(0.,0.,1.));
#4003=DIRECTION('',(1.,0.,0.));
#4004=DIRECTION('',(0.,1.,0.));
#4005=DIRECTION('',(0.,0.,1.));
#4006=DIRECTION('',(0.,-1.,0.));
#4007=DIRECTION('',(0.,0.,1.));
#4008=DIRECTION('',(0.,0.,1.));
#4009=DIRECTION('',(1.,0.,0.));
#4010=DIRECTION('',(0.,0.,1.));
#4011=DIRECTION('',(-1.,0.,0.));
#4012=DIRECTION('',(0.,0.,1.));
#4013=DIRECTION('',(0.,1.,0.));
#4014=DIRECTION('',(0.,0.,1.));
#4015=DIRECTION('',(0.,1.,0.));
#4016=DIRECTION('',(0.,0.,1.));
#4017=DIRECTION('',(0.,0.,-1.));
#4018=DIRECTION('',(1.,0.,0.));
#4019=DIRECTION('',(0.,0.,-1.));
#4020=DIRECTION('',(0.,-1.,0.));
#4021=DIRECTION('',(0.,0.,1.));
#4022=DIRECTION('',(0.,1.,0.));
#4023=DIRECTION('',(0.,0.,1.));
#4024=DIRECTION('',(0.,0.,-1.));
#4025=DIRECTION('',(0.,1.,0.));
#4026=DIRECTION('',(1.,0.,0.));
#4027=DIRECTION('',(0.,-1.,0.));
#4028=DIRECTION('',(-1.,0.,0.));
#4029=DIRECTION('',(0.,1.,0.));
#4030=DIRECTION('',(1.,0.,0.));
#4031=DIRECTION('',(0.,-1.,0.));
#4032=DIRECTION('',(1.,0.,0.));
#4033=DIRECTION('',(0.,1.,0.));
#4034=DIRECTION('',(0.,0.,1.));
#4035=DIRECTION('',(0.,1.,0.));
#4036=DIRECTION('',(0.,-1.,0.));
#4037=DIRECTION('',(0.,0.,1.));
#4038=DIRECTION('',(-1.,0.,0.));
#4039=DIRECTION('',(0.,-1.,0.));
#4040=DIRECTION('',(1.,0.,0.));
#4041=DIRECTION('',(1.,0.,0.));
#4042=DIRECTION('',(0.,0.,-1.));
#4043=DIRECTION('',(-1.,0.,0.));
#4044=DIRECTION('',(0.,0.,-1.));
#4045=DIRECTION('',(0.,1.,0.));
#4046=DIRECTION('',(1.,0.,0.));
#4047=DIRECTION('',(1.,0.,0.));
#4048=DIRECTION('',(0.,0.,-1.));
#4049=DIRECTION('',(1.,0.,0.));
#4050=DIRECTION('',(0.,1.,0.));
#4051=DIRECTION('',(0.,0.,1.));
#4052=DIRECTION('',(0.,0.,-1.));
#4053=DIRECTION('',(1.,0.,0.));
#4054=DIRECTION('',(0.,1.,0.));
#4055=DIRECTION('',(0.,0.,1.));
#4056=DIRECTION('',(0.,1.,0.));
#4057=DIRECTION('',(0.,0.,1.));
#4058=DIRECTION('',(0.,-1.,0.));
#4059=DIRECTION('',(0.,1.,0.));
#4060=DIRECTION('',(1.,0.,0.));
#4061=DIRECTION('',(0.,1.,0.));
#4062=DIRECTION('',(0.,0.,-1.));
#4063=DIRECTION('',(1.,0.,0.));
#4064=DIRECTION('',(1.,0.,0.));
#4065=DIRECTION('',(0.,0.,1.));
#4066=DIRECTION('',(0.,1.,0.));
#4067=DIRECTION('',(1.,0.,0.));
#4068=DIRECTION('',(1.,0.,0.));
#4069=DIRECTION('',(0.,0.,-1.));
#4070=DIRECTION('',(-1.,0.,0.));
#4071=DIRECTION('',(0.,0.,1.));
#4072=DIRECTION('',(0.,1.,0.));
#4073=DIRECTION('',(1.,0.,0.));
#4074=DIRECTION('',(0.,0.,-1.));
#4075=DIRECTION('',(0.,0.,1.));
#4076=DIRECTION('',(1.,0.,0.));
#4077=DIRECTION('',(0.,1.,0.));
#4078=DIRECTION('',(1.,0.,0.));
#4079=DIRECTION('',(0.,1.,0.));
#4080=DIRECTION('',(0.,0.,1.));
#4081=DIRECTION('',(0.,0.,-1.));
#4082=DIRECTION('',(0.,1.,0.));
#4083=DIRECTION('',(1.,0.,0.));
#4084=DIRECTION('',(-1.,0.,0.));
#4085=DIRECTION('',(0.,0.,1.));
#4086=DIRECTION('',(-1.,0.,0.));
#4087=DIRECTION('',(0.,0.,1.));
#4088=DIRECTION('',(1.,0.,0.));
#4089=DIRECTION('',(1.,0.,0.));
#4090=DIRECTION('',(0.,1.,0.));
#4091=DIRECTION('',(-1.,0.,0.));
#4092=DIRECTION('',(0.,-1.,0.));
#4093=DIRECTION('',(-0.0747899482416268,0.997199309888457,0.));
#4094=DIRECTION('',(0.,0.,-1.));
#4095=DIRECTION('',(-0.359271324207251,-0.933233151791324,0.));
#4096=DIRECTION('',(0.,-1.,0.));
#4097=DIRECTION('',(1.,0.,0.));
#4098=DIRECTION('',(0.,0.,-1.));
#4099=DIRECTION('',(0.479933559451256,-0.877304837848537,0.));
#4100=DIRECTION('',(0.,0.,1.));
#4101=DIRECTION('',(1.,0.,0.));
#4102=DIRECTION('',(-1.,0.,0.));
#4103=DIRECTION('',(-1.,0.,0.));
#4104=DIRECTION('',(0.,-1.,0.));
#4105=DIRECTION('',(0.,1.,0.));
#4106=DIRECTION('',(-1.,0.,0.));
#4107=DIRECTION('',(0.,-1.,0.));
#4108=DIRECTION('',(0.,0.,1.));
#4109=DIRECTION('',(0.,1.,0.));
#4110=DIRECTION('',(1.,0.,0.));
#4111=DIRECTION('',(0.,0.,-1.));
#4112=DIRECTION('',(0.,1.,0.));
#4113=DIRECTION('',(0.,0.,1.));
#4114=DIRECTION('',(0.,0.,1.));
#4115=DIRECTION('',(1.,0.,0.));
#4116=DIRECTION('',(-1.,0.,0.));
#4117=DIRECTION('',(0.,1.,0.));
#4118=DIRECTION('',(1.,0.,0.));
#4119=DIRECTION('',(0.,1.,0.));
#4120=DIRECTION('',(0.,-1.,0.));
#4121=DIRECTION('',(0.,1.,0.));
#4122=DIRECTION('',(0.,1.,0.));
#4123=DIRECTION('',(-1.,0.,0.));
#4124=DIRECTION('',(0.,1.,0.));
#4125=DIRECTION('',(0.,-1.,0.));
#4126=DIRECTION('',(-1.,0.,0.));
#4127=DIRECTION('',(0.,1.,0.));
#4128=DIRECTION('',(0.,0.,-1.));
#4129=DIRECTION('',(0.,1.,0.));
#4130=DIRECTION('',(1.,0.,0.));
#4131=DIRECTION('',(0.,-1.,0.));
#4132=DIRECTION('',(-1.,0.,0.));
#4133=DIRECTION('',(0.,-1.,0.));
#4134=DIRECTION('',(1.,0.,0.));
#4135=DIRECTION('',(0.,-1.,0.));
#4136=DIRECTION('',(0.,0.,-1.));
#4137=DIRECTION('',(-1.,0.,0.));
#4138=DIRECTION('',(0.,-1.,0.));
#4139=DIRECTION('',(-1.,0.,0.));
#4140=DIRECTION('',(0.,0.,1.));
#4141=DIRECTION('',(0.,1.,0.));
#4142=DIRECTION('',(-1.,0.,0.));
#4143=DIRECTION('',(0.,1.,0.));
#4144=DIRECTION('',(1.,0.,0.));
#4145=DIRECTION('',(0.,0.,1.));
#4146=DIRECTION('',(0.,1.,0.));
#4147=DIRECTION('',(0.,0.,1.));
#4148=DIRECTION('',(0.,0.,-1.));
#4149=DIRECTION('',(0.,1.,0.));
#4150=DIRECTION('',(0.,0.,1.));
#4151=DIRECTION('',(0.,0.,-1.));
#4152=DIRECTION('',(0.,1.,0.));
#4153=DIRECTION('',(1.,0.,0.));
#4154=DIRECTION('',(0.,-1.,0.));
#4155=DIRECTION('',(0.,0.,1.));
#4156=DIRECTION('',(0.,-1.,0.));
#4157=DIRECTION('',(0.,0.,1.));
#4158=DIRECTION('',(1.,0.,0.));
#4159=DIRECTION('',(0.,1.,0.));
#4160=DIRECTION('',(0.,-1.,0.));
#4161=DIRECTION('',(-1.,0.,0.));
#4162=DIRECTION('',(0.,-1.,0.));
#4163=DIRECTION('',(-1.,0.,0.));
#4164=DIRECTION('',(0.,-1.,0.));
#4165=DIRECTION('',(1.,0.,0.));
#4166=DIRECTION('',(0.,0.,-1.));
#4167=DIRECTION('',(1.,0.,0.));
#4168=DIRECTION('',(-1.,0.,0.));
#4169=DIRECTION('',(0.,0.,-1.));
#4170=DIRECTION('',(0.,1.,0.));
#4171=DIRECTION('',(1.,0.,0.));
#4172=DIRECTION('',(0.,-1.,0.));
#4173=DIRECTION('',(-1.,0.,0.));
#4174=DIRECTION('',(0.,-1.,0.));
#4175=DIRECTION('',(1.,0.,0.));
#4176=DIRECTION('',(0.997199309888457,-0.0747899482416268,0.));
#4177=DIRECTION('',(0.,0.,-1.));
#4178=DIRECTION('',(-0.074789948264558,-0.997199309886737,0.));
#4179=DIRECTION('',(0.997199309888457,-0.0747899482416268,0.));
#4180=DIRECTION('',(0.0747899482416268,0.997199309888457,0.));
#4181=DIRECTION('',(0.,0.,-1.));
#4182=DIRECTION('',(0.,0.,-1.));
#4183=DIRECTION('',(1.,0.,0.));
#4184=DIRECTION('',(0.,1.,0.));
#4185=DIRECTION('',(0.,0.,1.));
#4186=DIRECTION('',(0.,1.,0.));
#4187=DIRECTION('',(0.,0.,1.));
#4188=DIRECTION('',(1.,0.,0.));
#4189=DIRECTION('',(0.,1.,0.));
#4190=DIRECTION('',(0.,-1.,0.));
#4191=DIRECTION('',(1.,0.,0.));
#4192=DIRECTION('',(0.,-1.,0.));
#4193=DIRECTION('',(0.,0.,-1.));
#4194=DIRECTION('',(0.,1.,0.));
#4195=DIRECTION('',(0.,1.,0.));
#4196=DIRECTION('',(-1.,0.,0.));
#4197=DIRECTION('',(0.,0.,1.));
#4198=DIRECTION('',(1.,0.,0.));
#4199=DIRECTION('',(0.,-1.,0.));
#4200=DIRECTION('',(1.,0.,0.));
#4201=DIRECTION('',(0.,-1.,0.));
#4202=DIRECTION('',(0.,1.,0.));
#4203=DIRECTION('',(0.,1.,0.));
#4204=DIRECTION('',(0.,1.,0.));
#4205=DIRECTION('',(0.,0.,-1.));
#4206=DIRECTION('',(0.,1.,0.));
#4207=DIRECTION('',(1.,0.,0.));
#4208=DIRECTION('',(0.,1.,0.));
#4209=DIRECTION('',(0.,0.,-1.));
#4210=DIRECTION('',(1.,0.,0.));
#4211=DIRECTION('',(0.,1.,0.));
#4212=DIRECTION('',(0.,1.,0.));
#4213=DIRECTION('',(0.,1.,0.));
#4214=DIRECTION('',(0.,0.,1.));
#4215=DIRECTION('',(1.,0.,0.));
#4216=DIRECTION('',(1.,0.,0.));
#4217=DIRECTION('',(0.,1.,0.));
#4218=DIRECTION('',(0.,0.,-1.));
#4219=DIRECTION('',(0.,1.,0.));
#4220=DIRECTION('',(1.,0.,0.));
#4221=DIRECTION('',(0.,1.,0.));
#4222=DIRECTION('',(-1.,0.,0.));
#4223=DIRECTION('',(0.,-1.,0.));
#4224=DIRECTION('',(1.,0.,0.));
#4225=DIRECTION('',(0.,-1.,0.));
#4226=DIRECTION('',(1.,0.,0.));
#4227=DIRECTION('',(1.,0.,0.));
#4228=DIRECTION('',(0.,1.,0.));
#4229=DIRECTION('',(0.,1.,0.));
#4230=DIRECTION('',(0.,-1.,0.));
#4231=DIRECTION('',(0.,1.,0.));
#4232=DIRECTION('',(0.999999980496149,0.,0.00019750367543641));
#4233=DIRECTION('',(0.,-1.,0.));
#4234=DIRECTION('',(-1.,0.,0.));
#4235=DIRECTION('',(0.,1.,0.));
#4236=DIRECTION('',(1.,0.,0.));
#4237=DIRECTION('',(0.,1.,0.));
#4238=DIRECTION('',(-1.,0.,0.));
#4239=DIRECTION('',(0.,-1.,0.));
#4240=DIRECTION('',(0.,0.,1.));
#4241=DIRECTION('',(1.,0.,0.));
#4242=DIRECTION('',(0.,1.,0.));
#4243=DIRECTION('',(-1.,0.,0.));
#4244=DIRECTION('',(0.,-1.,0.));
#4245=DIRECTION('',(1.,0.,0.));
#4246=DIRECTION('',(-1.,0.,0.));
#4247=DIRECTION('',(0.,-1.,0.));
#4248=DIRECTION('',(1.,0.,0.));
#4249=DIRECTION('',(0.,-1.,0.));
#4250=DIRECTION('',(1.,0.,0.));
#4251=DIRECTION('',(0.,1.,0.));
#4252=DIRECTION('',(-1.,0.,0.));
#4253=DIRECTION('',(0.,-1.,0.));
#4254=DIRECTION('',(0.,1.,0.));
#4255=DIRECTION('',(0.,-0.813733471206465,-0.581238193719475));
#4256=DIRECTION('',(0.,0.,-1.));
#4257=DIRECTION('',(0.,-1.,0.));
#4258=DIRECTION('',(-1.,0.,0.));
#4259=DIRECTION('',(0.,1.,0.));
#4260=DIRECTION('',(0.,-1.,0.));
#4261=DIRECTION('',(0.,-0.581238193719475,0.813733471206465));
#4262=DIRECTION('',(-1.,0.,0.));
#4263=DIRECTION('',(-1.,0.,0.));
#4264=DIRECTION('',(0.,1.,0.));
#4265=DIRECTION('',(-1.,0.,0.));
#4266=DIRECTION('',(0.,1.,0.));
#4267=DIRECTION('',(1.,0.,0.));
#4268=DIRECTION('',(0.,-1.,0.));
#4269=DIRECTION('',(-1.,0.,0.));
#4270=DIRECTION('',(0.,0.,1.));
#4271=DIRECTION('',(0.,0.,1.));
#4272=DIRECTION('',(1.,0.,0.));
#4273=DIRECTION('',(0.,1.,0.));
#4274=DIRECTION('',(-1.,0.,0.));
#4275=DIRECTION('',(0.997199309888457,0.0747899482416268,0.));
#4276=DIRECTION('',(-0.0747899482416268,0.997199309888457,0.));
#4277=DIRECTION('',(0.,1.,0.));
#4278=DIRECTION('',(-0.333333333371689,0.,-0.942809041568503));
#4279=DIRECTION('',(0.,-1.,0.));
#4280=DIRECTION('',(1.,0.,0.));
#4281=DIRECTION('',(0.,1.,0.));
#4282=DIRECTION('',(0.,0.813733471206465,0.581238193719475));
#4283=DIRECTION('',(0.,-1.,0.));
#4284=DIRECTION('',(1.,0.,0.));
#4285=DIRECTION('',(0.,1.,0.));
#4286=DIRECTION('',(0.,1.,0.));
#4287=DIRECTION('',(0.,-0.813733471190931,-0.581238193741222));
#4288=DIRECTION('',(0.,0.,1.));
#4289=DIRECTION('',(1.,0.,0.));
#4290=DIRECTION('',(0.,1.,0.));
#4291=DIRECTION('',(0.,-1.,0.));
#4292=DIRECTION('',(0.,0.,-1.));
#4293=DIRECTION('',(0.,-1.,0.));
#4294=DIRECTION('',(-1.,0.,0.));
#4295=DIRECTION('',(0.,-1.,0.));
#4296=DIRECTION('',(1.,0.,0.));
#4297=DIRECTION('',(0.,1.,0.));
#4298=DIRECTION('',(0.,1.,0.));
#4299=DIRECTION('',(0.,1.,0.));
#4300=DIRECTION('',(1.,0.,0.));
#4301=DIRECTION('',(1.,0.,0.));
#4302=DIRECTION('',(0.,1.,0.));
#4303=DIRECTION('',(0.,-0.581238193719475,0.813733471206465));
#4304=DIRECTION('',(-1.,0.,0.));
#4305=DIRECTION('',(1.,0.,0.));
#4306=DIRECTION('',(0.,1.,0.));
#4307=DIRECTION('',(1.,0.,0.));
#4308=DIRECTION('',(0.,1.,0.));
#4309=DIRECTION('',(1.,0.,0.));
#4310=DIRECTION('',(0.,0.,1.));
#4311=DIRECTION('',(0.,1.,0.));
#4312=DIRECTION('',(0.999905770736349,0.,0.0137276963889907));
#4313=DIRECTION('',(0.,-1.,0.));
#4314=DIRECTION('',(1.,0.,0.));
#4315=DIRECTION('',(0.,-1.,0.));
#4316=DIRECTION('',(1.,0.,0.));
#4317=DIRECTION('',(0.,1.,0.));
#4318=DIRECTION('',(0.,1.,0.));
#4319=DIRECTION('',(0.,0.,-1.));
#4320=DIRECTION('',(0.,0.,1.));
#4321=DIRECTION('',(1.,0.,0.));
#4322=DIRECTION('',(0.,1.,0.));
#4323=DIRECTION('',(1.,0.,0.));
#4324=DIRECTION('',(0.997199309888457,0.0747899482416268,0.));
#4325=DIRECTION('',(0.,0.,-1.));
#4326=DIRECTION('',(0.,0.,1.));
#4327=DIRECTION('',(1.,0.,0.));
#4328=DIRECTION('',(1.,0.,0.));
#4329=DIRECTION('',(0.,1.,0.));
#4330=DIRECTION('',(0.,0.,1.));
#4331=DIRECTION('',(0.,1.,0.));
#4332=DIRECTION('',(0.,1.,0.));
#4333=DIRECTION('',(1.,0.,0.));
#4334=DIRECTION('',(0.,1.,0.));
#4335=DIRECTION('',(-1.,0.,0.));
#4336=DIRECTION('',(0.,1.,0.));
#4337=DIRECTION('',(-1.,0.,0.));
#4338=DIRECTION('',(0.,-1.,0.));
#4339=DIRECTION('',(-1.,0.,0.));
#4340=DIRECTION('',(0.,1.,0.));
#4341=DIRECTION('',(1.,0.,0.));
#4342=DIRECTION('',(0.,-1.,0.));
#4343=DIRECTION('',(1.,0.,0.));
#4344=DIRECTION('',(0.,1.,0.));
#4345=DIRECTION('',(0.,0.,1.));
#4346=DIRECTION('',(0.,1.,0.));
#4347=DIRECTION('',(1.,0.,0.));
#4348=DIRECTION('',(0.,-1.,0.));
#4349=DIRECTION('',(1.,0.,0.));
#4350=DIRECTION('',(0.,-1.,0.));
#4351=DIRECTION('',(0.,0.,1.));
#4352=DIRECTION('',(0.,-1.,0.));
#4353=DIRECTION('',(0.,1.,0.));
#4354=DIRECTION('',(0.,0.,1.));
#4355=DIRECTION('',(0.,-1.,0.));
#4356=DIRECTION('',(0.,1.,0.));
#4357=DIRECTION('',(1.,0.,0.));
#4358=DIRECTION('',(0.,1.,0.));
#4359=DIRECTION('',(-1.,0.,0.));
#4360=DIRECTION('',(0.,1.,0.));
#4361=DIRECTION('',(1.,0.,0.));
#4362=DIRECTION('',(0.,0.,1.));
#4363=DIRECTION('',(1.,0.,0.));
#4364=DIRECTION('',(0.,-1.,0.));
#4365=DIRECTION('',(0.,0.,-1.));
#4366=DIRECTION('',(-0.130516381524939,0.991446152926944,0.));
#4367=DIRECTION('',(0.,-1.,0.));
#4368=DIRECTION('',(0.,0.,1.));
#4369=DIRECTION('',(0.130516381524939,0.991446152926944,0.));
#4370=DIRECTION('',(0.,1.,0.));
#4371=DIRECTION('',(1.,0.,0.));
#4372=DIRECTION('',(0.,1.,0.));
#4373=DIRECTION('',(-1.,0.,0.));
#4374=DIRECTION('',(0.,0.,1.));
#4375=DIRECTION('',(0.,1.,0.));
#4376=DIRECTION('',(-0.699854212224619,0.,0.714285714284878));
#4377=DIRECTION('',(0.,-1.,0.));
#4378=DIRECTION('',(0.699854212224101,0.,0.714285714285385));
#4379=DIRECTION('',(0.,1.,0.));
#4380=DIRECTION('',(-0.299324156325567,0.,-0.954151481390658));
#4381=DIRECTION('',(1.,0.,0.));
#4382=DIRECTION('',(0.,1.,0.));
#4383=DIRECTION('',(0.,0.,-1.));
#4384=DIRECTION('',(0.,1.,0.));
#4385=DIRECTION('',(0.,0.,1.));
#4386=DIRECTION('',(0.,-1.,0.));
#4387=DIRECTION('',(1.,0.,0.));
#4388=DIRECTION('',(0.,1.,0.));
#4389=DIRECTION('',(0.,1.,0.));
#4390=DIRECTION('',(0.,0.,-1.));
#4391=DIRECTION('',(0.,1.,0.));
#4392=DIRECTION('',(0.,0.,1.));
#4393=DIRECTION('',(0.,1.,0.));
#4394=DIRECTION('',(0.,0.,1.));
#4395=DIRECTION('',(0.,-1.,0.));
#4396=DIRECTION('',(0.,1.,0.));
#4397=DIRECTION('',(-0.983047795214532,0.,0.183349481384179));
#4398=DIRECTION('',(0.,-1.,0.));
#4399=DIRECTION('',(0.,-1.,0.));
#4400=DIRECTION('',(-0.759934207677566,0.,0.65000000000113));
#4401=DIRECTION('',(0.,1.,0.));
#4402=DIRECTION('',(0.,0.,1.));
#4403=DIRECTION('',(0.,-1.,0.));
#4404=DIRECTION('',(0.,-1.,0.));
#4405=DIRECTION('',(0.759934207677566,0.,-0.65000000000113));
#4406=DIRECTION('',(0.,-1.,0.));
#4407=DIRECTION('',(0.,-1.,0.));
#4408=DIRECTION('',(0.759934207677566,0.,-0.65000000000113));
#4409=DIRECTION('',(0.,1.,0.));
#4410=DIRECTION('',(1.,0.,0.));
#4411=DIRECTION('',(1.,0.,0.));
#4412=DIRECTION('',(0.,-1.,0.));
#4413=DIRECTION('',(0.,0.,1.));
#4414=DIRECTION('',(1.,0.,0.));
#4415=DIRECTION('',(0.,-1.,0.));
#4416=DIRECTION('',(0.,0.,1.));
#4417=DIRECTION('',(0.,0.,-1.));
#4418=DIRECTION('',(-1.,0.,0.));
#4419=DIRECTION('',(0.,0.,1.));
#4420=DIRECTION('',(-0.928476690885266,0.,0.371390676354087));
#4421=DIRECTION('',(0.,1.,0.));
#4422=DIRECTION('',(1.,0.,0.));
#4423=DIRECTION('',(1.,0.,0.));
#4424=DIRECTION('',(0.,0.,-1.));
#4425=DIRECTION('',(1.,0.,0.));
#4426=DIRECTION('',(0.,-1.,0.));
#4427=DIRECTION('',(0.,0.,1.));
#4428=DIRECTION('',(0.,1.,0.));
#4429=DIRECTION('',(0.,0.,1.));
#4430=DIRECTION('',(0.,1.,0.));
#4431=DIRECTION('',(0.,0.,1.));
#4432=DIRECTION('',(0.,-1.,0.));
#4433=DIRECTION('',(0.,0.,1.));
#4434=DIRECTION('',(1.,0.,0.));
#4435=DIRECTION('',(0.,0.,1.));
#4436=DIRECTION('',(-1.,0.,0.));
#4437=DIRECTION('',(0.,-1.,0.));
#4438=DIRECTION('',(0.,0.,1.));
#4439=DIRECTION('',(0.,1.,0.));
#4440=DIRECTION('',(0.,0.,1.));
#4441=DIRECTION('',(0.,-1.,0.));
#4442=DIRECTION('',(0.,0.,1.));
#4443=DIRECTION('',(1.,0.,0.));
#4444=DIRECTION('',(0.,1.,0.));
#4445=DIRECTION('',(0.,0.,1.));
#4446=DIRECTION('',(1.,0.,0.));
#4447=DIRECTION('',(1.,0.,0.));
#4448=DIRECTION('',(0.,-1.,0.));
#4449=DIRECTION('',(0.,0.,1.));
#4450=DIRECTION('',(0.,1.,0.));
#4451=DIRECTION('',(0.,0.,1.));
#4452=DIRECTION('',(0.,-1.,0.));
#4453=DIRECTION('',(0.,0.,1.));
#4454=DIRECTION('',(-1.,0.,0.));
#4455=DIRECTION('',(1.,0.,0.));
#4456=DIRECTION('',(0.,-1.,0.));
#4457=DIRECTION('',(0.,0.,1.));
#4458=DIRECTION('',(0.,1.,0.));
#4459=DIRECTION('',(0.,0.,1.));
#4460=DIRECTION('',(0.,-1.,0.));
#4461=DIRECTION('',(0.,0.,1.));
#4462=DIRECTION('',(-1.,0.,0.));
#4463=DIRECTION('',(0.,-1.,0.));
#4464=DIRECTION('',(0.,0.,1.));
#4465=DIRECTION('',(-1.,0.,0.));
#4466=DIRECTION('',(0.,0.,1.));
#4467=DIRECTION('',(0.,1.,0.));
#4468=DIRECTION('',(0.,0.,1.));
#4469=DIRECTION('',(-1.,0.,0.));
#4470=DIRECTION('',(0.,-1.,0.));
#4471=DIRECTION('',(0.,0.,1.));
#4472=DIRECTION('',(0.,1.,0.));
#4473=DIRECTION('',(0.,0.,1.));
#4474=DIRECTION('',(0.,0.,1.));
#4475=DIRECTION('',(1.,0.,0.));
#4476=DIRECTION('',(1.,0.,0.));
#4477=DIRECTION('',(0.,-1.,0.));
#4478=DIRECTION('',(0.,-1.,0.));
#4479=DIRECTION('',(-0.949390291987691,0.,0.314098827567897));
#4480=DIRECTION('',(0.,1.,0.));
#4481=DIRECTION('',(-0.949390291965819,0.,0.314098827634005));
#4482=DIRECTION('',(0.,-1.,0.));
#4483=DIRECTION('',(0.,-1.,0.));
#4484=DIRECTION('',(0.,-1.,0.));
#4485=DIRECTION('',(1.,0.,0.));
#4486=DIRECTION('',(0.,1.,0.));
#4487=DIRECTION('',(1.,0.,0.));
#4488=DIRECTION('',(0.,-1.,0.));
#4489=DIRECTION('',(0.,0.,1.));
#4490=DIRECTION('',(0.,-1.,0.));
#4491=DIRECTION('',(0.,0.,1.));
#4492=DIRECTION('',(0.,1.,0.));
#4493=DIRECTION('',(0.,0.,1.));
#4494=DIRECTION('',(0.336547008485972,0.941666666649692,0.));
#4495=DIRECTION('',(0.,0.,-1.));
#4496=DIRECTION('',(0.249436796943828,0.96839108026169,0.));
#4497=DIRECTION('',(0.,0.,1.));
#4498=DIRECTION('',(1.,0.,0.));
#4499=DIRECTION('',(1.,0.,0.));
#4500=DIRECTION('',(1.,0.,0.));
#4501=DIRECTION('',(0.,-1.,0.));
#4502=DIRECTION('',(0.,0.,1.));
#4503=DIRECTION('',(1.,0.,0.));
#4504=DIRECTION('',(1.,0.,0.));
#4505=DIRECTION('',(-1.,0.,0.));
#4506=DIRECTION('',(1.,0.,0.));
#4507=DIRECTION('',(0.,-1.,0.));
#4508=DIRECTION('',(-1.,0.,0.));
#4509=DIRECTION('',(1.,0.,0.));
#4510=DIRECTION('',(0.,1.,0.));
#4511=DIRECTION('',(1.,0.,0.));
#4512=DIRECTION('',(0.,1.,0.));
#4513=DIRECTION('',(0.,-1.,0.));
#4514=DIRECTION('',(1.,0.,0.));
#4515=DIRECTION('',(0.,-1.,0.));
#4516=DIRECTION('',(0.,1.,0.));
#4517=DIRECTION('',(0.,0.,1.));
#4518=DIRECTION('',(1.,0.,0.));
#4519=DIRECTION('',(0.,1.,0.));
#4520=DIRECTION('',(0.,1.,0.));
#4521=DIRECTION('',(1.,0.,0.));
#4522=DIRECTION('',(0.,-1.,0.));
#4523=DIRECTION('',(1.,0.,0.));
#4524=DIRECTION('',(0.,1.,0.));
#4525=DIRECTION('',(-0.949390291987989,0.,-0.314098827566996));
#4526=DIRECTION('',(0.,-1.,0.));
#4527=DIRECTION('',(-0.949390291968064,0.,-0.31409882762722));
#4528=DIRECTION('',(0.,-1.,0.));
#4529=DIRECTION('',(0.,-1.,0.));
#4530=DIRECTION('',(0.,1.,0.));
#4531=DIRECTION('',(0.,0.,-1.));
#4532=DIRECTION('',(0.,1.,0.));
#4533=DIRECTION('',(1.,0.,0.));
#4534=DIRECTION('',(0.,0.,-1.));
#4535=DIRECTION('',(0.,1.,0.));
#4536=DIRECTION('',(1.,0.,0.));
#4537=DIRECTION('',(0.,-1.,0.));
#4538=DIRECTION('',(0.,0.,1.));
#4539=DIRECTION('',(0.,-1.,0.));
#4540=DIRECTION('',(0.,0.,1.));
#4541=DIRECTION('',(0.,1.,0.));
#4542=DIRECTION('',(1.,0.,0.));
#4543=DIRECTION('',(1.,0.,0.));
#4544=DIRECTION('',(0.,0.,1.));
#4545=DIRECTION('',(0.,1.,0.));
#4546=DIRECTION('',(0.7547608892887,0.,0.6560000000001));
#4547=DIRECTION('',(0.,-1.,0.));
#4548=DIRECTION('',(0.754760889284615,0.,0.656000000004799));
#4549=DIRECTION('',(0.,1.,0.));
#4550=DIRECTION('',(0.,1.,0.));
#4551=DIRECTION('',(1.,0.,0.));
#4552=DIRECTION('',(0.,0.,1.));
#4553=DIRECTION('',(0.,-1.,0.));
#4554=DIRECTION('',(0.,0.,1.));
#4555=DIRECTION('',(1.,0.,0.));
#4556=DIRECTION('',(-0.371390676354087,0.,0.928476690885266));
#4557=DIRECTION('',(0.,1.,0.));
#4558=DIRECTION('',(-0.928476690846846,0.,-0.371390676450136));
#4559=DIRECTION('',(0.,-1.,0.));
#4560=DIRECTION('',(0.928476690846846,0.,0.371390676450136));
#4561=DIRECTION('',(0.,-1.,0.));
#4562=DIRECTION('',(0.,1.,0.));
#4563=DIRECTION('',(-1.,0.,0.));
#4564=DIRECTION('',(0.,-1.,0.));
#4565=DIRECTION('',(-1.,0.,0.));
#4566=DIRECTION('',(0.,1.,0.));
#4567=DIRECTION('',(0.,-1.,0.));
#4568=DIRECTION('',(-1.,0.,0.));
#4569=DIRECTION('',(0.,1.,0.));
#4570=DIRECTION('',(0.,-1.,0.));
#4571=DIRECTION('',(0.,0.,1.));
#4572=DIRECTION('',(0.,-1.,0.));
#4573=DIRECTION('',(0.,-1.,0.));
#4574=DIRECTION('',(0.,1.,0.));
#4575=DIRECTION('',(1.,0.,0.));
#4576=DIRECTION('',(0.,1.,0.));
#4577=DIRECTION('',(0.,0.,-1.));
#4578=DIRECTION('',(0.,1.,0.));
#4579=DIRECTION('',(-1.,0.,0.));
#4580=DIRECTION('',(0.,-1.,0.));
#4581=DIRECTION('',(-1.,0.,0.));
#4582=DIRECTION('',(0.,1.,0.));
#4583=DIRECTION('',(1.,0.,0.));
#4584=DIRECTION('',(0.,1.,0.));
#4585=DIRECTION('',(0.,0.,1.));
#4586=DIRECTION('',(-1.,0.,0.));
#4587=DIRECTION('',(-0.928476690885266,0.,0.371390676354087));
#4588=DIRECTION('',(0.,0.,-1.));
#4589=DIRECTION('',(1.,0.,0.));
#4590=DIRECTION('',(0.,-1.,0.));
#4591=DIRECTION('',(0.,0.,1.));
#4592=DIRECTION('',(1.,0.,0.));
#4593=DIRECTION('',(0.,1.,0.));
#4594=DIRECTION('',(0.,1.,0.));
#4595=DIRECTION('',(0.,-1.,0.));
#4596=DIRECTION('',(0.,-1.,0.));
#4597=DIRECTION('',(0.,0.,-1.));
#4598=DIRECTION('',(0.,-1.,0.));
#4599=DIRECTION('',(0.,1.,0.));
#4600=DIRECTION('',(-0.991640396704347,0.,-0.129032258075435));
#4601=DIRECTION('',(0.,1.,0.));
#4602=DIRECTION('',(0.,-1.,0.));
#4603=DIRECTION('',(-0.99164039670436,0.,0.129032258075337));
#4604=DIRECTION('',(0.,1.,0.));
#4605=DIRECTION('',(0.,0.,1.));
#4606=DIRECTION('',(0.,1.,0.));
#4607=DIRECTION('',(0.,-1.,0.));
#4608=DIRECTION('',(-0.983047795214532,0.,-0.183349481384179));
#4609=DIRECTION('',(0.,-1.,0.));
#4610=DIRECTION('',(0.,1.,0.));
#4611=DIRECTION('',(-0.759934207677566,0.,-0.65000000000113));
#4612=DIRECTION('',(0.,-1.,0.));
#4613=DIRECTION('',(0.358338574524287,0.,0.933591701981065));
#4614=DIRECTION('',(0.,1.,0.));
#4615=DIRECTION('',(-0.699854212223739,0.,-0.71428571428574));
#4616=DIRECTION('',(0.,-1.,0.));
#4617=DIRECTION('',(0.,1.,0.));
#4618=DIRECTION('',(1.,0.,0.));
#4619=DIRECTION('',(0.,-1.,0.));
#4620=DIRECTION('',(1.,0.,0.));
#4621=DIRECTION('',(-1.,0.,0.));
#4622=DIRECTION('',(0.,-1.,0.));
#4623=DIRECTION('',(0.,0.,-1.));
#4624=DIRECTION('',(0.,1.,0.));
#4625=DIRECTION('',(0.,0.,1.));
#4626=DIRECTION('',(0.,0.,-1.));
#4627=DIRECTION('',(0.,-1.,0.));
#4628=DIRECTION('',(1.,0.,0.));
#4629=DIRECTION('',(0.,1.,0.));
#4630=DIRECTION('',(0.,0.,1.));
#4631=DIRECTION('',(0.,1.,0.));
#4632=DIRECTION('',(1.,0.,0.));
#4633=DIRECTION('',(0.,1.,0.));
#4634=DIRECTION('',(-0.488896364712493,0.,0.872341873677349));
#4635=DIRECTION('',(0.,1.,0.));
#4636=DIRECTION('',(0.999908965684887,0.,-0.0134929738375298));
#4637=DIRECTION('',(0.,1.,0.));
#4638=DIRECTION('',(0.488896364712493,0.,-0.872341873677349));
#4639=DIRECTION('',(0.,-1.,0.));
#4640=DIRECTION('',(-1.,0.,0.));
#4641=DIRECTION('',(0.,1.,0.));
#4642=DIRECTION('',(1.,0.,0.));
#4643=DIRECTION('',(1.,0.,0.));
#4644=DIRECTION('',(0.,1.,0.));
#4645=DIRECTION('',(-0.7547608892887,0.,-0.6560000000001));
#4646=DIRECTION('',(0.,-1.,0.));
#4647=DIRECTION('',(-0.754760889284615,0.,-0.656000000004799));
#4648=DIRECTION('',(0.,1.,0.));
#4649=DIRECTION('',(0.,-1.,0.));
#4650=DIRECTION('',(0.,-1.,0.));
#4651=DIRECTION('',(0.,0.,-1.));
#4652=DIRECTION('',(0.,1.,0.));
#4653=DIRECTION('',(0.,0.,1.));
#4654=DIRECTION('',(0.,-1.,0.));
#4655=DIRECTION('',(0.,1.,0.));
#4656=DIRECTION('',(0.,1.,0.));
#4657=DIRECTION('',(0.,0.,1.));
#4658=DIRECTION('',(1.,0.,0.));
#4659=DIRECTION('',(0.,-1.,0.));
#4660=DIRECTION('',(-1.,0.,0.));
#4661=DIRECTION('',(0.,-1.,0.));
#4662=DIRECTION('',(0.,-1.,0.));
#4663=DIRECTION('',(0.,0.,-1.));
#4664=DIRECTION('',(0.,-1.,0.));
#4665=DIRECTION('',(0.,-1.,0.));
#4666=DIRECTION('',(0.,0.,1.));
#4667=DIRECTION('',(0.,-1.,0.));
#4668=DIRECTION('',(0.,0.,-1.));
#4669=DIRECTION('',(0.,1.,0.));
#4670=DIRECTION('',(0.,0.,1.));
#4671=DIRECTION('',(0.,-1.,0.));
#4672=DIRECTION('',(0.,0.,1.));
#4673=DIRECTION('',(0.,-1.,0.));
#4674=DIRECTION('',(0.,0.,1.));
#4675=DIRECTION('',(0.,-1.,0.));
#4676=DIRECTION('',(0.,-1.,0.));
#4677=DIRECTION('',(0.,0.,-1.));
#4678=DIRECTION('',(0.,1.,0.));
#4679=DIRECTION('',(0.,0.,1.));
#4680=DIRECTION('',(0.,1.,0.));
#4681=DIRECTION('',(0.,0.,1.));
#4682=DIRECTION('',(0.,1.,0.));
#4683=DIRECTION('',(0.,-1.,0.));
#4684=DIRECTION('',(0.,0.,1.));
#4685=DIRECTION('',(0.,-1.,0.));
#4686=DIRECTION('',(0.,-1.,0.));
#4687=DIRECTION('',(0.,-1.,0.));
#4688=DIRECTION('',(-0.983047795216412,0.,0.183349481374102));
#4689=DIRECTION('',(0.,-1.,0.));
#4690=DIRECTION('',(0.,1.,0.));
#4691=DIRECTION('',(1.,0.,0.));
#4692=DIRECTION('',(0.,-1.,0.));
#4693=DIRECTION('',(0.,-1.,0.));
#4694=DIRECTION('',(0.,0.,1.));
#4695=DIRECTION('',(1.,0.,0.));
#4696=DIRECTION('',(0.,1.,0.));
#4697=DIRECTION('',(0.,0.,-1.));
#4698=DIRECTION('',(0.,0.,-1.));
#4699=DIRECTION('',(1.,0.,0.));
#4700=DIRECTION('',(0.,1.,0.));
#4701=DIRECTION('',(0.,-1.,0.));
#4702=DIRECTION('',(0.,-1.,0.));
#4703=DIRECTION('',(0.,-1.,0.));
#4704=DIRECTION('',(1.,0.,0.));
#4705=DIRECTION('',(0.,-1.,0.));
#4706=DIRECTION('',(-1.,0.,0.));
#4707=DIRECTION('',(0.,1.,0.));
#4708=DIRECTION('',(0.,0.,-1.));
#4709=DIRECTION('',(0.,1.,0.));
#4710=DIRECTION('',(0.,-1.,0.));
#4711=DIRECTION('',(0.,0.,-1.));
#4712=DIRECTION('',(0.,0.,1.));
#4713=DIRECTION('',(1.,0.,0.));
#4714=DIRECTION('',(0.,1.,0.));
#4715=DIRECTION('',(0.,1.,0.));
#4716=DIRECTION('',(1.,0.,0.));
#4717=DIRECTION('',(0.,0.,1.));
#4718=DIRECTION('',(0.,-1.,0.));
#4719=DIRECTION('',(0.949390291965819,0.,0.314098827634005));
#4720=DIRECTION('',(-1.,0.,0.));
#4721=DIRECTION('',(0.,1.,0.));
#4722=DIRECTION('',(0.949390291968263,0.,-0.31409882762662));
#4723=DIRECTION('',(0.,1.,0.));
#4724=DIRECTION('',(-1.,0.,0.));
#4725=DIRECTION('',(0.,-1.,0.));
#4726=DIRECTION('',(1.,0.,0.));
#4727=DIRECTION('',(0.,1.,0.));
#4728=DIRECTION('',(0.,0.,1.));
#4729=DIRECTION('',(0.,-1.,0.));
#4730=DIRECTION('',(0.,1.,0.));
#4731=DIRECTION('',(0.,0.,-1.));
#4732=DIRECTION('',(0.,0.,1.));
#4733=DIRECTION('',(0.,1.,0.));
#4734=DIRECTION('',(0.,-1.,0.));
#4735=DIRECTION('',(0.983047795214532,0.,0.18334948138418));
#4736=DIRECTION('',(0.,-1.,0.));
#4737=DIRECTION('',(0.991640396704347,0.,-0.129032258075435));
#4738=DIRECTION('',(0.,-1.,0.));
#4739=DIRECTION('',(-0.699854212223739,0.,0.71428571428574));
#4740=DIRECTION('',(0.,1.,0.));
#4741=DIRECTION('',(1.,0.,0.));
#4742=DIRECTION('',(0.,0.,1.));
#4743=DIRECTION('',(-1.,0.,0.));
#4744=DIRECTION('',(0.,-1.,0.));
#4745=DIRECTION('',(0.949390291987989,0.,-0.314098827566996));
#4746=DIRECTION('',(0.,-1.,0.));
#4747=DIRECTION('',(0.,-1.,0.));
#4748=DIRECTION('',(-1.,0.,0.));
#4749=DIRECTION('',(0.,-1.,0.));
#4750=DIRECTION('',(0.,-1.,0.));
#4751=DIRECTION('',(0.983047795216412,0.,-0.183349481374102));
#4752=DIRECTION('',(0.,0.,1.));
#4753=DIRECTION('',(1.,0.,0.));
#4754=DIRECTION('',(0.,1.,0.));
#4755=DIRECTION('',(0.,0.,1.));
#4756=DIRECTION('',(1.,0.,0.));
#4757=DIRECTION('',(1.,0.,0.));
#4758=DIRECTION('',(0.,1.,0.));
#4759=DIRECTION('',(1.,0.,0.));
#4760=DIRECTION('',(0.,1.,0.));
#4761=DIRECTION('',(1.,0.,0.));
#4762=DIRECTION('',(0.,1.,0.));
#4763=DIRECTION('',(0.,-1.,0.));
#4764=DIRECTION('',(0.,0.,-1.));
#4765=DIRECTION('',(0.,0.,1.));
#4766=DIRECTION('',(0.,1.,0.));
#4767=DIRECTION('',(0.,0.,-1.));
#4768=DIRECTION('',(0.,1.,0.));
#4769=DIRECTION('',(0.,-1.,0.));
#4770=DIRECTION('',(0.,0.,1.));
#4771=DIRECTION('',(0.371390676354087,0.,0.928476690885266));
#4772=DIRECTION('',(0.,-1.,0.));
#4773=DIRECTION('',(0.,1.,0.));
#4774=DIRECTION('',(0.,0.,1.));
#4775=DIRECTION('',(0.,-1.,0.));
#4776=DIRECTION('',(0.983047795214532,0.,0.183349481384179));
#4777=DIRECTION('',(0.,-1.,0.));
#4778=DIRECTION('',(1.,0.,0.));
#4779=DIRECTION('',(0.,1.,0.));
#4780=DIRECTION('',(0.,0.,1.));
#4781=DIRECTION('',(0.,1.,0.));
#4782=DIRECTION('',(0.,0.,1.));
#4783=DIRECTION('',(1.,0.,0.));
#4784=DIRECTION('',(0.,-1.,0.));
#4785=DIRECTION('',(0.,0.,-1.));
#4786=DIRECTION('',(-0.130516381524939,0.991446152926944,0.));
#4787=DIRECTION('',(0.,0.,1.));
#4788=DIRECTION('',(1.,0.,0.));
#4789=DIRECTION('',(-1.,0.,0.));
#4790=DIRECTION('',(0.,0.,1.));
#4791=DIRECTION('',(1.,0.,0.));
#4792=DIRECTION('',(1.,0.,0.));
#4793=DIRECTION('',(0.,0.,1.));
#4794=DIRECTION('',(1.,0.,0.));
#4795=DIRECTION('',(0.,-1.,0.));
#4796=DIRECTION('',(0.,0.,-1.));
#4797=DIRECTION('',(0.,-1.,0.));
#4798=DIRECTION('',(0.,0.,-1.));
#4799=DIRECTION('',(0.,-1.,0.));
#4800=DIRECTION('',(0.,-1.,0.));
#4801=DIRECTION('',(0.991640396704347,0.,-0.129032258075435));
#4802=DIRECTION('',(0.,1.,0.));
#4803=DIRECTION('',(1.,0.,0.));
#4804=DIRECTION('',(1.,0.,0.));
#4805=DIRECTION('',(0.,1.,0.));
#4806=DIRECTION('',(1.,0.,0.));
#4807=DIRECTION('',(0.,1.,0.));
#4808=DIRECTION('',(0.,0.,-1.));
#4809=DIRECTION('',(0.,1.,0.));
#4810=DIRECTION('',(0.999990036472088,0.,0.00446396197924795));
#4811=DIRECTION('',(0.,1.,0.));
#4812=DIRECTION('',(1.,0.,0.));
#4813=DIRECTION('',(0.,1.,0.));
#4814=DIRECTION('',(1.,0.,0.));
#4815=DIRECTION('',(1.,0.,0.));
#4816=DIRECTION('',(0.,1.,0.));
#4817=DIRECTION('',(0.,1.,0.));
#4818=DIRECTION('',(0.,0.,1.));
#4819=DIRECTION('',(0.,1.,0.));
#4820=DIRECTION('',(1.,0.,0.));
#4821=DIRECTION('',(0.,-1.,0.));
#4822=DIRECTION('',(-0.358338574524287,0.,-0.933591701981065));
#4823=DIRECTION('',(0.,1.,0.));
#4824=DIRECTION('',(1.,0.,0.));
#4825=DIRECTION('',(0.,-1.,0.));
#4826=DIRECTION('',(0.,0.,1.));
#4827=DIRECTION('',(1.,0.,0.));
#4828=DIRECTION('',(0.,0.,1.));
#4829=DIRECTION('',(1.,0.,0.));
#4830=DIRECTION('',(-1.,0.,0.));
#4831=DIRECTION('',(0.,0.,1.));
#4832=DIRECTION('',(1.,0.,0.));
#4833=DIRECTION('',(1.,0.,0.));
#4834=DIRECTION('',(0.,1.,0.));
#4835=DIRECTION('',(1.,0.,0.));
#4836=DIRECTION('',(0.,1.,0.));
#4837=DIRECTION('',(0.949390291987691,0.,0.314098827567897));
#4838=DIRECTION('',(0.,0.,1.));
#4839=DIRECTION('',(1.,0.,0.));
#4840=CARTESIAN_POINT('',(0.,0.,0.));
#4841=CARTESIAN_POINT('',(0.,0.1865,0.85));
#4842=CARTESIAN_POINT('',(-0.90000000001,0.,0.85000000001));
#4843=CARTESIAN_POINT('',(-0.900000000003333,0.,0.85000000001));
#4844=CARTESIAN_POINT('',(-0.9,0.373,0.85));
#4845=CARTESIAN_POINT('',(-1.041332495807,0.,0.85));
#4846=CARTESIAN_POINT('',(0.900000000003333,0.,0.85000000001));
#4847=CARTESIAN_POINT('',(0.90000000001,0.,0.85000000001));
#4848=CARTESIAN_POINT('',(0.9,0.373,0.85));
#4849=CARTESIAN_POINT('',(-0.90000000001,0.37300000001,0.85000000001));
#4850=CARTESIAN_POINT('',(-0.825,0.1,-0.03735936244767));
#4851=CARTESIAN_POINT('',(0.,0.1,0.2));
#4852=CARTESIAN_POINT('',(0.,0.1,0.25));
#4853=CARTESIAN_POINT('',(1.05,-1.,-0.41));
#4854=CARTESIAN_POINT('',(-1.05,-1.,-0.82));
#4855=CARTESIAN_POINT('',(-1.00000000000667,-1.00000000000667,-0.820000000006667));
#4856=CARTESIAN_POINT('',(-1.10000000000667,-1.00000000000667,-0.820000000006667));
#4857=CARTESIAN_POINT('',(-1.,-1.,-0.335000176497));
#4858=CARTESIAN_POINT('',(-1.00000000000667,-1.00000000001,0.));
#4859=CARTESIAN_POINT('',(-1.105813811142,-1.,0.));
#4860=CARTESIAN_POINT('',(-1.10000000000667,-1.00000000001,6.12323399573677E-18));
#4861=CARTESIAN_POINT('',(-1.1,-1.,-0.307933104658));
#4862=CARTESIAN_POINT('',(1.,0.4035153096251,-0.75));
#4863=CARTESIAN_POINT('',(1.00000000001,0.40000000001,-0.90000000001));
#4864=CARTESIAN_POINT('',(1.,0.4,-0.9));
#4865=CARTESIAN_POINT('',(1.,0.373,-0.9));
#4866=CARTESIAN_POINT('',(1.00000000001,0.40000000001,-0.75000000001));
#4867=CARTESIAN_POINT('',(1.15,0.4,-0.75));
#4868=CARTESIAN_POINT('',(1.15000000001,0.40000000001,-0.75000000001));
#4869=CARTESIAN_POINT('',(1.15,0.373,-0.75));
#4870=CARTESIAN_POINT('',(1.00000000001,0.37300000001,-0.75000000001));
#4871=CARTESIAN_POINT('',(1.1,-0.525,-0.335000176497));
#4872=CARTESIAN_POINT('',(1.1,0.38046,0.08413379068409));
#4873=CARTESIAN_POINT('',(1.10000000001,0.373000000006667,0.0841337906874233));
#4874=CARTESIAN_POINT('',(1.10000000001,0.,0.08413379069076));
#4875=CARTESIAN_POINT('',(1.1,0.,-0.8057106781187));
#4876=CARTESIAN_POINT('',(1.10000000000667,0.,-0.420000000006667));
#4877=CARTESIAN_POINT('',(1.1,-0.525,-0.42));
#4878=CARTESIAN_POINT('',(1.10000000000667,0.100000000006667,-0.420000000006667));
#4879=CARTESIAN_POINT('',(1.1,0.1,-0.03735936244767));
#4880=CARTESIAN_POINT('',(1.10000000001,0.100000000006667,-0.700000000003333));
#4881=CARTESIAN_POINT('',(1.1,0.39046,-0.7));
#4882=CARTESIAN_POINT('',(1.10000000001,0.373000000006667,-0.700000000003333));
#4883=CARTESIAN_POINT('',(1.1,0.373,0.));
#4884=CARTESIAN_POINT('',(1.15,0.3865,0.));
#4885=CARTESIAN_POINT('',(1.15000000001,0.40000000001,-0.75000000001));
#4886=CARTESIAN_POINT('',(1.15,0.4,0.75));
#4887=CARTESIAN_POINT('',(1.15000000001,0.40000000001,0.75000000001));
#4888=CARTESIAN_POINT('',(1.15,0.373,0.75));
#4889=CARTESIAN_POINT('',(1.15000000001,0.37300000001,-0.75000000001));
#4890=CARTESIAN_POINT('',(-0.5,-0.525,-0.6));
#4891=CARTESIAN_POINT('',(-0.45000000001,-1.05000000001,-0.60000000001));
#4892=CARTESIAN_POINT('',(-0.45,-1.05,-0.6));
#4893=CARTESIAN_POINT('',(-0.55,-1.05,-0.6));
#4894=CARTESIAN_POINT('',(-0.45000000001,-1.05000000001,-0.60000000001));
#4895=CARTESIAN_POINT('',(-0.450000000003333,0.,-0.60000000001));
#4896=CARTESIAN_POINT('',(-1.041332495807,0.,-0.6));
#4897=CARTESIAN_POINT('',(-0.550000000003333,0.,-0.60000000001));
#4898=CARTESIAN_POINT('',(-0.55000000001,0.,-0.60000000001));
#4899=CARTESIAN_POINT('',(0.4165566002536,0.04,0.));
#4900=CARTESIAN_POINT('',(0.40000000001,0.04000000001,0.));
#4901=CARTESIAN_POINT('',(0.46000000001,0.04000000001,0.));
#4902=CARTESIAN_POINT('',(1.05,0.05,0.38));
#4903=CARTESIAN_POINT('',(1.05,0.,0.38));
#4904=CARTESIAN_POINT('',(-1.05000000000667,0.,0.380000000006667));
#4905=CARTESIAN_POINT('',(-1.10000000000667,0.,0.380000000006667));
#4906=CARTESIAN_POINT('',(-1.1,0.1865,0.38));
#4907=CARTESIAN_POINT('',(-1.10000000000667,0.100000000006667,0.380000000006667));
#4908=CARTESIAN_POINT('',(1.05,0.1,0.38));
#4909=CARTESIAN_POINT('',(-1.05000000000667,0.100000000006667,0.380000000006667));
#4910=CARTESIAN_POINT('',(-1.05,0.1865,0.38));
#4911=CARTESIAN_POINT('',(-1.1,0.1865,-0.307933104658));
#4912=CARTESIAN_POINT('',(-1.1,0.,-0.307933104658));
#4913=CARTESIAN_POINT('',(-1.10000000000667,0.,0.675000000006667));
#4914=CARTESIAN_POINT('',(-1.1,0.125,0.675));
#4915=CARTESIAN_POINT('',(-1.10000000000667,0.100000000006667,0.675000000006667));
#4916=CARTESIAN_POINT('',(-1.1,0.1,-0.307933104658));
#4917=CARTESIAN_POINT('',(-1.,-0.4542893218813,-0.335000176497));
#4918=CARTESIAN_POINT('',(-1.,0.,-0.8057106781187));
#4919=CARTESIAN_POINT('',(-1.00000000000809,0.,-0.841421356244647));
#4920=CARTESIAN_POINT('',(-1.00000000000667,0.,-0.770000000006667));
#4921=CARTESIAN_POINT('',(-1.,0.39046,-0.84142135623731));
#4922=CARTESIAN_POINT('',(-1.00000000001,-0.100000000006653,-0.841421356243967));
#4923=CARTESIAN_POINT('',(-1.,-0.0999999999999795,-0.6493303437366));
#4924=CARTESIAN_POINT('',(-1.00000000001,-0.1000000000075,-0.7700000000075));
#4925=CARTESIAN_POINT('',(-1.,-0.4542893218813,-0.77));
#4926=CARTESIAN_POINT('',(1.021519102527,0.025,-0.77));
#4927=CARTESIAN_POINT('',(1.08266499161422,0.39046,-0.77));
#4928=CARTESIAN_POINT('',(1.082664991624,0.0199999999904093,-0.77000000001));
#4929=CARTESIAN_POINT('',(1.08266499162137,0.,-0.770000000008798));
#4930=CARTESIAN_POINT('',(0.95,-0.05,-0.77));
#4931=CARTESIAN_POINT('',(1.10000000001,-0.0500000000033333,-0.770000000006667));
#4932=CARTESIAN_POINT('',(1.1,-0.525,-0.77));
#4933=CARTESIAN_POINT('',(1.10000000000667,-0.350000000002883,-0.770000000007297));
#4934=CARTESIAN_POINT('',(1.021519102527,-0.350000000000034,-0.77));
#4935=CARTESIAN_POINT('',(1.00000000000667,-0.350000000012683,-0.77000000001));
#4936=CARTESIAN_POINT('',(1.,0.025,-0.77));
#4937=CARTESIAN_POINT('',(1.00000000001,-0.100000000005,-0.770000000005));
#4938=CARTESIAN_POINT('',(1.,0.025,-0.77));
#4939=CARTESIAN_POINT('',(1.00000000000667,0.,-0.770000000006667));
#4940=CARTESIAN_POINT('',(1.021519102527,0.,-0.77));
#4941=CARTESIAN_POINT('',(-0.825,0.1,-0.03735936244767));
#4942=CARTESIAN_POINT('',(-0.825,0.1,-0.42));
#4943=CARTESIAN_POINT('',(1.00000000000667,0.100000000006667,-0.420000000006667));
#4944=CARTESIAN_POINT('',(1.,0.1,-0.6457106781186));
#4945=CARTESIAN_POINT('',(1.00000000000667,0.100000000006667,-0.770000000006667));
#4946=CARTESIAN_POINT('',(1.021519102527,0.1,-0.77));
#4947=CARTESIAN_POINT('',(1.08266499162137,0.100000000006667,-0.770000000008798));
#4948=CARTESIAN_POINT('',(0.95,0.1,-0.7));
#4949=CARTESIAN_POINT('',(-0.5,0.1362465763423,-0.475));
#4950=CARTESIAN_POINT('',(-0.5,0.,-0.475));
#4951=CARTESIAN_POINT('',(-0.5,0.,-0.425));
#4952=CARTESIAN_POINT('',(-0.50000000001,0.13000000001,-0.47500000001));
#4953=CARTESIAN_POINT('',(-0.55000000001,0.13000000001,-0.47500000001));
#4954=CARTESIAN_POINT('',(0.95,-0.05,-0.429934591186));
#4955=CARTESIAN_POINT('',(0.95000000001,-0.05000000001,-0.45000000001));
#4956=CARTESIAN_POINT('',(1.00000000001,0.0914213562339763,-0.450000000006667));
#4957=CARTESIAN_POINT('',(1.1,-0.05,-0.45));
#4958=CARTESIAN_POINT('',(1.10000000001,-0.05000000001,-0.45000000001));
#4959=CARTESIAN_POINT('',(0.95000000001,-0.05000000001,-0.77000000001));
#4960=CARTESIAN_POINT('',(1.00000000001,0.0914213562339763,-0.770000000006667));
#4961=CARTESIAN_POINT('',(1.,0.0914213562373095,-0.429934591186));
#4962=CARTESIAN_POINT('',(-1.1,0.1865,-0.307933104658));
#4963=CARTESIAN_POINT('',(-1.1,0.1865,-0.77));
#4964=CARTESIAN_POINT('',(-1.10000000001,-0.0500000000033367,-0.770000000006667));
#4965=CARTESIAN_POINT('',(-1.10000000000667,-0.350000000012683,-0.77000000001));
#4966=CARTESIAN_POINT('',(-1.1,-0.385,-0.795));
#4967=CARTESIAN_POINT('',(-1.10000000000667,-0.420000000002883,-0.820000000007297));
#4968=CARTESIAN_POINT('',(-1.1,0.1865,-0.82));
#4969=CARTESIAN_POINT('',(-1.1,-0.85,0.));
#4970=CARTESIAN_POINT('',(-1.10000000000667,-0.70000000001,0.));
#4971=CARTESIAN_POINT('',(-1.1,-0.7,-0.307933104658));
#4972=CARTESIAN_POINT('',(-1.10000000000667,-0.70000000001,-0.350000000003333));
#4973=CARTESIAN_POINT('',(-1.1,-0.6,-0.35));
#4974=CARTESIAN_POINT('',(-1.10000000000667,-0.600000000003333,-0.45000000001));
#4975=CARTESIAN_POINT('',(-1.1,0.1865,-0.45));
#4976=CARTESIAN_POINT('',(-1.10000000001,-0.0500000000033433,-0.450000000006667));
#4977=CARTESIAN_POINT('',(-1.1,-0.05,-0.7772679491924));
#4978=CARTESIAN_POINT('',(-0.95,-0.05,-0.7772679491924));
#4979=CARTESIAN_POINT('',(-0.95,-0.05,-0.77));
#4980=CARTESIAN_POINT('',(-1.00000000001,0.0914213562339763,-0.770000000006667));
#4981=CARTESIAN_POINT('',(-1.082664991624,0.0199999999904093,-0.77000000001));
#4982=CARTESIAN_POINT('',(-0.95,-0.05,-0.77));
#4983=CARTESIAN_POINT('',(-0.95,-0.05,-0.45));
#4984=CARTESIAN_POINT('',(-1.09142135624234,4.05318838394977E-12,-0.450000000006667));
#4985=CARTESIAN_POINT('',(-1.09142135623731,0.,-0.7772679491924));
#4986=CARTESIAN_POINT('',(-1.09142135624234,7.09626133173445E-13,-0.420000000006667));
#4987=CARTESIAN_POINT('',(-0.95,-0.05,-0.42));
#4988=CARTESIAN_POINT('',(-1.00000000001,0.0914213562339763,-0.420000000006667));
#4989=CARTESIAN_POINT('',(-1.,0.0914213562373095,-0.7772679491924));
#4990=CARTESIAN_POINT('',(1.05,0.05,-0.42));
#4991=CARTESIAN_POINT('',(-1.041332495807,0.,-0.42));
#4992=CARTESIAN_POINT('',(-1.10000000000667,0.,-0.420000000006667));
#4993=CARTESIAN_POINT('',(-1.1,0.1865,-0.42));
#4994=CARTESIAN_POINT('',(-1.10000000000667,0.100000000006667,-0.420000000006667));
#4995=CARTESIAN_POINT('',(-0.825,0.1,-0.42));
#4996=CARTESIAN_POINT('',(-1.00000000000667,0.100000000006667,-0.420000000006667));
#4997=CARTESIAN_POINT('',(-1.,-0.4542893218813,-0.42));
#4998=CARTESIAN_POINT('',(0.,0.3865,-0.9));
#4999=CARTESIAN_POINT('',(-1.00000000001,0.40000000001,-0.90000000001));
#5000=CARTESIAN_POINT('',(-1.,0.4,-0.9));
#5001=CARTESIAN_POINT('',(-1.00000000001,0.37300000001,-0.90000000001));
#5002=CARTESIAN_POINT('',(-1.,0.373,-0.9));
#5003=CARTESIAN_POINT('',(-1.00000000001,0.40000000001,-0.90000000001));
#5004=CARTESIAN_POINT('',(-1.,0.4035153096251,0.75));
#5005=CARTESIAN_POINT('',(-1.00000000001,0.40000000001,0.90000000001));
#5006=CARTESIAN_POINT('',(-1.,0.4,0.9));
#5007=CARTESIAN_POINT('',(-1.,0.373,0.9));
#5008=CARTESIAN_POINT('',(-1.00000000001,0.40000000001,0.75000000001));
#5009=CARTESIAN_POINT('',(-1.15,0.4,0.75));
#5010=CARTESIAN_POINT('',(-1.15000000001,0.40000000001,0.75000000001));
#5011=CARTESIAN_POINT('',(-1.15,0.373,0.75));
#5012=CARTESIAN_POINT('',(-1.00000000001,0.37300000001,0.75000000001));
#5013=CARTESIAN_POINT('',(1.021519102527,0.025,-0.77));
#5014=CARTESIAN_POINT('',(-1.,-0.4542893218813,-0.77));
#5015=CARTESIAN_POINT('',(-1.00000000000667,0.100000000006667,-0.770000000006667));
#5016=CARTESIAN_POINT('',(-0.825,0.1,-0.77));
#5017=CARTESIAN_POINT('',(-1.08266499162137,0.100000000006667,-0.770000000008798));
#5018=CARTESIAN_POINT('',(-1.08266499161422,0.39046,-0.77));
#5019=CARTESIAN_POINT('',(1.05,-1.,-0.41));
#5020=CARTESIAN_POINT('',(-1.105813811142,-1.,0.));
#5021=CARTESIAN_POINT('',(1.00000000000667,-1.00000000001,6.12323399573677E-18));
#5022=CARTESIAN_POINT('',(1.10000000000667,-1.00000000001,0.));
#5023=CARTESIAN_POINT('',(1.,-1.,-0.6457106781186));
#5024=CARTESIAN_POINT('',(1.00000000000667,-1.00000000000667,-0.820000000006667));
#5025=CARTESIAN_POINT('',(1.05,-1.,-0.82));
#5026=CARTESIAN_POINT('',(1.10000000000667,-1.00000000000667,-0.820000000006667));
#5027=CARTESIAN_POINT('',(1.10000000001,-1.00000000001,0.));
#5028=CARTESIAN_POINT('',(-0.5636664493295,0.13,-0.525));
#5029=CARTESIAN_POINT('',(-0.55,0.13,0.5));
#5030=CARTESIAN_POINT('',(-0.55,0.13,0.55));
#5031=CARTESIAN_POINT('',(-1.,-0.4542893218813,-0.335000176497));
#5032=CARTESIAN_POINT('',(-1.,0.1,-0.03735936244767));
#5033=CARTESIAN_POINT('',(-1.041332495807,0.,-0.8057106781187));
#5034=CARTESIAN_POINT('',(0.4,0.,0.));
#5035=CARTESIAN_POINT('',(0.4,0.,0.06));
#5036=CARTESIAN_POINT('',(0.,0.,0.2));
#5037=CARTESIAN_POINT('',(0.,0.,0.25));
#5038=CARTESIAN_POINT('',(-0.55,0.,0.5));
#5039=CARTESIAN_POINT('',(-0.55,0.,0.55));
#5040=CARTESIAN_POINT('',(0.,0.,-0.2));
#5041=CARTESIAN_POINT('',(0.,0.,-0.15));
#5042=CARTESIAN_POINT('',(-1.041332495807,0.,-0.45));
#5043=CARTESIAN_POINT('',(-0.650000000006667,3.34357128579443E-12,-0.450000000006667));
#5044=CARTESIAN_POINT('',(-0.65,0.,-0.8057106781187));
#5045=CARTESIAN_POINT('',(-0.65000000001,0.,-0.500000000003333));
#5046=CARTESIAN_POINT('',(-0.55,0.,-0.5));
#5047=CARTESIAN_POINT('',(-0.45,0.,-0.5));
#5048=CARTESIAN_POINT('',(-0.35000000001,0.,-0.500000000003333));
#5049=CARTESIAN_POINT('',(-0.35,0.,-0.8057106781187));
#5050=CARTESIAN_POINT('',(-0.350000000006667,0.,-0.450000000006667));
#5051=CARTESIAN_POINT('',(0.325,0.,-0.45));
#5052=CARTESIAN_POINT('',(0.950000000003333,-3.33333214546164E-12,-0.450000000006667));
#5053=CARTESIAN_POINT('',(0.95,0.,-0.429934591186));
#5054=CARTESIAN_POINT('',(0.95,0.,-0.436602540378444));
#5055=CARTESIAN_POINT('',(1.,0.,-0.35));
#5056=CARTESIAN_POINT('',(1.0000000000075,0.,-0.4500000000075));
#5057=CARTESIAN_POINT('',(1.,0.,-0.8057106781187));
#5058=CARTESIAN_POINT('',(1.00000000000667,0.,-0.420000000006667));
#5059=CARTESIAN_POINT('',(-1.041332495807,0.,-0.42));
#5060=CARTESIAN_POINT('',(1.,0.,0.08413379068409));
#5061=CARTESIAN_POINT('',(1.07500000001039,0.,0.150277573470256));
#5062=CARTESIAN_POINT('',(1.15,0.,0.2164213562373));
#5063=CARTESIAN_POINT('',(1.05000000001,0.,0.216421356240633));
#5064=CARTESIAN_POINT('',(1.05,0.,-0.8057106781187));
#5065=CARTESIAN_POINT('',(1.05000000000667,0.,0.380000000006667));
#5066=CARTESIAN_POINT('',(-1.041332495807,0.,0.38));
#5067=CARTESIAN_POINT('',(1.10000000000667,0.,0.380000000006667));
#5068=CARTESIAN_POINT('',(1.1,0.,-0.8057106781187));
#5069=CARTESIAN_POINT('',(1.10000000000667,0.,0.675000000006667));
#5070=CARTESIAN_POINT('',(-1.041332495807,0.,0.675));
#5071=CARTESIAN_POINT('',(1.05000000000667,0.,0.675000000006667));
#5072=CARTESIAN_POINT('',(1.05,0.,-0.8057106781187));
#5073=CARTESIAN_POINT('',(1.05000000001,0.,0.700000000003333));
#5074=CARTESIAN_POINT('',(0.9,0.,0.7));
#5075=CARTESIAN_POINT('',(-0.9,0.,0.7));
#5076=CARTESIAN_POINT('',(-1.05000000001,0.,0.700000000003333));
#5077=CARTESIAN_POINT('',(-1.05,0.,-0.8057106781187));
#5078=CARTESIAN_POINT('',(-1.05000000000667,0.,0.675000000006667));
#5079=CARTESIAN_POINT('',(0.875,0.,0.675));
#5080=CARTESIAN_POINT('',(-1.05,0.,-0.8057106781187));
#5081=CARTESIAN_POINT('',(-1.05000000001,0.,0.216421356240633));
#5082=CARTESIAN_POINT('',(-1.15,0.,0.2164213562373));
#5083=CARTESIAN_POINT('',(-1.07500000001039,0.,0.150277573470256));
#5084=CARTESIAN_POINT('',(-1.,0.,0.08413379068409));
#5085=CARTESIAN_POINT('',(-1.10000000001,0.,0.0841337906874233));
#5086=CARTESIAN_POINT('',(-1.1,0.,-0.8057106781187));
#5087=CARTESIAN_POINT('',(0.,-0.4765625,0.));
#5088=CARTESIAN_POINT('',(0.,0.4313341493368,0.));
#5089=CARTESIAN_POINT('',(-0.5785417,0.4313341493368,0.));
#5090=CARTESIAN_POINT('',(0.,0.5281213149876,0.));
#5091=CARTESIAN_POINT('',(0.3867780349608,0.5281213149775,0.));
#5092=CARTESIAN_POINT('',(-0.3867780349608,0.5281213149775,0.));
#5093=CARTESIAN_POINT('',(0.,0.5281213149875,0.));
#5094=CARTESIAN_POINT('',(-0.9,0.38046,0.7));
#5095=CARTESIAN_POINT('',(-1.05000000001,0.,0.70000000001));
#5096=CARTESIAN_POINT('',(-1.05,0.373,0.7));
#5097=CARTESIAN_POINT('',(-0.90000000001,0.37300000001,0.70000000001));
#5098=CARTESIAN_POINT('',(-1.105813811142,-0.85,0.));
#5099=CARTESIAN_POINT('',(-1.105813811142,-0.7,0.));
#5100=CARTESIAN_POINT('',(1.00000000000667,-0.70000000001,0.));
#5101=CARTESIAN_POINT('',(1.10000000000667,-0.70000000001,6.12323399573677E-18));
#5102=CARTESIAN_POINT('',(1.,-0.85,0.));
#5103=CARTESIAN_POINT('',(1.1,-0.85,0.));
#5104=CARTESIAN_POINT('',(-0.885,-0.5,-0.65));
#5105=CARTESIAN_POINT('',(0.325,-0.5,-0.45));
#5106=CARTESIAN_POINT('',(0.800000000006667,-0.500000000006667,-0.450000000006667));
#5107=CARTESIAN_POINT('',(0.970000000003831,-0.500000000006704,-0.450000000006667));
#5108=CARTESIAN_POINT('',(0.8,-0.5,-0.65));
#5109=CARTESIAN_POINT('',(0.800000000006667,-0.500000000006667,-0.850000000006667));
#5110=CARTESIAN_POINT('',(-0.885,-0.5,-0.85));
#5111=CARTESIAN_POINT('',(0.950000000003333,-0.500000000006667,-0.85000000001));
#5112=CARTESIAN_POINT('',(0.95,-0.5,-0.7));
#5113=CARTESIAN_POINT('',(0.970000000007166,-0.50000000001,-0.848660687480243));
#5114=CARTESIAN_POINT('',(0.970000000000001,-0.5,-0.6493303437366));
#5115=CARTESIAN_POINT('',(-0.8,-0.775,-0.65));
#5116=CARTESIAN_POINT('',(-0.80000000001,-0.50000000001,-0.85000000001));
#5117=CARTESIAN_POINT('',(-0.8,-0.5,-0.85));
#5118=CARTESIAN_POINT('',(-0.800000000006667,-0.500000000006667,-0.450000000006667));
#5119=CARTESIAN_POINT('',(-0.80000000001,-1.05000000001,-0.85000000001));
#5120=CARTESIAN_POINT('',(-0.8,-1.05,-0.85));
#5121=CARTESIAN_POINT('',(-0.80000000001,-1.05000000001,-0.85000000001));
#5122=CARTESIAN_POINT('',(-0.800000000006667,-1.05000000000667,-0.450000000006667));
#5123=CARTESIAN_POINT('',(-0.8,-0.525,-0.45));
#5124=CARTESIAN_POINT('',(-0.885,-0.5,-0.65));
#5125=CARTESIAN_POINT('',(-0.95000000001,-0.50000000001,-0.70000000001));
#5126=CARTESIAN_POINT('',(-0.95,-0.5,-0.85));
#5127=CARTESIAN_POINT('',(-0.97,-0.5,-0.8486606874732));
#5128=CARTESIAN_POINT('',(-0.95000000001,-0.50000000001,-0.85000000001));
#5129=CARTESIAN_POINT('',(0.325,-0.5,-0.45));
#5130=CARTESIAN_POINT('',(-0.970000000006897,-0.500000000006934,-0.450000000006667));
#5131=CARTESIAN_POINT('',(-0.97000000001,-0.50000000001,-0.8486606874832));
#5132=CARTESIAN_POINT('',(-0.825,0.1,-0.03735936244767));
#5133=CARTESIAN_POINT('',(-0.825,0.1,0.675));
#5134=CARTESIAN_POINT('',(1.05000000000667,0.100000000006667,0.675000000006667));
#5135=CARTESIAN_POINT('',(1.10000000000667,0.100000000006667,0.675000000006667));
#5136=CARTESIAN_POINT('',(1.1,0.1,-0.03735936244767));
#5137=CARTESIAN_POINT('',(1.10000000000667,0.100000000006667,0.380000000006667));
#5138=CARTESIAN_POINT('',(-0.825,0.1,0.38));
#5139=CARTESIAN_POINT('',(1.05000000000667,0.100000000006667,0.380000000006667));
#5140=CARTESIAN_POINT('',(1.05,0.1,-0.03735936244767));
#5141=CARTESIAN_POINT('',(-1.05,-0.7,-0.175));
#5142=CARTESIAN_POINT('',(1.,-0.7,-0.6457106781186));
#5143=CARTESIAN_POINT('',(1.00000000000667,-0.70000000001,-0.350000000003333));
#5144=CARTESIAN_POINT('',(1.1,-0.7,-0.335000176497));
#5145=CARTESIAN_POINT('',(1.10000000000667,-0.70000000001,-0.350000000003333));
#5146=CARTESIAN_POINT('',(-1.105813811142,-0.7,-0.35));
#5147=CARTESIAN_POINT('',(-0.825,0.1,-0.03735936244767));
#5148=CARTESIAN_POINT('',(-0.95,0.1,-0.7));
#5149=CARTESIAN_POINT('',(-1.10000000001,0.100000000006667,-0.700000000003333));
#5150=CARTESIAN_POINT('',(-1.1,0.1,-0.03735936244767));
#5151=CARTESIAN_POINT('',(-1.05,-0.7,-0.175));
#5152=CARTESIAN_POINT('',(-1.00000000001,-0.70000000001,0.));
#5153=CARTESIAN_POINT('',(-1.,-0.7,0.));
#5154=CARTESIAN_POINT('',(-1.00000000001,-0.70000000001,-0.35000000001));
#5155=CARTESIAN_POINT('',(-1.,-0.7,-0.35));
#5156=CARTESIAN_POINT('',(-1.00000000001,-0.70000000001,-0.35000000001));
#5157=CARTESIAN_POINT('',(0.325,-0.525,-0.45));
#5158=CARTESIAN_POINT('',(0.325,-1.05,-0.45));
#5159=CARTESIAN_POINT('',(-0.650000000006667,-1.05000000000667,-0.450000000006667));
#5160=CARTESIAN_POINT('',(-0.65,-0.525,-0.45));
#5161=CARTESIAN_POINT('',(-1.105813811142,-0.6,-0.45));
#5162=CARTESIAN_POINT('',(-1.00000000000667,-0.600000000003333,-0.45000000001));
#5163=CARTESIAN_POINT('',(-1.,-0.4542893218813,-0.45));
#5164=CARTESIAN_POINT('',(-1.00000000001,-0.100000000092197,-0.450000000006667));
#5165=CARTESIAN_POINT('',(-0.985,-0.3,-0.45));
#5166=CARTESIAN_POINT('',(-0.2620700635213,0.5859886413773,-0.01648805084371));
#5167=CARTESIAN_POINT('',(-0.3032067971941,0.5632240628098,-0.01907615475465));
#5168=CARTESIAN_POINT('',(-0.3458431632941,0.5434225500063,-0.02175860754076));
#5169=CARTESIAN_POINT('',(-0.3897669072339,0.5266826798932,-0.02452205527528));
#5170=CARTESIAN_POINT('',(-0.2722167868827,0.5859886413773,0.1447894986417));
#5171=CARTESIAN_POINT('',(-0.314946236072,0.5632240628098,0.1675168829305));
#5172=CARTESIAN_POINT('',(-0.3592333798539,0.5434225500063,0.1910727900363));
#5173=CARTESIAN_POINT('',(-0.4048577456532,0.5266826798932,0.2153399527105));
#5174=CARTESIAN_POINT('',(-0.1615964231119,0.5859886413773,0.2625882213945));
#5175=CARTESIAN_POINT('',(-0.186961964413,0.5632240628098,0.3038062895094));
#5176=CARTESIAN_POINT('',(-0.2132522020833,0.5434225500063,0.3465269550845));
#5177=CARTESIAN_POINT('',(-0.2403362566868,0.5266826798932,0.3905375438681));
#5178=CARTESIAN_POINT('',(1.33104071794E-12,0.5859886413773,0.2625882213937));
#5179=CARTESIAN_POINT('',(1.540009802835E-12,0.5632240628098,0.3038062895085));
#5180=CARTESIAN_POINT('',(1.75649886248E-12,0.5434225500063,0.3465269550834));
#5181=CARTESIAN_POINT('',(1.979595242265E-12,0.5266826798932,0.3905375438669));
#5182=CARTESIAN_POINT('',(0.1615964231145,0.5859886413773,0.2625882213928));
#5183=CARTESIAN_POINT('',(0.186961964416,0.5632240628098,0.3038062895075));
#5184=CARTESIAN_POINT('',(0.2132522020868,0.5434225500063,0.3465269550823));
#5185=CARTESIAN_POINT('',(0.2403362566907,0.5266826798932,0.3905375438657));
#5186=CARTESIAN_POINT('',(0.2722167868842,0.5859886413773,0.1447894986389));
#5187=CARTESIAN_POINT('',(0.3149462360737,0.5632240628098,0.1675168829273));
#5188=CARTESIAN_POINT('',(0.3592333798558,0.5434225500063,0.1910727900326));
#5189=CARTESIAN_POINT('',(0.4048577456554,0.5266826798932,0.2153399527064));
#5190=CARTESIAN_POINT('',(0.2620700635211,0.5859886413773,-0.01648805084636));
#5191=CARTESIAN_POINT('',(0.3032067971939,0.5632240628098,-0.01907615475772));
#5192=CARTESIAN_POINT('',(0.3458431632938,0.5434225500063,-0.02175860754426));
#5193=CARTESIAN_POINT('',(0.3897669072336,0.5266826798932,-0.02452205527923));
#5194=CARTESIAN_POINT('',(0.7460493591727,1.461354466781,0.));
#5195=CARTESIAN_POINT('',(0.2661157997149,0.5840496289204,0.));
#5196=CARTESIAN_POINT('',(0.,0.5840496289305,0.));
#5197=CARTESIAN_POINT('',(-0.2661157997149,0.5840496289205,2.763481407051E-12));
#5198=CARTESIAN_POINT('',(-0.7460493591727,1.461354466781,1.7747360045163E-11));
#5199=CARTESIAN_POINT('',(0.,0.3865,0.9));
#5200=CARTESIAN_POINT('',(1.00000000001,0.40000000001,0.90000000001));
#5201=CARTESIAN_POINT('',(1.,0.4,0.9));
#5202=CARTESIAN_POINT('',(1.00000000001,0.37300000001,0.90000000001));
#5203=CARTESIAN_POINT('',(1.,0.373,0.9));
#5204=CARTESIAN_POINT('',(1.00000000001,0.40000000001,0.90000000001));
#5205=CARTESIAN_POINT('',(0.,0.1062465763423,-0.2));
#5206=CARTESIAN_POINT('',(0.,0.1,-0.2));
#5207=CARTESIAN_POINT('',(0.,0.1,-0.15));
#5208=CARTESIAN_POINT('',(-1.041332495807,0.,-0.8057106781187));
#5209=CARTESIAN_POINT('',(1.,0.,-0.8057106781187));
#5210=CARTESIAN_POINT('',(1.00000000000809,0.,-0.841421356244647));
#5211=CARTESIAN_POINT('',(0.95,0.,-0.7));
#5212=CARTESIAN_POINT('',(0.875,0.125,0.675));
#5213=CARTESIAN_POINT('',(0.875,0.1,0.675));
#5214=CARTESIAN_POINT('',(-1.05000000000667,0.100000000006667,0.675000000006667));
#5215=CARTESIAN_POINT('',(-1.05,0.125,0.675));
#5216=CARTESIAN_POINT('',(1.1,-0.525,-0.335000176497));
#5217=CARTESIAN_POINT('',(1.1,-0.525,0.675));
#5218=CARTESIAN_POINT('',(1.1,-0.525,0.38));
#5219=CARTESIAN_POINT('',(-1.,0.4035153096251,-0.75));
#5220=CARTESIAN_POINT('',(-1.15000000001,0.37300000001,-0.75000000001));
#5221=CARTESIAN_POINT('',(-1.15,0.373,-0.75));
#5222=CARTESIAN_POINT('',(-1.15,0.4,-0.75));
#5223=CARTESIAN_POINT('',(-1.00000000001,0.40000000001,-0.75000000001));
#5224=CARTESIAN_POINT('',(-1.00000000001,0.37300000001,-0.75000000001));
#5225=CARTESIAN_POINT('',(0.,0.373,0.));
#5226=CARTESIAN_POINT('',(1.15000000001,0.37300000001,0.2164213562473));
#5227=CARTESIAN_POINT('',(1.05,0.373,0.2164213562373));
#5228=CARTESIAN_POINT('',(1.075,0.373,0.1502775734607));
#5229=CARTESIAN_POINT('',(1.00000000001,0.37300000001,0.08413379069409));
#5230=CARTESIAN_POINT('',(0.95000000001,0.37300000001,-0.70000000001));
#5231=CARTESIAN_POINT('',(0.95,0.373,-0.85));
#5232=CARTESIAN_POINT('',(0.95000000001,0.37300000001,-0.85000000001));
#5233=CARTESIAN_POINT('',(-0.95,0.373,-0.85));
#5234=CARTESIAN_POINT('',(-0.95000000001,0.37300000001,-0.70000000001));
#5235=CARTESIAN_POINT('',(-1.1,0.373,-0.7));
#5236=CARTESIAN_POINT('',(-1.10000000001,0.37300000001,-0.70000000001));
#5237=CARTESIAN_POINT('',(-1.1,0.373,0.08413379068409));
#5238=CARTESIAN_POINT('',(-1.00000000001,0.37300000001,0.08413379069409));
#5239=CARTESIAN_POINT('',(-1.075,0.373,0.1502775734607));
#5240=CARTESIAN_POINT('',(-1.15000000001,0.37300000001,0.2164213562473));
#5241=CARTESIAN_POINT('',(-1.05,0.373,0.2164213562373));
#5242=CARTESIAN_POINT('',(-1.05000000001,0.37300000001,0.2164213562473));
#5243=CARTESIAN_POINT('',(0.90000000001,0.37300000001,0.70000000001));
#5244=CARTESIAN_POINT('',(1.05,0.373,0.7));
#5245=CARTESIAN_POINT('',(1.05000000001,0.37300000001,0.70000000001));
#5246=CARTESIAN_POINT('',(1.00000000001,0.37300000001,0.75000000001));
#5247=CARTESIAN_POINT('',(-1.15000000001,0.37300000001,0.75000000001));
#5248=CARTESIAN_POINT('',(-0.825,0.1,-0.03735936244767));
#5249=CARTESIAN_POINT('',(0.9,-0.00746,0.7));
#5250=CARTESIAN_POINT('',(1.05000000001,0.37300000001,0.70000000001));
#5251=CARTESIAN_POINT('',(0.,-0.3385,-0.85));
#5252=CARTESIAN_POINT('',(0.95000000001,-0.50000000001,-0.85000000001));
#5253=CARTESIAN_POINT('',(0.80000000001,-0.50000000001,-0.85000000001));
#5254=CARTESIAN_POINT('',(0.8,-1.05,-0.85));
#5255=CARTESIAN_POINT('',(0.80000000001,-1.05000000001,-0.85000000001));
#5256=CARTESIAN_POINT('',(-0.95000000001,0.37300000001,-0.85000000001));
#5257=CARTESIAN_POINT('',(-1.105813811142,-0.6,-0.35));
#5258=CARTESIAN_POINT('',(1.1,-0.6,-0.35));
#5259=CARTESIAN_POINT('',(1.10000000000667,-0.600000000003333,-0.45000000001));
#5260=CARTESIAN_POINT('',(-1.105813811142,-0.6,-0.45));
#5261=CARTESIAN_POINT('',(1.00000000000667,-0.600000000003333,-0.45000000001));
#5262=CARTESIAN_POINT('',(1.,-0.6,-0.35));
#5263=CARTESIAN_POINT('',(0.,0.6,0.));
#5264=CARTESIAN_POINT('',(0.,0.60000000001,0.));
#5265=CARTESIAN_POINT('',(-0.2037244,0.60000000001,0.));
#5266=CARTESIAN_POINT('',(0.4,-0.006246576342285,0.));
#5267=CARTESIAN_POINT('',(0.985,-0.3,-0.6493303437366));
#5268=CARTESIAN_POINT('',(1.00000000001,-0.10000000001,-0.45000000001));
#5269=CARTESIAN_POINT('',(1.00000000001023,-0.100000000003601,-0.450000000006667));
#5270=CARTESIAN_POINT('',(0.95,-0.766666666666713,-0.7));
#5271=CARTESIAN_POINT('',(1.,-0.09999999999999,-0.8414213562373));
#5272=CARTESIAN_POINT('',(1.00000000001,-0.10000000001,-0.77000000001));
#5273=CARTESIAN_POINT('',(1.,-0.0999999999999794,-0.6457106781186));
#5274=CARTESIAN_POINT('',(0.8,-0.775,-0.65));
#5275=CARTESIAN_POINT('',(0.80000000001,-1.05000000001,-0.85000000001));
#5276=CARTESIAN_POINT('',(0.8,-1.05,-0.45));
#5277=CARTESIAN_POINT('',(0.80000000001,-1.05000000001,-0.45000000001));
#5278=CARTESIAN_POINT('',(1.05,0.05,0.38));
#5279=CARTESIAN_POINT('',(1.05000000001,0.,0.38000000001));
#5280=CARTESIAN_POINT('',(-0.45,-1.071,-0.5));
#5281=CARTESIAN_POINT('',(-0.45000000001,-1.05000000001,-0.50000000001));
#5282=CARTESIAN_POINT('',(-0.35,-1.05,-0.5));
#5283=CARTESIAN_POINT('',(-0.35000000001,-1.05000000001,-0.50000000001));
#5284=CARTESIAN_POINT('',(0.,0.1062465763423,0.2));
#5285=CARTESIAN_POINT('',(0.325,-0.525,-0.45));
#5286=CARTESIAN_POINT('',(-0.35000000001,0.,-0.45000000001));
#5287=CARTESIAN_POINT('',(-0.35,-1.05,-0.45));
#5288=CARTESIAN_POINT('',(-0.35000000001,-1.05000000001,-0.45000000001));
#5289=CARTESIAN_POINT('',(1.,-0.525,-0.45));
#5290=CARTESIAN_POINT('',(1.10000000001,-0.60000000001,-0.45000000001));
#5291=CARTESIAN_POINT('',(1.,-0.05,-0.45));
#5292=CARTESIAN_POINT('',(1.00000000001,-0.05000000001,-0.45000000001));
#5293=CARTESIAN_POINT('',(1.000000000005,-0.050000000005,-0.45000000001));
#5294=CARTESIAN_POINT('',(0.95000000001,-0.05000000001,-0.45000000001));
#5295=CARTESIAN_POINT('',(-0.35,-0.525,-0.475));
#5296=CARTESIAN_POINT('',(-0.35000000001,-1.05000000001,-0.45000000001));
#5297=CARTESIAN_POINT('',(1.05,0.1865,0.4582106781186));
#5298=CARTESIAN_POINT('',(1.05000000001,0.,0.67500000001));
#5299=CARTESIAN_POINT('',(1.05000000001,0.,0.2164213562473));
#5300=CARTESIAN_POINT('',(0.875,0.125,0.675));
#5301=CARTESIAN_POINT('',(-1.15,0.3865,0.));
#5302=CARTESIAN_POINT('',(-1.15000000001,0.40000000001,0.75000000001));
#5303=CARTESIAN_POINT('',(0.,0.4,0.));
#5304=CARTESIAN_POINT('',(0.,0.40000000001,0.));
#5305=CARTESIAN_POINT('',(-0.6860211,0.40000000001,0.));
#5306=CARTESIAN_POINT('',(1.00000000001,0.40000000001,0.75000000001));
#5307=CARTESIAN_POINT('',(1.,-0.05581381114244,-0.35));
#5308=CARTESIAN_POINT('',(1.,-0.05,-0.45));
#5309=CARTESIAN_POINT('',(1.,-0.0228282397761708,-0.45));
#5310=CARTESIAN_POINT('',(0.97351868645911,-4.41019761784904E-13,-0.450181060333692));
#5311=CARTESIAN_POINT('',(0.950000000008766,3.68211930944839E-12,-0.436602540383824));
#5312=CARTESIAN_POINT('',(1.,-0.05,-0.6457106781186));
#5313=CARTESIAN_POINT('',(1.,-0.05,-0.77));
#5314=CARTESIAN_POINT('',(1.,-0.05,-0.42));
#5315=CARTESIAN_POINT('',(0.,0.47,0.));
#5316=CARTESIAN_POINT('',(0.,0.5840496289305,0.));
#5317=CARTESIAN_POINT('',(1.,0.4035153096251,0.75));
#5318=CARTESIAN_POINT('',(1.15,0.38046,0.2164213562373));
#5319=CARTESIAN_POINT('',(1.07500000001,0.37300000001,0.1502775734707));
#5320=CARTESIAN_POINT('',(1.021519102527,0.025,-0.77));
#5321=CARTESIAN_POINT('',(-1.,-0.4542893218813,-0.77));
#5322=CARTESIAN_POINT('',(-1.00000000000667,-0.350000000002883,-0.770000000007297));
#5323=CARTESIAN_POINT('',(1.021519102527,-0.350000000000034,-0.77));
#5324=CARTESIAN_POINT('',(-1.08266499161422,0.39046,-0.77));
#5325=CARTESIAN_POINT('',(-1.08266499162137,0.,-0.770000000008798));
#5326=CARTESIAN_POINT('',(1.021519102527,0.,-0.77));
#5327=CARTESIAN_POINT('',(-1.105813811142,-0.6,-0.35));
#5328=CARTESIAN_POINT('',(-1.00000000001,-0.60000000001,-0.35000000001));
#5329=CARTESIAN_POINT('',(-1.,-0.4542893218813,-0.335000176497));
#5330=CARTESIAN_POINT('',(-1.00000000001,-0.85000000001,0.));
#5331=CARTESIAN_POINT('',(-1.00000000001,-1.00000000001,-0.82000000001));
#5332=CARTESIAN_POINT('',(-1.00000000000667,-0.42000000000243,-0.820000000007932));
#5333=CARTESIAN_POINT('',(-1.,-0.385,-0.795));
#5334=CARTESIAN_POINT('',(-1.00000000001,-0.10000000001,-0.45000000001));
#5335=CARTESIAN_POINT('',(-1.,-0.00746,0.08413379068409));
#5336=CARTESIAN_POINT('',(-1.10000000001,0.,0.08413379069409));
#5337=CARTESIAN_POINT('',(-1.07500000001,0.37300000001,0.1502775734707));
#5338=CARTESIAN_POINT('',(1.05,-0.385,-0.795));
#5339=CARTESIAN_POINT('',(1.05,-0.419999999999966,-0.82));
#5340=CARTESIAN_POINT('',(-0.55,0.1362465763423,0.5));
#5341=CARTESIAN_POINT('',(0.2620700635213,0.5859886413773,0.01648805084371));
#5342=CARTESIAN_POINT('',(0.3032067971941,0.5632240628098,0.01907615475465));
#5343=CARTESIAN_POINT('',(0.3458431632941,0.5434225500063,0.02175860754076));
#5344=CARTESIAN_POINT('',(0.3897669072339,0.5266826798932,0.02452205527528));
#5345=CARTESIAN_POINT('',(0.2722167868827,0.5859886413773,-0.1447894986417));
#5346=CARTESIAN_POINT('',(0.314946236072,0.5632240628098,-0.1675168829305));
#5347=CARTESIAN_POINT('',(0.3592333798539,0.5434225500063,-0.1910727900363));
#5348=CARTESIAN_POINT('',(0.4048577456532,0.5266826798932,-0.2153399527105));
#5349=CARTESIAN_POINT('',(0.1615964231119,0.5859886413773,-0.2625882213945));
#5350=CARTESIAN_POINT('',(0.186961964413,0.5632240628098,-0.3038062895094));
#5351=CARTESIAN_POINT('',(0.2132522020833,0.5434225500063,-0.3465269550845));
#5352=CARTESIAN_POINT('',(0.2403362566868,0.5266826798932,-0.3905375438681));
#5353=CARTESIAN_POINT('',(-1.331139493852E-12,0.5859886413773,-0.2625882213937));
#5354=CARTESIAN_POINT('',(-1.540091202304E-12,0.5632240628098,-0.3038062895085));
#5355=CARTESIAN_POINT('',(-1.756656179972E-12,0.5434225500063,-0.3465269550834));
#5356=CARTESIAN_POINT('',(-1.97974336053E-12,0.5266826798932,-0.3905375438669));
#5357=CARTESIAN_POINT('',(-0.1615964231145,0.5859886413773,-0.2625882213928));
#5358=CARTESIAN_POINT('',(-0.186961964416,0.5632240628098,-0.3038062895075));
#5359=CARTESIAN_POINT('',(-0.2132522020868,0.5434225500063,-0.3465269550823));
#5360=CARTESIAN_POINT('',(-0.2403362566907,0.5266826798932,-0.3905375438657));
#5361=CARTESIAN_POINT('',(-0.2722167868842,0.5859886413773,-0.1447894986389));
#5362=CARTESIAN_POINT('',(-0.3149462360737,0.5632240628098,-0.1675168829273));
#5363=CARTESIAN_POINT('',(-0.3592333798558,0.5434225500063,-0.1910727900326));
#5364=CARTESIAN_POINT('',(-0.4048577456554,0.5266826798932,-0.2153399527064));
#5365=CARTESIAN_POINT('',(-0.2620700635211,0.5859886413773,0.01648805084636));
#5366=CARTESIAN_POINT('',(-0.3032067971939,0.5632240628098,0.01907615475772));
#5367=CARTESIAN_POINT('',(-0.3458431632938,0.5434225500063,0.02175860754426));
#5368=CARTESIAN_POINT('',(-0.3897669072336,0.5266826798932,0.02452205527923));
#5369=CARTESIAN_POINT('',(0.,-1.05,-0.65));
#5370=CARTESIAN_POINT('',(-0.55000000001,-1.05000000001,-0.50000000001));
#5371=CARTESIAN_POINT('',(-0.65,-1.05,-0.5));
#5372=CARTESIAN_POINT('',(-0.65000000001,-1.05000000001,-0.50000000001));
#5373=CARTESIAN_POINT('',(1.05,0.05,-0.42));
#5374=CARTESIAN_POINT('',(-0.95,0.39046,-0.7));
#5375=CARTESIAN_POINT('',(-0.95,-0.766666666666713,-0.7));
#5376=CARTESIAN_POINT('',(-0.95000000001,0.,-0.70000000001));
#5377=CARTESIAN_POINT('',(-1.10000000001,0.37300000001,-0.70000000001));
#5378=CARTESIAN_POINT('',(1.,-0.05,-0.6457106781186));
#5379=CARTESIAN_POINT('',(1.,-0.385,-0.795));
#5380=CARTESIAN_POINT('',(1.00000000000667,-0.420000000002883,-0.820000000007297));
#5381=CARTESIAN_POINT('',(1.,-0.05,-0.82));
#5382=CARTESIAN_POINT('',(1.1,-0.525,-0.335000176497));
#5383=CARTESIAN_POINT('',(1.1,-0.525,-0.82));
#5384=CARTESIAN_POINT('',(1.10000000000667,-0.42000000000243,-0.820000000007932));
#5385=CARTESIAN_POINT('',(1.10000000001,-0.35000000001,-0.77000000001));
#5386=CARTESIAN_POINT('',(1.021519102527,0.025,-0.77));
#5387=CARTESIAN_POINT('',(1.082664991624,0.02000000001,-0.77000000001));
#5388=CARTESIAN_POINT('',(-0.55,-1.071,-0.5));
#5389=CARTESIAN_POINT('',(-0.65000000001,0.,-0.50000000001));
#5390=CARTESIAN_POINT('',(-1.105813811142,-0.85,0.));
#5391=CARTESIAN_POINT('',(1.,-0.05,-0.6457106781186));
#5392=CARTESIAN_POINT('',(1.00000000001,-0.10000000000999,-0.8414213562473));
#5393=CARTESIAN_POINT('',(-0.5636664493295,0.13,-0.525));
#5394=CARTESIAN_POINT('',(-0.65,-0.525,-0.475));
#5395=CARTESIAN_POINT('',(1.05,-0.385,-0.795));
#5396=CARTESIAN_POINT('',(-1.05,-0.419999999999966,-0.82));
#5397=CARTESIAN_POINT('',(-1.041332495807,0.,-0.8057106781187));
#5398=CARTESIAN_POINT('',(-0.825,0.1,-0.03735936244767));
#5399=CARTESIAN_POINT('',(-1.05000000001,0.10000000001,0.38000000001));
#5400=CARTESIAN_POINT('',(0.,0.6,0.));
#5401=CARTESIAN_POINT('',(-1.15,-0.00746,0.2164213562373));
#5402=CARTESIAN_POINT('',(-1.05000000001,0.37300000001,0.2164213562473));
#5403=CARTESIAN_POINT('',(-1.1,0.1865,-0.307933104658));
#5404=CARTESIAN_POINT('',(0.95,0.39046,-0.7));
#5405=CARTESIAN_POINT('',(-1.05,-0.71,-0.82));
#5406=CARTESIAN_POINT('',(1.,0.38046,0.08413379068409));
#5407=CARTESIAN_POINT('',(-0.985,-0.3,-0.6493303437366));
#5408=CARTESIAN_POINT('',(-1.05,-0.71,-0.82));
#5409=CARTESIAN_POINT('',(-1.05,0.1865,0.4582106781186));
#5410=CARTESIAN_POINT('',(0.95,-0.05,-0.429934591186));
#5411=CARTESIAN_POINT('',(0.,-0.45725,0.));
#5412=CARTESIAN_POINT('',(0.,0.5664046838586,0.));
#5413=CARTESIAN_POINT('',(-0.1163879,0.5664046838586,0.));
#5414=CARTESIAN_POINT('',(0.,0.56000000001,0.));
#5415=CARTESIAN_POINT('',(-0.1631487,0.56000000001,0.));
#5416=CARTESIAN_POINT('',(0.,0.5695884724643,0.));
#5417=CARTESIAN_POINT('',(0.,0.573,0.));
#5418=CARTESIAN_POINT('',(0.,0.56,0.));
#5419=CARTESIAN_POINT('',(0.4,-0.006246576342285,0.));
#5420=CARTESIAN_POINT('',(0.4,0.193,0.));
#5421=CARTESIAN_POINT('',(0.4,0.193,0.06));
#5422=CARTESIAN_POINT('',(0.40000000001,0.14000000001,0.));
#5423=CARTESIAN_POINT('',(0.46000000001,0.14000000001,0.));
#5424=CARTESIAN_POINT('',(0.,0.1867534236577,0.));
#5425=CARTESIAN_POINT('',(0.,0.193,0.));
#5426=CARTESIAN_POINT('',(0.595734840347622,0.193000000006667,0.260000000006662));
#5427=CARTESIAN_POINT('',(0.32999999999202,0.193000000006667,0.56000000001));
#5428=CARTESIAN_POINT('',(0.33000000001,0.21800000001,0.56000000001));
#5429=CARTESIAN_POINT('',(0.32999999999202,0.218000000006667,0.56000000001));
#5430=CARTESIAN_POINT('',(0.,0.218,0.));
#5431=CARTESIAN_POINT('',(0.595734840347622,0.218000000006667,0.260000000006662));
#5432=CARTESIAN_POINT('',(0.5957348403543,0.21800000001,0.26000000001));
#5433=CARTESIAN_POINT('',(0.,-0.45725,0.));
#5434=CARTESIAN_POINT('',(0.,0.3906952001869,0.));
#5435=CARTESIAN_POINT('',(-0.585153,0.3906952001869,0.));
#5436=CARTESIAN_POINT('',(0.,0.5491858939849,0.));
#5437=CARTESIAN_POINT('',(0.2202314,0.5491858939849,0.));
#5438=CARTESIAN_POINT('',(-3.100297796266E-14,0.3125705053454,-0.54));
#5439=CARTESIAN_POINT('',(-0.4559605246171,0.3126290223278,-0.54000000001));
#5440=CARTESIAN_POINT('',(-0.4559605246071,0.3126290223178,-0.54));
#5441=CARTESIAN_POINT('',(-0.4559605246072,0.2826290223178,-0.54));
#5442=CARTESIAN_POINT('',(0.,-3.15099985504,-0.54000000001));
#5443=CARTESIAN_POINT('',(0.4559605246084,0.3126290223177,-0.5399999999999));
#5444=CARTESIAN_POINT('',(0.4559605246184,0.3126290223277,-0.5400000000099));
#5445=CARTESIAN_POINT('',(0.4559605246071,0.2826290223179,-0.54));
#5446=CARTESIAN_POINT('',(0.,-3.18099985504,-0.54000000001));
#5447=CARTESIAN_POINT('',(-0.01767243153849,0.2,0.));
#5448=CARTESIAN_POINT('',(0.,0.20000000001,0.));
#5449=CARTESIAN_POINT('',(-0.175,0.20000000001,0.));
#5450=CARTESIAN_POINT('',(0.215016558662,0.20000000001,-0.154584851869));
#5451=CARTESIAN_POINT('',(0.215016558652,0.2,-0.154584851859));
#5452=CARTESIAN_POINT('',(0.215016558652,0.2,0.1545848518589));
#5453=CARTESIAN_POINT('',(0.2449489742883,0.20000000001,-0.25000000001));
#5454=CARTESIAN_POINT('',(0.1749635530559,0.2,-0.1785714285714));
#5455=CARTESIAN_POINT('',(0.,0.20000000001,0.));
#5456=CARTESIAN_POINT('',(0.1749635530559,0.2,0.1785714285714));
#5457=CARTESIAN_POINT('',(0.2449489742883,0.20000000001,0.25000000001));
#5458=CARTESIAN_POINT('',(0.65,0.178,0.));
#5459=CARTESIAN_POINT('',(0.65,0.193,-0.1400300452036));
#5460=CARTESIAN_POINT('',(0.650000000006667,0.193000000006667,0.175000000006667));
#5461=CARTESIAN_POINT('',(0.650000000006667,0.193000000006667,-0.175000000006667));
#5462=CARTESIAN_POINT('',(0.65,0.178,0.175));
#5463=CARTESIAN_POINT('',(0.650000000006667,0.163000000006667,0.175000000006667));
#5464=CARTESIAN_POINT('',(0.65,0.163,0.));
#5465=CARTESIAN_POINT('',(0.650000000006667,0.163000000006667,-0.175000000006667));
#5466=CARTESIAN_POINT('',(0.65,0.178,-0.175));
#5467=CARTESIAN_POINT('',(-0.35,-0.525,-0.475));
#5468=CARTESIAN_POINT('',(-0.35,0.2242465763423,0.43));
#5469=CARTESIAN_POINT('',(-0.35000000001,0.193000000006667,0.430000000003333));
#5470=CARTESIAN_POINT('',(-0.35000000001,0.218000000006667,0.430000000003333));
#5471=CARTESIAN_POINT('',(-0.35,0.218,0.445));
#5472=CARTESIAN_POINT('',(-0.350000000006667,0.218000000006667,0.560000000006667));
#5473=CARTESIAN_POINT('',(-0.35,0.283,0.56));
#5474=CARTESIAN_POINT('',(-0.350000000006667,0.193000000006667,0.560000000006667));
#5475=CARTESIAN_POINT('',(-0.35,0.193,-0.1400300452036));
#5476=CARTESIAN_POINT('',(0.,0.3061566610377,0.));
#5477=CARTESIAN_POINT('',(-0.5699506557689,0.3035225432281,0.48750000001));
#5478=CARTESIAN_POINT('',(-0.5699506557589,0.3035225432181,0.4875));
#5479=CARTESIAN_POINT('',(-0.5699506557589,0.273522543218,0.4875));
#5480=CARTESIAN_POINT('',(0.,0.303522543228,0.));
#5481=CARTESIAN_POINT('',(-0.7372858464124,0.303522543218,0.1375121110303));
#5482=CARTESIAN_POINT('',(-0.7372858464224,0.3035225432281,0.1375121110403));
#5483=CARTESIAN_POINT('',(-0.7372858464124,0.273522543218,0.1375121110303));
#5484=CARTESIAN_POINT('',(0.,0.273522543228,0.));
#5485=CARTESIAN_POINT('',(0.,0.3061566610377,0.));
#5486=CARTESIAN_POINT('',(0.5699506557689,0.3035225432281,-0.48750000001));
#5487=CARTESIAN_POINT('',(0.5699506557589,0.3035225432181,-0.4875));
#5488=CARTESIAN_POINT('',(0.5699506557589,0.2735225432181,-0.4875000000001));
#5489=CARTESIAN_POINT('',(0.,0.3035225432284,0.));
#5490=CARTESIAN_POINT('',(0.7372858464124,0.3035225432181,-0.1375121110303));
#5491=CARTESIAN_POINT('',(0.7372858464224,0.3035225432281,-0.1375121110403));
#5492=CARTESIAN_POINT('',(0.7372858464124,0.273522543218,-0.1375121110303));
#5493=CARTESIAN_POINT('',(0.,0.273522543228,0.));
#5494=CARTESIAN_POINT('',(-0.5256155301751,0.218,0.445));
#5495=CARTESIAN_POINT('',(-0.6398957944753,0.218,-0.375));
#5496=CARTESIAN_POINT('',(-0.678232998312165,0.218000000006667,-0.37500000001));
#5497=CARTESIAN_POINT('',(-0.450000000000002,0.218000000006667,-0.37500000001));
#5498=CARTESIAN_POINT('',(0.,0.218,0.));
#5499=CARTESIAN_POINT('',(-0.701231060353632,0.218000000006667,-0.330000000006666));
#5500=CARTESIAN_POINT('',(-0.5256155301751,0.218,-0.33));
#5501=CARTESIAN_POINT('',(-0.450000000003333,0.218000000006667,-0.33000000001));
#5502=CARTESIAN_POINT('',(-0.45,0.218,-0.43));
#5503=CARTESIAN_POINT('',(-0.35000000001,0.218000000006667,-0.430000000003333));
#5504=CARTESIAN_POINT('',(-0.35,0.218,0.445));
#5505=CARTESIAN_POINT('',(-0.350000000006667,0.218000000006667,-0.560000000006667));
#5506=CARTESIAN_POINT('',(-0.5256155301751,0.218,-0.56));
#5507=CARTESIAN_POINT('',(-0.400000000006667,0.218000000006667,-0.560000000006667));
#5508=CARTESIAN_POINT('',(-0.4,0.218,0.445));
#5509=CARTESIAN_POINT('',(-0.400000000008276,0.218000000006667,-0.395000000007356));
#5510=CARTESIAN_POINT('',(-0.797944422564733,0.218,-0.235822230974117));
#5511=CARTESIAN_POINT('',(-0.8107365675679,0.193,-0.1400300452036));
#5512=CARTESIAN_POINT('',(-0.8107365675679,0.193,-0.15));
#5513=CARTESIAN_POINT('',(0.244948974281533,0.193000000006667,-0.15000000001));
#5514=CARTESIAN_POINT('',(0.255402199669368,0.193000000010681,-0.150000000006667));
#5515=CARTESIAN_POINT('',(0.255402199664617,0.193,0.1607682459333));
#5516=CARTESIAN_POINT('',(0.255402199669368,0.193000000010681,0.150000000006667));
#5517=CARTESIAN_POINT('',(0.4159096075595,0.193,0.15));
#5518=CARTESIAN_POINT('',(0.244948974281567,0.193000000006667,0.15000000001));
#5519=CARTESIAN_POINT('',(0.2449489742783,0.193,0.25));
#5520=CARTESIAN_POINT('',(0.174963553035176,0.193000000006667,0.178571428604945));
#5521=CARTESIAN_POINT('',(0.,0.193,0.));
#5522=CARTESIAN_POINT('',(0.174963553059014,0.193000000006667,-0.178571428583548));
#5523=CARTESIAN_POINT('',(0.2449489742783,0.193,-0.25));
#5524=CARTESIAN_POINT('',(-0.725,0.193,-0.1050600904071));
#5525=CARTESIAN_POINT('',(-0.796473135140773,0.19300000001,-0.175000000009964));
#5526=CARTESIAN_POINT('',(-0.777858252752873,0.193000000006667,-0.189948282275371));
#5527=CARTESIAN_POINT('',(-0.8107365675679,0.193,-0.175));
#5528=CARTESIAN_POINT('',(-0.650000000006667,0.193000000006667,-0.175000000006667));
#5529=CARTESIAN_POINT('',(-0.65,0.193,-0.1400300452036));
#5530=CARTESIAN_POINT('',(-0.650000000006667,0.193000000006667,0.175000000006667));
#5531=CARTESIAN_POINT('',(-0.8107365675679,0.193,0.175));
#5532=CARTESIAN_POINT('',(-0.796473135140773,0.19300000001,0.175000000009964));
#5533=CARTESIAN_POINT('',(-0.725,0.193,0.1050600904071));
#5534=CARTESIAN_POINT('',(-0.777858252752972,0.193000000006667,0.189948282275305));
#5535=CARTESIAN_POINT('',(-0.8307165054894,0.193,0.2748364741214));
#5536=CARTESIAN_POINT('',(-0.735777476297932,0.193000000006667,0.243426591369356));
#5537=CARTESIAN_POINT('',(0.,0.193,0.));
#5538=CARTESIAN_POINT('',(-0.701231060353632,0.193000000006667,0.330000000006666));
#5539=CARTESIAN_POINT('',(-0.8107365675679,0.193,0.33));
#5540=CARTESIAN_POINT('',(-0.450000000003333,0.193000000006667,0.33000000001));
#5541=CARTESIAN_POINT('',(-0.45,0.193,0.43));
#5542=CARTESIAN_POINT('',(-0.8107365675679,0.193,0.56));
#5543=CARTESIAN_POINT('',(-0.8107365675679,0.193,0.26));
#5544=CARTESIAN_POINT('',(0.730085611421627,0.193000000006667,0.260000000006664));
#5545=CARTESIAN_POINT('',(0.,0.193,0.));
#5546=CARTESIAN_POINT('',(0.735777476297932,0.193000000006667,0.243426591369356));
#5547=CARTESIAN_POINT('',(0.8307165054894,0.193,0.2748364741214));
#5548=CARTESIAN_POINT('',(0.777858252752972,0.193000000006667,0.189948282275305));
#5549=CARTESIAN_POINT('',(0.725,0.193,0.1050600904071));
#5550=CARTESIAN_POINT('',(0.796473135140848,0.19300000001,0.175000000009939));
#5551=CARTESIAN_POINT('',(-0.8107365675679,0.193,0.175));
#5552=CARTESIAN_POINT('',(-0.8107365675679,0.193,-0.175));
#5553=CARTESIAN_POINT('',(0.796473135140773,0.19300000001,-0.175000000009964));
#5554=CARTESIAN_POINT('',(0.725,0.193,-0.1050600904071));
#5555=CARTESIAN_POINT('',(0.777858252753206,0.193000000006667,-0.189948282275105));
#5556=CARTESIAN_POINT('',(0.8307165054894,0.193,-0.2748364741214));
#5557=CARTESIAN_POINT('',(0.735777476297965,0.193000000006667,-0.243426591369256));
#5558=CARTESIAN_POINT('',(0.,0.193,0.));
#5559=CARTESIAN_POINT('',(0.730085611421627,0.193000000006667,-0.260000000006664));
#5560=CARTESIAN_POINT('',(-0.8107365675679,0.193,-0.26));
#5561=CARTESIAN_POINT('',(0.595734840347622,0.193000000006667,-0.260000000006662));
#5562=CARTESIAN_POINT('',(0.,0.193,0.));
#5563=CARTESIAN_POINT('',(0.32999999999202,0.193000000006667,-0.56000000001));
#5564=CARTESIAN_POINT('',(-0.8107365675679,0.193,-0.56));
#5565=CARTESIAN_POINT('',(-0.350000000006667,0.193000000006667,-0.560000000006667));
#5566=CARTESIAN_POINT('',(-0.35,0.193,-0.1400300452036));
#5567=CARTESIAN_POINT('',(-0.35000000001,0.193000000006667,-0.430000000003333));
#5568=CARTESIAN_POINT('',(-0.45,0.193,-0.43));
#5569=CARTESIAN_POINT('',(-0.450000000003333,0.193000000006667,-0.33000000001));
#5570=CARTESIAN_POINT('',(-0.8107365675679,0.193,-0.33));
#5571=CARTESIAN_POINT('',(-0.701231060353632,0.193000000006667,-0.330000000006666));
#5572=CARTESIAN_POINT('',(0.,0.193,0.));
#5573=CARTESIAN_POINT('',(-0.735777476297965,0.193000000006667,-0.243426591369256));
#5574=CARTESIAN_POINT('',(-0.8307165054894,0.193,-0.2748364741214));
#5575=CARTESIAN_POINT('',(0.6629102258813,0.2055,0.26));
#5576=CARTESIAN_POINT('',(0.6629102258813,0.218,0.26));
#5577=CARTESIAN_POINT('',(0.730085611421627,0.218000000006667,0.260000000006664));
#5578=CARTESIAN_POINT('',(0.730085611418277,0.2653658821802,0.26));
#5579=CARTESIAN_POINT('',(0.8307165054894,0.1867534236577,-0.2748364741214));
#5580=CARTESIAN_POINT('',(0.8307165054994,0.37300000001,-0.2748364741314));
#5581=CARTESIAN_POINT('',(0.735777476298118,0.373000000006667,-0.243426591368796));
#5582=CARTESIAN_POINT('',(0.777858252748,0.373,-0.1899482822622));
#5583=CARTESIAN_POINT('',(0.73577747629061,8.79109068527284E-12,-0.243426591364668));
#5584=CARTESIAN_POINT('',(0.7778582527557,0.37300000001,-0.1899482822734));
#5585=CARTESIAN_POINT('',(0.725,0.1867534236577,-0.1050600904071));
#5586=CARTESIAN_POINT('',(0.72500000001,0.37300000001,-0.1050600904171));
#5587=CARTESIAN_POINT('',(0.825,0.373,-0.1050600904071));
#5588=CARTESIAN_POINT('',(0.725,0.193,-0.1050600904071));
#5589=CARTESIAN_POINT('',(0.82500000001,0.193000000006667,-0.105060090410433));
#5590=CARTESIAN_POINT('',(0.82500000001,0.37300000001,-0.1050600904171));
#5591=CARTESIAN_POINT('',(0.215016558652,0.08,0.1607682459333));
#5592=CARTESIAN_POINT('',(0.215016558662,0.08000000001,-0.15000000001));
#5593=CARTESIAN_POINT('',(0.2449489742783,0.1962069296332,-0.15));
#5594=CARTESIAN_POINT('',(0.215016558662,0.20000000001,-0.154584851869));
#5595=CARTESIAN_POINT('',(0.2183045770356,0.20000000001,-0.1535533769464));
#5596=CARTESIAN_POINT('',(0.2249323841847,0.1997299006445,-0.1518468359576));
#5597=CARTESIAN_POINT('',(0.2349692013295,0.1984751553946,-0.1503296908189));
#5598=CARTESIAN_POINT('',(0.2416333594677,0.1970609609921,-0.15000000001));
#5599=CARTESIAN_POINT('',(0.2449489742883,0.1962069296432,-0.15000000001));
#5600=CARTESIAN_POINT('',(0.215016558662,0.20000000001,0.154584851869));
#5601=CARTESIAN_POINT('',(0.218276393361,0.20000000001,0.153562218367));
#5602=CARTESIAN_POINT('',(0.2248761901522,0.1997336238085,0.151859092813));
#5603=CARTESIAN_POINT('',(0.2349084975073,0.1984858653178,0.1503344639828));
#5604=CARTESIAN_POINT('',(0.2416117631585,0.1970665237387,0.15000000001));
#5605=CARTESIAN_POINT('',(0.2449489742883,0.1962069296432,0.15000000001));
#5606=CARTESIAN_POINT('',(0.2449489742783,0.1962069296332,0.15));
#5607=CARTESIAN_POINT('',(0.215016558662,0.08000000001,0.15000000001));
#5608=CARTESIAN_POINT('',(-0.7375,0.178,-0.175));
#5609=CARTESIAN_POINT('',(-0.8107365675679,0.193,-0.175));
#5610=CARTESIAN_POINT('',(0.825000000006667,0.193000000006667,-0.175000000006667));
#5611=CARTESIAN_POINT('',(-0.7375,0.163,-0.175));
#5612=CARTESIAN_POINT('',(0.825000000006667,0.163000000006667,-0.175000000006667));
#5613=CARTESIAN_POINT('',(0.825,0.268,-0.175));
#5614=CARTESIAN_POINT('',(0.,0.283,0.56));
#5615=CARTESIAN_POINT('',(-0.4717255558155,0.37300000001,0.56000000001));
#5616=CARTESIAN_POINT('',(-0.4717255558055,0.373,0.56));
#5617=CARTESIAN_POINT('',(-0.31384709653,0.373,0.56));
#5618=CARTESIAN_POINT('',(0.3138412470282,0.3730000000145,0.5600000000196));
#5619=CARTESIAN_POINT('',(0.31384709653,0.373,0.56));
#5620=CARTESIAN_POINT('',(0.3138412470282,0.3730000000145,0.5600000000196));
#5621=CARTESIAN_POINT('',(0.4717255558055,0.373,0.56));
#5622=CARTESIAN_POINT('',(0.4717255558155,0.37300000001,0.56000000001));
#5623=CARTESIAN_POINT('',(0.471725555808833,0.218000000006667,0.56000000001));
#5624=CARTESIAN_POINT('',(0.,0.218,0.56));
#5625=CARTESIAN_POINT('',(-0.40000000001,0.21800000001,0.56000000001));
#5626=CARTESIAN_POINT('',(-0.4,0.218,0.56));
#5627=CARTESIAN_POINT('',(-0.40000000001,0.21800000001,0.56000000001));
#5628=CARTESIAN_POINT('',(-0.4,0.23,0.56));
#5629=CARTESIAN_POINT('',(-0.4717255558155,0.23000000001,0.56000000001));
#5630=CARTESIAN_POINT('',(-0.4717255558055,0.23,0.56));
#5631=CARTESIAN_POINT('',(-0.4717255558155,0.23000000001,0.56000000001));
#5632=CARTESIAN_POINT('',(0.,0.09418618885756,0.));
#5633=CARTESIAN_POINT('',(0.1749635530659,0.20000000001,0.1785714285814));
#5634=CARTESIAN_POINT('',(0.1749635530509,0.19300000001,-0.1785714285935));
#5635=CARTESIAN_POINT('',(0.4159096075595,0.1023306154854,-0.15));
#5636=CARTESIAN_POINT('',(0.2449489742882,0.19300000001,-0.15000000001));
#5637=CARTESIAN_POINT('',(0.,0.21,0.));
#5638=CARTESIAN_POINT('',(0.,0.21000000001,0.));
#5639=CARTESIAN_POINT('',(0.175,0.21000000001,0.));
#5640=CARTESIAN_POINT('',(0.8307165054894,0.3792465763423,0.2748364741214));
#5641=CARTESIAN_POINT('',(0.8307165054994,0.37300000001,0.2748364741314));
#5642=CARTESIAN_POINT('',(0.735777476297932,0.373000000006667,0.243426591369356));
#5643=CARTESIAN_POINT('',(0.7778582527455,0.373,0.1899482822638));
#5644=CARTESIAN_POINT('',(0.777858252755,0.37300000001,0.189948282274));
#5645=CARTESIAN_POINT('',(0.735777476290612,-1.58276169948124E-11,0.243426591364669));
#5646=CARTESIAN_POINT('',(0.4559605246071,0.3152631401375,-0.39));
#5647=CARTESIAN_POINT('',(0.4559605246171,0.2826290223279,-0.54000000001));
#5648=CARTESIAN_POINT('',(0.4667987845094,0.2812022474506,-0.54000000001));
#5649=CARTESIAN_POINT('',(0.4884343203925,0.2786201903505,-0.5376247055315));
#5650=CARTESIAN_POINT('',(0.5190382762082,0.2757388139986,-0.5273775427294));
#5651=CARTESIAN_POINT('',(0.5471946166616,0.2739251720853,-0.5105507546553));
#5652=CARTESIAN_POINT('',(0.562953543899,0.2735225432281,-0.4956805302637));
#5653=CARTESIAN_POINT('',(0.5699506557689,0.2735225432281,-0.4875000000101));
#5654=CARTESIAN_POINT('',(0.4559605246184,0.3126290223277,-0.5400000000099));
#5655=CARTESIAN_POINT('',(0.4668844757874,0.3111909668425,-0.5400000000099));
#5656=CARTESIAN_POINT('',(0.4886478935256,0.3085966801625,-0.5375869755866));
#5657=CARTESIAN_POINT('',(0.5192918311488,0.3057181735186,-0.5272608398954));
#5658=CARTESIAN_POINT('',(0.5473623066177,0.3039189083085,-0.5104121289085));
#5659=CARTESIAN_POINT('',(0.5630095547793,0.3035225432281,-0.4956150462884));
#5660=CARTESIAN_POINT('',(0.5699506557689,0.3035225432281,-0.48750000001));
#5661=CARTESIAN_POINT('',(-0.8107365675679,0.193,-0.1400300452036));
#5662=CARTESIAN_POINT('',(0.825,0.193,0.));
#5663=CARTESIAN_POINT('',(-0.5256155301751,0.218,0.445));
#5664=CARTESIAN_POINT('',(0.4717255558055,0.218,0.41));
#5665=CARTESIAN_POINT('',(0.584939689205688,0.218000000006667,0.508400000006423));
#5666=CARTESIAN_POINT('',(0.,0.218,0.));
#5667=CARTESIAN_POINT('',(-0.7375,0.163,0.));
#5668=CARTESIAN_POINT('',(-0.7375,0.163,0.175));
#5669=CARTESIAN_POINT('',(0.825000000006667,0.163000000006667,0.175000000006667));
#5670=CARTESIAN_POINT('',(0.825,0.163,0.));
#5671=CARTESIAN_POINT('',(0.4717255558055,0.3792465763423,0.41));
#5672=CARTESIAN_POINT('',(0.4717255558155,0.37300000001,0.41000000001));
#5673=CARTESIAN_POINT('',(0.584939689201607,0.373000000006667,0.508400000003946));
#5674=CARTESIAN_POINT('',(0.584939689198819,-1.58276169948124E-11,0.508399999999999));
#5675=CARTESIAN_POINT('',(-0.8107365675679,0.193,-0.1400300452036));
#5676=CARTESIAN_POINT('',(-0.825,0.193,0.));
#5677=CARTESIAN_POINT('',(-0.82500000001,0.193000000006667,0.105060090410433));
#5678=CARTESIAN_POINT('',(-0.825000000006667,0.193000000006667,0.175000000006667));
#5679=CARTESIAN_POINT('',(-0.725,0.193,0.1050600904071));
#5680=CARTESIAN_POINT('',(-0.7375,0.193,0.175));
#5681=CARTESIAN_POINT('',(-0.3,0.145,0.435));
#5682=CARTESIAN_POINT('',(-0.40000000001,0.21800000001,0.39500000001));
#5683=CARTESIAN_POINT('',(-0.4,0.218,0.395));
#5684=CARTESIAN_POINT('',(-0.45,0.218,0.375));
#5685=CARTESIAN_POINT('',(-0.45000000001,0.23000000001,0.37500000001));
#5686=CARTESIAN_POINT('',(-0.45,0.23,0.375));
#5687=CARTESIAN_POINT('',(-0.45000000001,0.23000000001,0.37500000001));
#5688=CARTESIAN_POINT('',(-0.4,0.23,0.395));
#5689=CARTESIAN_POINT('',(-0.40000000001,0.23000000001,0.39500000001));
#5690=CARTESIAN_POINT('',(-0.725,0.3792465763423,-0.1050600904071));
#5691=CARTESIAN_POINT('',(-0.72500000001,0.37300000001,-0.1050600904171));
#5692=CARTESIAN_POINT('',(-0.825,0.373,-0.1050600904071));
#5693=CARTESIAN_POINT('',(-0.7778582527477,0.373,-0.1899482822624));
#5694=CARTESIAN_POINT('',(-0.82500000001,0.19300000001,-0.1050600904171));
#5695=CARTESIAN_POINT('',(-0.825,0.193,-0.1050600904071));
#5696=CARTESIAN_POINT('',(-0.72500000001,0.19300000001,-0.1050600904171));
#5697=CARTESIAN_POINT('',(-0.7778582527547,0.19300000001,-0.1899482822742));
#5698=CARTESIAN_POINT('',(0.4559605246071,0.2708884253982,0.39));
#5699=CARTESIAN_POINT('',(0.5699506557689,0.3035225432281,0.48750000001));
#5700=CARTESIAN_POINT('',(0.5630093071073,0.3035225432281,0.495615335849));
#5701=CARTESIAN_POINT('',(0.547361634693,0.3039189401211,0.5104126877716));
#5702=CARTESIAN_POINT('',(0.5192909401822,0.3057182423314,0.5272611902488));
#5703=CARTESIAN_POINT('',(0.4886481109919,0.3085966692423,0.5375868714725));
#5704=CARTESIAN_POINT('',(0.4668846047342,0.3111909498676,0.54000000001));
#5705=CARTESIAN_POINT('',(0.4559605246171,0.3126290223278,0.54000000001));
#5706=CARTESIAN_POINT('',(0.5699506557589,0.3035225432181,0.4875));
#5707=CARTESIAN_POINT('',(0.4559605246071,0.3126290223178,0.54));
#5708=CARTESIAN_POINT('',(0.4559605246171,0.3126290223278,0.54000000001));
#5709=CARTESIAN_POINT('',(0.4559605246072,0.2826290223181,0.54));
#5710=CARTESIAN_POINT('',(0.5699506557689,0.2735225432281,0.48750000001));
#5711=CARTESIAN_POINT('',(0.5629533566477,0.2735225432281,0.4956807491848));
#5712=CARTESIAN_POINT('',(0.5471941236811,0.2739251962478,0.5105511615585));
#5713=CARTESIAN_POINT('',(0.5190376884157,0.2757388605953,0.527377752079));
#5714=CARTESIAN_POINT('',(0.4884347668618,0.2786201522056,0.5376245638175));
#5715=CARTESIAN_POINT('',(0.4667990050452,0.2812022184187,0.54000000001));
#5716=CARTESIAN_POINT('',(0.4559605246171,0.2826290223278,0.54000000001));
#5717=CARTESIAN_POINT('',(0.5699506557589,0.2735225432181,0.4875));
#5718=CARTESIAN_POINT('',(0.5699506557689,0.3035225432281,0.48750000001));
#5719=CARTESIAN_POINT('',(0.,0.38,0.));
#5720=CARTESIAN_POINT('',(0.,0.38000000001,0.));
#5721=CARTESIAN_POINT('',(0.,0.38000000001,-0.1681221));
#5722=CARTESIAN_POINT('',(0.,0.38000000001,0.));
#5723=CARTESIAN_POINT('',(-0.275,0.38000000001,0.));
#5724=CARTESIAN_POINT('',(0.,0.1941861888576,0.));
#5725=CARTESIAN_POINT('',(-0.5521685895406,0.23,0.525));
#5726=CARTESIAN_POINT('',(0.,0.23,0.));
#5727=CARTESIAN_POINT('',(-0.584939689205688,0.230000000006667,-0.508400000006423));
#5728=CARTESIAN_POINT('',(-0.678232998312165,0.230000000006667,-0.37500000001));
#5729=CARTESIAN_POINT('',(-0.6398957944753,0.23,-0.375));
#5730=CARTESIAN_POINT('',(-0.450000000000002,0.230000000006667,-0.37500000001));
#5731=CARTESIAN_POINT('',(-0.3,0.23,-0.435));
#5732=CARTESIAN_POINT('',(-0.400000000008276,0.230000000006667,-0.395000000007356));
#5733=CARTESIAN_POINT('',(-0.4,0.23,0.525));
#5734=CARTESIAN_POINT('',(-0.400000000006667,0.230000000006667,-0.560000000006667));
#5735=CARTESIAN_POINT('',(0.,0.23,-0.56));
#5736=CARTESIAN_POINT('',(-0.471725555808833,0.230000000006667,-0.56000000001));
#5737=CARTESIAN_POINT('',(-0.4717255558055,0.23,-0.41));
#5738=CARTESIAN_POINT('',(-0.4,0.205,0.535));
#5739=CARTESIAN_POINT('',(-0.4,0.205,-0.56));
#5740=CARTESIAN_POINT('',(-0.4,0.205,-0.395000000000002));
#5741=CARTESIAN_POINT('',(0.,0.2653658821802,0.));
#5742=CARTESIAN_POINT('',(-0.768521307457,0.2980000000101,-0.1000000000099));
#5743=CARTESIAN_POINT('',(-0.768521307447,0.2980000000001,-0.0999999999999));
#5744=CARTESIAN_POINT('',(-0.768521307447,0.2680000000001,-0.09999999999989));
#5745=CARTESIAN_POINT('',(0.,0.2680000000104,0.));
#5746=CARTESIAN_POINT('',(-0.768521307447,0.2680000000001,0.09999999999989));
#5747=CARTESIAN_POINT('',(-0.768521307457,0.2680000000101,0.10000000000989));
#5748=CARTESIAN_POINT('',(-0.768521307447,0.2980000000001,0.09999999999989));
#5749=CARTESIAN_POINT('',(0.,0.2980000000104,0.));
#5750=CARTESIAN_POINT('',(0.,0.3061566610377,0.));
#5751=CARTESIAN_POINT('',(-0.5699506557689,0.2735225432281,-0.48750000001));
#5752=CARTESIAN_POINT('',(-0.5699506557589,0.2735225432181,-0.4875));
#5753=CARTESIAN_POINT('',(-0.5699506557589,0.3035225432181,-0.4875));
#5754=CARTESIAN_POINT('',(0.,0.273522543228,0.));
#5755=CARTESIAN_POINT('',(-0.7372858464124,0.2735225432181,-0.1375121110303));
#5756=CARTESIAN_POINT('',(-0.7372858464224,0.3035225432281,-0.1375121110403));
#5757=CARTESIAN_POINT('',(-0.7372858464124,0.3035225432181,-0.1375121110303));
#5758=CARTESIAN_POINT('',(0.,0.303522543228,0.));
#5759=CARTESIAN_POINT('',(-0.7864382361732,0.2653658821802,-0.1466795850989));
#5760=CARTESIAN_POINT('',(-0.768521307457,0.2980000000101,-0.1000000000099));
#5761=CARTESIAN_POINT('',(-0.7644420857857,0.2988635537865,-0.1015657192379));
#5762=CARTESIAN_POINT('',(-0.7567902791341,0.3004285062741,-0.1057579256121));
#5763=CARTESIAN_POINT('',(-0.747622747211,0.3021548736716,-0.1143221707377));
#5764=CARTESIAN_POINT('',(-0.7406504731613,0.3032764622793,-0.1252534730051));
#5765=CARTESIAN_POINT('',(-0.7380598156509,0.3035225432281,-0.1333623924923));
#5766=CARTESIAN_POINT('',(-0.7372858464224,0.3035225432281,-0.1375121110403));
#5767=CARTESIAN_POINT('',(-0.7372858464224,0.2735225432281,-0.1375121110403));
#5768=CARTESIAN_POINT('',(-0.7380604244493,0.2735225432281,-0.1333591283546));
#5769=CARTESIAN_POINT('',(-0.7406551072519,0.2732757348632,-0.1252455787602));
#5770=CARTESIAN_POINT('',(-0.7476194645276,0.2721554890323,-0.1143251530998));
#5771=CARTESIAN_POINT('',(-0.756805798184,0.2704255037749,-0.1057454431549));
#5772=CARTESIAN_POINT('',(-0.7644497450804,0.2688619323466,-0.1015627793866));
#5773=CARTESIAN_POINT('',(-0.768521307457,0.2680000000101,-0.10000000000989));
#5774=CARTESIAN_POINT('',(0.2449489742783,0.2058138111424,0.25));
#5775=CARTESIAN_POINT('',(0.2449489742883,0.1962069296432,0.15000000001));
#5776=CARTESIAN_POINT('',(0.,0.373,0.));
#5777=CARTESIAN_POINT('',(0.,0.3730000000284,0.));
#5778=CARTESIAN_POINT('',(0.31384709653,0.373,-0.56));
#5779=CARTESIAN_POINT('',(0.4717255558155,0.37300000001,-0.56000000001));
#5780=CARTESIAN_POINT('',(0.4717255558055,0.373,-0.56));
#5781=CARTESIAN_POINT('',(0.4717255558155,0.37300000001,-0.41000000001));
#5782=CARTESIAN_POINT('',(0.584939689205688,0.373000000006667,-0.508400000006423));
#5783=CARTESIAN_POINT('',(0.,0.373,0.));
#5784=CARTESIAN_POINT('',(0.82500000001,0.37300000001,0.1050600904171));
#5785=CARTESIAN_POINT('',(0.825,0.373,0.1050600904071));
#5786=CARTESIAN_POINT('',(0.72500000001,0.37300000001,0.1050600904171));
#5787=CARTESIAN_POINT('',(0.,0.373,0.));
#5788=CARTESIAN_POINT('',(0.,0.373,0.));
#5789=CARTESIAN_POINT('',(0.,0.37300000001,0.));
#5790=CARTESIAN_POINT('',(0.,0.473,0.));
#5791=CARTESIAN_POINT('',(0.,0.37300000001,0.));
#5792=CARTESIAN_POINT('',(-0.31384709653,0.373,-0.56));
#5793=CARTESIAN_POINT('',(0.,0.3730000000284,0.));
#5794=CARTESIAN_POINT('',(0.,0.373,0.));
#5795=CARTESIAN_POINT('',(-0.3138412470282,0.3730000000145,-0.5600000000196));
#5796=CARTESIAN_POINT('',(-0.4717255558055,0.3792465763423,-0.41));
#5797=CARTESIAN_POINT('',(-0.4717255558155,0.37300000001,-0.41000000001));
#5798=CARTESIAN_POINT('',(-0.584939689201607,0.373000000006667,-0.508400000003946));
#5799=CARTESIAN_POINT('',(-0.4717255558055,0.373,-0.56));
#5800=CARTESIAN_POINT('',(-0.584939689198819,-1.58276169948124E-11,-0.508399999999999));
#5801=CARTESIAN_POINT('',(-0.4717255558155,0.37300000001,-0.56000000001));
#5802=CARTESIAN_POINT('',(0.,0.2653658821802,0.));
#5803=CARTESIAN_POINT('',(0.,0.373,0.));
#5804=CARTESIAN_POINT('',(-0.735777476298118,0.373000000006667,-0.243426591368796));
#5805=CARTESIAN_POINT('',(-0.735777476290612,-1.58276169948124E-11,-0.243426591364669));
#5806=CARTESIAN_POINT('',(-0.701231060350296,0.2653658821802,-0.33));
#5807=CARTESIAN_POINT('',(-0.678232998312527,0.2653658821802,-0.375));
#5808=CARTESIAN_POINT('',(0.6629102258813,0.2055,-0.26));
#5809=CARTESIAN_POINT('',(0.730085611418277,0.2653658821802,-0.26));
#5810=CARTESIAN_POINT('',(0.730085611421627,0.218000000006667,-0.260000000006664));
#5811=CARTESIAN_POINT('',(0.6629102258813,0.218,-0.26));
#5812=CARTESIAN_POINT('',(0.595734840347622,0.218000000006667,-0.260000000006662));
#5813=CARTESIAN_POINT('',(0.5957348403543,0.21800000001,-0.26000000001));
#5814=CARTESIAN_POINT('',(0.,0.2653658821802,0.));
#5815=CARTESIAN_POINT('',(0.584939689198819,-1.58276169948124E-11,-0.508399999999999));
#5816=CARTESIAN_POINT('',(0.584939689201607,0.218000000006667,-0.508400000003946));
#5817=CARTESIAN_POINT('',(0.,0.218,0.));
#5818=CARTESIAN_POINT('',(0.,0.2653658821802,0.));
#5819=CARTESIAN_POINT('',(-0.4717255558055,0.3792465763423,0.41));
#5820=CARTESIAN_POINT('',(-0.4717255558155,0.37300000001,0.41000000001));
#5821=CARTESIAN_POINT('',(-0.584939689205688,0.373000000006667,0.508400000006423));
#5822=CARTESIAN_POINT('',(-0.4717255558155,0.23000000001,0.41000000001));
#5823=CARTESIAN_POINT('',(-0.584939689201607,0.230000000006667,0.508400000003946));
#5824=CARTESIAN_POINT('',(-0.584939689198819,-1.58276169948124E-11,0.508399999999999));
#5825=CARTESIAN_POINT('',(0.,0.2653658821802,0.));
#5826=CARTESIAN_POINT('',(0.,0.373,0.));
#5827=CARTESIAN_POINT('',(-0.735777476297912,0.373000000006667,0.243426591369416));
#5828=CARTESIAN_POINT('',(0.,0.23,0.));
#5829=CARTESIAN_POINT('',(-0.678232998312165,0.230000000006667,0.37500000001));
#5830=CARTESIAN_POINT('',(-0.678232998312527,0.2653658821802,0.375));
#5831=CARTESIAN_POINT('',(-0.678232998312165,0.218000000006667,0.37500000001));
#5832=CARTESIAN_POINT('',(0.,0.218,0.));
#5833=CARTESIAN_POINT('',(-0.701231060353632,0.218000000006667,0.330000000006666));
#5834=CARTESIAN_POINT('',(-0.701231060350296,0.2653658821802,0.33));
#5835=CARTESIAN_POINT('',(-0.73577747629061,8.79109068527284E-12,0.243426591364668));
#5836=CARTESIAN_POINT('',(0.7864382361732,0.2653658821802,-0.146679585099));
#5837=CARTESIAN_POINT('',(0.7372858464224,0.3035225432281,-0.1375121110403));
#5838=CARTESIAN_POINT('',(0.7380602386812,0.3035225432281,-0.13336012437));
#5839=CARTESIAN_POINT('',(0.7406541623578,0.3032758678384,-0.1252474250896));
#5840=CARTESIAN_POINT('',(0.7476197254373,0.3021554848066,-0.1143242885955));
#5841=CARTESIAN_POINT('',(0.7568089876733,0.3004248557288,-0.1057430996423));
#5842=CARTESIAN_POINT('',(0.7644513765207,0.2988615869776,-0.1015621531942));
#5843=CARTESIAN_POINT('',(0.768521307457,0.2980000000101,-0.10000000000991));
#5844=CARTESIAN_POINT('',(0.768521307447,0.2980000000001,-0.09999999999991));
#5845=CARTESIAN_POINT('',(0.768521307457,0.2980000000101,-0.10000000000991));
#5846=CARTESIAN_POINT('',(0.768521307447,0.2680000000001,-0.09999999999992));
#5847=CARTESIAN_POINT('',(0.7372858464224,0.2735225432281,-0.1375121110403));
#5848=CARTESIAN_POINT('',(0.7380630703123,0.2735225432281,-0.1333449422782));
#5849=CARTESIAN_POINT('',(0.7406678143946,0.2732742249769,-0.1252112938989));
#5850=CARTESIAN_POINT('',(0.747660007868,0.2721483340192,-0.1142768058619));
#5851=CARTESIAN_POINT('',(0.7568345748799,0.2704197472889,-0.1057284110757));
#5852=CARTESIAN_POINT('',(0.7644618576159,0.2688593681746,-0.1015581302571));
#5853=CARTESIAN_POINT('',(0.768521307457,0.2680000000101,-0.10000000000992));
#5854=CARTESIAN_POINT('',(0.725,0.3792465763423,0.1050600904071));
#5855=CARTESIAN_POINT('',(0.82500000001,0.37300000001,0.1050600904171));
#5856=CARTESIAN_POINT('',(0.82500000001,0.193000000006667,0.105060090410433));
#5857=CARTESIAN_POINT('',(0.725,0.193,0.1050600904071));
#5858=CARTESIAN_POINT('',(-0.4,0.205,0.535));
#5859=CARTESIAN_POINT('',(-0.40000000001,0.21800000001,0.56000000001));
#5860=CARTESIAN_POINT('',(-0.40000000001,0.23000000001,0.56000000001));
#5861=CARTESIAN_POINT('',(-0.35,-0.525,-0.475));
#5862=CARTESIAN_POINT('',(-0.35,0.2242465763423,-0.43));
#5863=CARTESIAN_POINT('',(-0.35,0.283,-0.56));
#5864=CARTESIAN_POINT('',(0.,0.3784,0.));
#5865=CARTESIAN_POINT('',(0.,0.46000000001,0.));
#5866=CARTESIAN_POINT('',(-0.275,0.46000000001,0.));
#5867=CARTESIAN_POINT('',(-0.45,0.2242465763423,0.43));
#5868=CARTESIAN_POINT('',(-0.45000000001,0.19300000001,0.33000000001));
#5869=CARTESIAN_POINT('',(-0.45,0.218,0.33));
#5870=CARTESIAN_POINT('',(-0.45000000001,0.21800000001,0.43000000001));
#5871=CARTESIAN_POINT('',(-0.6398957944753,0.1247795013242,-0.375));
#5872=CARTESIAN_POINT('',(-0.45000000001,0.21800000001,-0.37500000001));
#5873=CARTESIAN_POINT('',(0.,0.373,0.));
#5874=CARTESIAN_POINT('',(-0.82500000001,0.37300000001,-0.1050600904171));
#5875=CARTESIAN_POINT('',(-0.825,0.373,0.1050600904071));
#5876=CARTESIAN_POINT('',(-0.8307165054994,0.37300000001,-0.2748364741314));
#5877=CARTESIAN_POINT('',(-0.3138412470282,0.3730000000145,-0.5600000000196));
#5878=CARTESIAN_POINT('',(-0.8307165054994,0.37300000001,0.2748364741314));
#5879=CARTESIAN_POINT('',(-0.7778582527457,0.373,0.1899482822637));
#5880=CARTESIAN_POINT('',(-0.72500000001,0.37300000001,0.1050600904171));
#5881=CARTESIAN_POINT('',(0.,0.1867534236577,0.));
#5882=CARTESIAN_POINT('',(0.,0.218,0.));
#5883=CARTESIAN_POINT('',(0.32999999999202,0.218000000006667,-0.56000000001));
#5884=CARTESIAN_POINT('',(0.33000000001,0.21800000001,-0.56000000001));
#5885=CARTESIAN_POINT('',(0.,-3.15099985503,0.));
#5886=CARTESIAN_POINT('',(0.,-3.15099985504,0.54000000001));
#5887=CARTESIAN_POINT('',(-0.4559605246072,0.3126290223181,0.54));
#5888=CARTESIAN_POINT('',(0.,0.3035225432284,0.));
#5889=CARTESIAN_POINT('',(0.7372858464124,0.3035225432181,0.1375121110303));
#5890=CARTESIAN_POINT('',(0.768521307457,0.2980000000101,0.10000000000987));
#5891=CARTESIAN_POINT('',(0.7644420857857,0.2988635537865,0.1015657192379));
#5892=CARTESIAN_POINT('',(0.7567902791341,0.3004285062741,0.1057579256121));
#5893=CARTESIAN_POINT('',(0.747622747211,0.3021548736716,0.1143221707377));
#5894=CARTESIAN_POINT('',(0.7406504731613,0.3032764622793,0.1252534730051));
#5895=CARTESIAN_POINT('',(0.7380598156509,0.3035225432281,0.1333623924923));
#5896=CARTESIAN_POINT('',(0.7372858464224,0.3035225432281,0.1375121110403));
#5897=CARTESIAN_POINT('',(0.768521307447,0.2980000000001,0.09999999999987));
#5898=CARTESIAN_POINT('',(0.,0.2980000000104,0.));
#5899=CARTESIAN_POINT('',(-0.5699506557689,0.3035225432281,-0.48750000001));
#5900=CARTESIAN_POINT('',(-0.5630093071074,0.3035225432281,-0.495615335849));
#5901=CARTESIAN_POINT('',(-0.547361634693,0.3039189401211,-0.5104126877716));
#5902=CARTESIAN_POINT('',(-0.5192909401822,0.3057182423314,-0.5272611902488));
#5903=CARTESIAN_POINT('',(-0.4886481109919,0.3085966692423,-0.5375868714725));
#5904=CARTESIAN_POINT('',(-0.4668846047342,0.3111909498676,-0.54000000001));
#5905=CARTESIAN_POINT('',(-0.4559605246171,0.3126290223278,-0.54000000001));
#5906=CARTESIAN_POINT('',(-0.768521307457,0.2980000000101,0.10000000000989));
#5907=CARTESIAN_POINT('',(-0.76446340464,0.2988590406762,0.101557536466));
#5908=CARTESIAN_POINT('',(-0.7568362108219,0.300419515711,0.1057251089944));
#5909=CARTESIAN_POINT('',(-0.7476440592698,0.3021511970246,0.1142949468233));
#5910=CARTESIAN_POINT('',(-0.7406660005803,0.3032743078782,0.1252188416262));
#5911=CARTESIAN_POINT('',(-0.7380624674364,0.3035225432281,0.1333481746617));
#5912=CARTESIAN_POINT('',(-0.7372858464224,0.3035225432281,0.1375121110403));
#5913=CARTESIAN_POINT('',(-0.5699506557689,0.3035225432281,0.48750000001));
#5914=CARTESIAN_POINT('',(-0.5629535169138,0.3035225432281,0.4956805618129));
#5915=CARTESIAN_POINT('',(-0.547194535837,0.3039251752369,0.510550821291));
#5916=CARTESIAN_POINT('',(-0.5190381552459,0.3057388237047,0.5273775982209));
#5917=CARTESIAN_POINT('',(-0.4884342183791,0.3086202017648,0.5376247235105));
#5918=CARTESIAN_POINT('',(-0.4667987435947,0.3112022528367,0.54000000001));
#5919=CARTESIAN_POINT('',(-0.4559605246171,0.3126290223279,0.54000000001));
#5920=CARTESIAN_POINT('',(0.2449489742783,0.06951541816207,-0.25));
#5921=CARTESIAN_POINT('',(-0.8107365675679,0.193,-0.1400300452036));
#5922=CARTESIAN_POINT('',(0.825,0.193,-0.1400300452036));
#5923=CARTESIAN_POINT('',(0.825000000006667,0.193000000006667,0.175000000006667));
#5924=CARTESIAN_POINT('',(-0.8107365675679,0.193,0.175));
#5925=CARTESIAN_POINT('',(-0.8307165054894,0.1867534236577,0.2748364741214));
#5926=CARTESIAN_POINT('',(-0.777858252755,0.37300000001,0.189948282274));
#5927=CARTESIAN_POINT('',(-0.725,0.1867534236577,0.1050600904071));
#5928=CARTESIAN_POINT('',(-0.82500000001,0.37300000001,0.1050600904171));
#5929=CARTESIAN_POINT('',(-0.7864382361732,0.2653658821802,0.146679585099));
#5930=CARTESIAN_POINT('',(-0.7372858464224,0.2735225432281,0.1375121110403));
#5931=CARTESIAN_POINT('',(-0.7380630703123,0.2735225432281,0.1333449422782));
#5932=CARTESIAN_POINT('',(-0.7406678143946,0.2732742249769,0.1252112938989));
#5933=CARTESIAN_POINT('',(-0.747660007868,0.2721483340192,0.1142768058619));
#5934=CARTESIAN_POINT('',(-0.7568345748799,0.2704197472889,0.1057284110757));
#5935=CARTESIAN_POINT('',(-0.7644618576159,0.2688593681746,0.1015581302571));
#5936=CARTESIAN_POINT('',(-0.768521307457,0.2680000000101,0.10000000000989));
#5937=CARTESIAN_POINT('',(-0.7375,0.178,0.175));
#5938=CARTESIAN_POINT('',(0.825,0.268,0.175));
#5939=CARTESIAN_POINT('',(-0.7375,0.178,-0.175));
#5940=CARTESIAN_POINT('',(-0.82500000001,0.19300000001,-0.17500000001));
#5941=CARTESIAN_POINT('',(-0.825,0.193,-0.175));
#5942=CARTESIAN_POINT('',(-0.82500000001,0.16300000001,-0.17500000001));
#5943=CARTESIAN_POINT('',(-0.825,0.163,-0.175));
#5944=CARTESIAN_POINT('',(-0.82500000001,0.16300000001,-0.17500000001));
#5945=CARTESIAN_POINT('',(-0.650000000006667,0.163000000006667,-0.175000000006667));
#5946=CARTESIAN_POINT('',(-0.65,0.178,-0.175));
#5947=CARTESIAN_POINT('',(-0.825,0.268,0.));
#5948=CARTESIAN_POINT('',(-0.82500000001,0.19300000001,0.17500000001));
#5949=CARTESIAN_POINT('',(-0.825,0.163,0.175));
#5950=CARTESIAN_POINT('',(-0.82500000001,0.16300000001,0.17500000001));
#5951=CARTESIAN_POINT('',(-0.82500000001,0.19300000001,-0.17500000001));
#5952=CARTESIAN_POINT('',(0.4717255558055,0.3792465763423,-0.41));
#5953=CARTESIAN_POINT('',(0.4717255558155,0.21800000001,-0.56000000001));
#5954=CARTESIAN_POINT('',(0.471725555808833,0.218000000006667,-0.56000000001));
#5955=CARTESIAN_POINT('',(0.4717255558055,0.218,-0.41));
#5956=CARTESIAN_POINT('',(-0.3,0.145,-0.435));
#5957=CARTESIAN_POINT('',(0.,0.3061566610377,0.));
#5958=CARTESIAN_POINT('',(0.,0.273522543228,0.));
#5959=CARTESIAN_POINT('',(0.7372858464124,0.273522543218,0.1375121110303));
#5960=CARTESIAN_POINT('',(0.7372858464224,0.3035225432281,0.1375121110403));
#5961=CARTESIAN_POINT('',(-0.65,-0.525,-0.475));
#5962=CARTESIAN_POINT('',(-0.65,0.163,-0.475));
#5963=CARTESIAN_POINT('',(-0.650000000006667,0.163000000006667,0.175000000006667));
#5964=CARTESIAN_POINT('',(-0.65,-0.525,0.175));
#5965=CARTESIAN_POINT('',(3.100297796266E-14,0.3125705053454,0.54));
#5966=CARTESIAN_POINT('',(-0.4559605246171,0.3126290223279,0.54000000001));
#5967=CARTESIAN_POINT('',(-0.4559605246071,0.2826290223179,0.54));
#5968=CARTESIAN_POINT('',(0.,-3.18099985504,0.54000000001));
#5969=CARTESIAN_POINT('',(-0.7375,0.178,0.175));
#5970=CARTESIAN_POINT('',(-0.65000000001,0.16300000001,0.17500000001));
#5971=CARTESIAN_POINT('',(0.,0.283,-0.56));
#5972=CARTESIAN_POINT('',(0.,0.218,-0.56));
#5973=CARTESIAN_POINT('',(0.4159096075595,0.1023306154854,0.15));
#5974=CARTESIAN_POINT('',(-0.4559605246071,0.2708884253982,-0.39));
#5975=CARTESIAN_POINT('',(-0.5699506557689,0.2735225432281,-0.48750000001));
#5976=CARTESIAN_POINT('',(-0.5629533566477,0.2735225432281,-0.4956807491848));
#5977=CARTESIAN_POINT('',(-0.5471941236811,0.2739251962478,-0.5105511615585));
#5978=CARTESIAN_POINT('',(-0.5190376884157,0.2757388605953,-0.527377752079));
#5979=CARTESIAN_POINT('',(-0.4884347668617,0.2786201522056,-0.5376245638175));
#5980=CARTESIAN_POINT('',(-0.4667990050453,0.2812022184187,-0.54000000001));
#5981=CARTESIAN_POINT('',(-0.4559605246172,0.2826290223278,-0.54000000001));
#5982=CARTESIAN_POINT('',(0.,0.2653658821802,0.));
#5983=CARTESIAN_POINT('',(0.768521307457,0.2980000000101,0.10000000000987));
#5984=CARTESIAN_POINT('',(0.768521307447,0.268,0.09999999999982));
#5985=CARTESIAN_POINT('',(0.,0.26800000001,0.));
#5986=CARTESIAN_POINT('',(-0.5521685895406,0.23,0.525));
#5987=CARTESIAN_POINT('',(-0.6782329983225,0.23000000001,0.37500000001));
#5988=CARTESIAN_POINT('',(-0.5256155301751,0.218,0.445));
#5989=CARTESIAN_POINT('',(0.,-3.18099985503,0.));
#5990=CARTESIAN_POINT('',(-0.4559605246171,0.2826290223279,0.54000000001));
#5991=CARTESIAN_POINT('',(-0.4667987845094,0.2812022474506,0.54000000001));
#5992=CARTESIAN_POINT('',(-0.4884343203925,0.2786201903505,0.5376247055315));
#5993=CARTESIAN_POINT('',(-0.5190382762082,0.2757388139986,0.5273775427294));
#5994=CARTESIAN_POINT('',(-0.5471946166616,0.2739251720853,0.5105507546553));
#5995=CARTESIAN_POINT('',(-0.5629535438991,0.2735225432281,0.4956805302636));
#5996=CARTESIAN_POINT('',(-0.5699506557689,0.2735225432281,0.48750000001));
#5997=CARTESIAN_POINT('',(0.768521307457,0.2680000000101,0.10000000000987));
#5998=CARTESIAN_POINT('',(0.7644624873174,0.2688592348695,0.1015578885601));
#5999=CARTESIAN_POINT('',(0.7568346487407,0.2704198402339,0.1057263839962));
#6000=CARTESIAN_POINT('',(0.7476453421818,0.2721509279176,0.1142939622294));
#6001=CARTESIAN_POINT('',(0.7406677011222,0.2732740801061,0.1252151753774));
#6002=CARTESIAN_POINT('',(0.738062795909,0.2735225432281,0.1333464135207));
#6003=CARTESIAN_POINT('',(0.7372858464224,0.2735225432281,0.1375121110403));
#6004=CARTESIAN_POINT('',(0.,0.46,0.));
#6005=CARTESIAN_POINT('',(0.4074542893905,0.14,0.));
#6006=CARTESIAN_POINT('',(-0.8107365675679,0.193,-0.1400300452036));
#6007=CARTESIAN_POINT('',(0.825,0.268,0.));
#6008=CARTESIAN_POINT('',(-0.4559605246071,0.3152631401375,0.39));
#6009=CARTESIAN_POINT('',(-0.7375,0.163,0.));
#6010=CARTESIAN_POINT('',(0.7864382361732,0.2653658821802,0.1466795850989));
#6011=CARTESIAN_POINT('',(-0.45,0.2242465763423,-0.43));
#6012=CARTESIAN_POINT('',(-0.45000000001,0.21800000001,-0.33000000001));
#6013=CARTESIAN_POINT('',(-0.5756155301751,0.2055,-0.33));
#6014=CARTESIAN_POINT('',(-0.5756155301752,0.2055,0.33));
#6015=CARTESIAN_POINT('',(-0.45000000001,0.21800000001,0.33000000001));
#6016=CARTESIAN_POINT('',(-0.6398957944753,0.1247795013242,0.375));
#6017=CARTESIAN_POINT('',(-0.6782329983225,0.21800000001,0.37500000001));
#6018=CARTESIAN_POINT('',(-0.5256155301751,0.218,0.445));
#6019=CARTESIAN_POINT('',(-0.8307165054894,0.3792465763423,-0.2748364741214));
#6020=CARTESIAN_POINT('',(0.,0.,0.));
#6021=(
GEOMETRIC_REPRESENTATION_CONTEXT(3)
GLOBAL_UNCERTAINTY_ASSIGNED_CONTEXT((#6023))
GLOBAL_UNIT_ASSIGNED_CONTEXT((#6027,#6026,#6025))
REPRESENTATION_CONTEXT('NANOT160BP','TOP_LEVEL_ASSEMBLY_PART')
);
#6022=(
GEOMETRIC_REPRESENTATION_CONTEXT(3)
GLOBAL_UNCERTAINTY_ASSIGNED_CONTEXT((#6024))
GLOBAL_UNIT_ASSIGNED_CONTEXT((#6027,#6026,#6025))
REPRESENTATION_CONTEXT('NANOT160BP_PART1','COMPONENT_PART')
);
#6023=UNCERTAINTY_MEASURE_WITH_UNIT(LENGTH_MEASURE(0.005),#6027,
'DISTANCE_ACCURACY_VALUE','Maximum Tolerance applied to model');
#6024=UNCERTAINTY_MEASURE_WITH_UNIT(LENGTH_MEASURE(0.005),#6027,
'DISTANCE_ACCURACY_VALUE','Maximum Tolerance applied to model');
#6025=(
NAMED_UNIT(*)
SI_UNIT($,.STERADIAN.)
SOLID_ANGLE_UNIT()
);
#6026=(
NAMED_UNIT(*)
PLANE_ANGLE_UNIT()
SI_UNIT($,.RADIAN.)
);
#6027=(
LENGTH_UNIT()
NAMED_UNIT(*)
SI_UNIT(.MILLI.,.METRE.)
);
#6028=PRODUCT_DEFINITION_SHAPE('','',#6031);
#6029=PRODUCT_DEFINITION_SHAPE('','',#6032);
#6030=PRODUCT_DEFINITION_SHAPE(' ','NAUO PRDDFN',#19);
#6031=PRODUCT_DEFINITION('','',#6035,#6033);
#6032=PRODUCT_DEFINITION('','',#6036,#6034);
#6033=PRODUCT_DEFINITION_CONTEXT('',#6046,'design');
#6034=PRODUCT_DEFINITION_CONTEXT('',#6046,'design');
#6035=PRODUCT_DEFINITION_FORMATION_WITH_SPECIFIED_SOURCE('','',#6039,
 .NOT_KNOWN.);
#6036=PRODUCT_DEFINITION_FORMATION_WITH_SPECIFIED_SOURCE('','',#6040,
 .NOT_KNOWN.);
#6037=PRODUCT_RELATED_PRODUCT_CATEGORY('','',(#6039));
#6038=PRODUCT_RELATED_PRODUCT_CATEGORY('','',(#6040));
#6039=PRODUCT('NANOT160BP','NANOT160BP','NANOT160BP',(#6043));
#6040=PRODUCT('NANOT160BP_PART1','NANOT160BP_PART1','NANOT160BP_PART1',
(#6044));
#6041=PRODUCT_CATEGORY('','');
#6042=PRODUCT_CATEGORY('','');
#6043=PRODUCT_CONTEXT('',#6046,'mechanical');
#6044=PRODUCT_CONTEXT('',#6046,'mechanical');
#6045=APPLICATION_PROTOCOL_DEFINITION('international standard',
'automotive_design',2010,#6046);
#6046=APPLICATION_CONTEXT(
'core data for automotive mechanical design processes');
ENDSEC;
END-ISO-10303-21;
